Candidate,Prediction ceiling label,Prediction ceiling,Safety offset,MAE,RMSE,R2,NASA Score,Near-failure MAE,Late prediction rate,Mean residual,Maximum overprediction,Operationally admissible
Ridge — Temporal | alpha=1000,No ceiling,,0.0,48.72712811804054,64.44764938772909,0.6630105045934523,1357809674.9781766,14.8734337974898,0.5479934924078091,-0.4591529845138448,198.89491746025487,True
Ridge — Temporal | alpha=1000,No ceiling,,2.0,48.455411296768084,64.46800078540063,0.6627976406598262,1164618220.892762,14.07976223846372,0.5287418655097614,-2.3425070905350545,196.89491746025487,True
Ridge — Temporal | alpha=1000,No ceiling,,4.0,48.257149322888374,64.54604794715767,0.6619806890773818,1015250680.0473473,13.394615718437416,0.5119305856832972,-4.2224288620548105,194.89491746025487,True
Ridge — Temporal | alpha=1000,No ceiling,,6.0,48.11369780356221,64.68060808581947,0.6605698719223279,903227341.030102,12.76198311059012,0.49647505422993493,-6.0971129576322465,192.89491746025487,True
Ridge — Temporal | alpha=1000,No ceiling,,8.0,48.023672042797976,64.87106866639967,0.6585679352199915,823486610.4116861,12.168077918558875,0.4823752711496746,-7.965572981359937,190.89491746025487,True
Ridge — Temporal | alpha=1000,No ceiling,,10.0,47.988309862016806,65.11666911815313,0.655977732551009,772168422.7125297,11.657136495937001,0.46800433839479394,-9.828207673898076,188.89491746025487,True
Ridge — Temporal | alpha=1000,No ceiling,,12.0,48.00335001243022,65.41607524787479,0.6528068339394664,746443671.330231,11.200895298056585,0.4514642082429501,-11.683945121386406,186.89491746025487,True
Ridge — Temporal | alpha=1000,No ceiling,,14.0,48.07471802435221,65.76761313656489,0.6490652613346755,744382409.0201428,10.807656321592367,0.43627982646420826,-13.532016633307045,184.89491746025487,True
Ridge — Temporal | alpha=1000,No ceiling,,16.0,48.1988794898503,66.17051329859758,0.6447523557169395,764855153.5333202,10.492531601900884,0.4197396963123644,-15.37415964361613,182.89491746025487,True
Ridge — Temporal | alpha=1000,No ceiling,,18.0,48.38958197575543,66.62334840531497,0.6398734740033998,807462672.636855,10.290856974575675,0.40536876355748375,-17.211296702861663,180.89491746025487,True
Ridge — Temporal | alpha=1000,No ceiling,,20.0,48.63112973454337,67.12447555743267,0.6344355033586577,872491007.802799,10.185338234383632,0.3896420824295011,-19.042990043347586,178.89491746025487,True
Ridge — Temporal | alpha=1000,No ceiling,,22.0,48.935448090071745,67.67247072539594,0.6284423004401967,960889298.7097166,10.183134502882089,0.37445770065075923,-20.86740283213557,176.89491746025487,False
Ridge — Temporal | alpha=1000,No ceiling,,24.0,49.28953992338334,68.26495438047124,0.6219077214387116,1074268366.0796542,10.223675678197743,0.35683297180043383,-22.68217981673282,174.89491746025487,False
Ridge — Temporal | alpha=1000,No ceiling,,26.0,49.690239145235104,68.90030116728114,0.6148371070223706,1214919486.8869572,10.320950466121072,0.34490238611713664,-24.487084324107176,172.89491746025487,False
Ridge — Temporal | alpha=1000,No ceiling,,28.0,50.13758450458183,69.57767973186357,0.6072265863211417,1385852695.3081615,10.464653621297687,0.3294468546637744,-26.2848286501881,170.89491746025487,False
Ridge — Temporal | alpha=1000,No ceiling,,30.0,50.64840848725396,70.29568745543163,0.5990782987962131,1590855315.9253457,10.687928284196303,0.3099240780911063,-28.07475996060061,168.89491746025487,False
Ridge — Temporal | alpha=1000,No ceiling,,32.0,51.22330805964052,71.05288539735805,0.590394633964866,1834570825.817482,10.99203900607842,0.294468546637744,-29.857417022098545,166.89491746025487,False
Ridge — Temporal | alpha=1000,No ceiling,,34.0,51.85011637920176,71.84738941340903,0.581183112671095,2122600318.7112682,11.31095018949104,0.28009761388286336,-31.6306060598357,164.89491746025487,False
Ridge — Temporal | alpha=1000,No ceiling,,36.0,52.52512671336929,72.67754134436417,0.5714488614125856,2461628176.620607,11.657277248420645,0.26572668112798264,-33.39585441955543,162.89491746025487,False
Ridge — Temporal | alpha=1000,No ceiling,,38.0,53.241816136518494,73.54005875910833,0.5612166448444965,2859574509.8022766,11.999331289059477,0.25379609544468545,-35.150479420978435,160.89491746025487,False
Ridge — Temporal | alpha=1000,No ceiling,,40.0,53.987376081941505,74.4305662734829,0.5505257195113982,3325778461.6840096,12.29943762691976,0.24349240780911063,-36.88964690482532,158.89491746025487,False
Ridge — Temporal | alpha=1000,125,125.0,0.0,65.67989450159394,102.92607754329929,0.14048582322959824,288551658306634.1,14.8734337974898,0.3695770065075922,-44.17899792032211,86.0,False
Ridge — Temporal | alpha=1000,125,125.0,2.0,66.10920759957565,103.78477938433578,0.12608431818212507,336541100166295.94,14.07976223846372,0.352765726681128,-46.06235202634333,84.0,False
Ridge — Temporal | alpha=1000,125,125.0,4.0,66.59890742257618,104.67200672543181,0.11107872548583408,392511735241776.1,13.394615718437416,0.3405639913232104,-47.94227379786309,82.0,False
Ridge — Temporal | alpha=1000,125,125.0,6.0,67.12990761915196,105.58644386675155,0.09547926721693323,457790927270717.5,12.76198311059012,0.32836225596529284,-49.81695789344053,80.0,False
Ridge — Temporal | alpha=1000,125,125.0,8.0,67.70398805832917,106.52723124037006,0.07928868940075007,533926795766459.8,12.168077918558875,0.3153470715835141,-51.68541791716822,78.0,False
Ridge — Temporal | alpha=1000,125,125.0,10.0,68.32972522446066,107.49351339780836,0.06250984561792072,622724930228960.9,11.657136495937001,0.3017895878524946,-53.54805260970635,76.0,False
Ridge — Temporal | alpha=1000,125,125.0,12.0,68.99950913911634,108.48417905916335,0.04515030589253155,726291210349065.9,11.200895298056585,0.2885032537960954,-55.40379005719468,74.0,False
Ridge — Temporal | alpha=1000,125,125.0,14.0,69.7191878655947,109.49800236866925,0.027220092173893762,847081747702647.5,10.807656321592367,0.27304772234273317,-57.25186156911533,72.0,False
Ridge — Temporal | alpha=1000,125,125.0,16.0,70.48963095749296,110.5343828633939,0.008718545442310877,987961133319897.6,10.492531601900884,0.2589479392624729,-59.09400457942441,70.0,False
Ridge — Temporal | alpha=1000,125,125.0,18.0,71.31608425287789,111.59239623411034,-0.010348977385075564,1152270372491658.8,10.290856974575675,0.2448481561822126,-60.931141638669935,68.0,False
Ridge — Temporal | alpha=1000,125,125.0,20.0,72.19149881711917,112.67105636825417,-0.029975589143664383,1343906117911345.0,10.185338234383632,0.2307483731019523,-62.76283497915586,66.0,False
Ridge — Temporal | alpha=1000,125,125.0,22.0,73.1217171840436,113.76956709990917,-0.05015743317597199,1567413080194923.5,10.183134502882089,0.21664859002169198,-64.58724776794385,64.0,False
Ridge — Temporal | alpha=1000,125,125.0,24.0,74.1002626358021,114.88661575802561,-0.070880653291304,1828091807327359.2,10.223675678197743,0.20065075921908893,-66.4020247525411,62.0,False
Ridge — Temporal | alpha=1000,125,125.0,26.0,75.12640589656716,116.02138322072219,-0.09213990882149159,2132124389064237.5,10.320950466121072,0.18682212581344904,-68.20692925991546,60.0,False
Ridge — Temporal | alpha=1000,125,125.0,28.0,76.20213065804194,117.1735582805295,-0.1139390706365675,2486721067413357.0,10.464653621297687,0.1710954446854664,-70.00467358599637,58.0,False
Ridge — Temporal | alpha=1000,125,125.0,30.0,77.34024132791389,118.34252108952988,-0.13627599927534306,2900291230116995.5,10.687928284196303,0.15265726681127983,-71.79460489640888,56.0,False
Ridge — Temporal | alpha=1000,125,125.0,32.0,78.53863703220041,119.52765590451203,-0.1591483052205367,3382642842306031.5,10.99203900607842,0.13774403470715835,-73.57726195790681,54.0,False
Ridge — Temporal | alpha=1000,125,125.0,34.0,79.78309481897752,120.72810256109638,-0.18254846762815458,3945215045920121.5,11.31095018949104,0.12554229934924077,-75.35045099564397,52.0,False
Ridge — Temporal | alpha=1000,125,125.0,36.0,81.06865540190577,121.94314977925394,-0.20647136000051058,4601349443072396.0,11.657277248420645,0.11279826464208242,-77.1156993553637,50.0,False
Ridge — Temporal | alpha=1000,125,125.0,38.0,82.39102417522946,123.17112642279496,-0.2308922176824466,5366606496941089.0,11.999331289059477,0.10168112798264642,-78.87032435678671,48.0,False
Ridge — Temporal | alpha=1000,125,125.0,40.0,83.73336762568634,124.40970507762485,-0.2557717841293916,6259134553749717.0,12.29943762691976,0.09463123644251627,-80.6094918406336,46.0,False
Ridge — Temporal | alpha=1000,150,150.0,0.0,59.36097572070312,92.67126015951506,0.30322535786272653,42173718017789.04,14.8734337974898,0.4452277657266811,-30.110884178381305,104.0,False
Ridge — Temporal | alpha=1000,150,150.0,2.0,59.491971734919375,93.3230571616187,0.2933894549423024,49187689419854.03,14.07976223846372,0.42733188720173537,-31.994238284402513,102.0,False
Ridge — Temporal | alpha=1000,150,150.0,4.0,59.68604207910886,94.0099415120368,0.28294946437306034,57368164579914.85,13.394615718437416,0.4137744034707158,-33.87416005592227,100.0,False
Ridge — Temporal | alpha=1000,150,150.0,6.0,59.93121428431878,94.73048498042564,0.2719156082312085,66909146405374.54,12.76198311059012,0.3977765726681128,-35.7488441514997,98.0,False
Ridge — Temporal | alpha=1000,150,150.0,8.0,60.230536643609256,95.48374833955506,0.2602906325420743,78036902708979.69,12.168077918558875,0.3836767895878525,-37.61730417522739,96.0,False
Ridge — Temporal | alpha=1000,150,150.0,10.0,60.58977995062972,96.26878086310874,0.24807739088629388,91015332231243.3,11.657136495937001,0.36713665943600865,-39.47993886776553,94.0,False
Ridge — Temporal | alpha=1000,150,150.0,12.0,61.00595233711861,97.08433136936824,0.23528345328795353,106152223093896.92,11.200895298056585,0.3497830802603037,-41.33567631525387,92.0,False
Ridge — Temporal | alpha=1000,150,150.0,14.0,61.483782733602325,97.92900672966114,0.22191884169636455,123806552105811.3,10.807656321592367,0.3335140997830803,-43.18374782717451,90.0,False
Ridge — Temporal | alpha=1000,150,150.0,16.0,62.01760262460973,98.80210107256072,0.2079828970918307,144396998027105.9,10.492531601900884,0.3158893709327549,-45.02589083748359,88.0,False
Ridge — Temporal | alpha=1000,150,150.0,18.0,62.619750445897424,99.70253669623496,0.19348097639149298,168411870686403.66,10.290856974575675,0.3009761388286334,-46.863027896729115,86.0,False
Ridge — Temporal | alpha=1000,150,150.0,20.0,63.27473976658404,100.62915787466343,0.1784199667599533,196420691423982.2,10.185338234383632,0.28552060737527113,-48.69472123721505,84.0,False
Ridge — Temporal | alpha=1000,150,150.0,22.0,63.98804698459491,101.58101404572905,0.1628037248546944,229087699495243.44,10.183134502882089,0.27114967462039047,-50.51913402600303,82.0,False
Ridge — Temporal | alpha=1000,150,150.0,24.0,64.74945002585386,102.55656995932695,0.14664610686641144,267187604743378.1,10.223675678197743,0.25488069414316705,-52.33391101060027,80.0,False
Ridge — Temporal | alpha=1000,150,150.0,26.0,65.55926034290057,103.55483798921234,0.12995245346327267,311623960121926.75,10.320950466121072,0.24050976138828634,-54.13881551797463,78.0,False
Ridge — Temporal | alpha=1000,150,150.0,28.0,66.42475003046428,104.57539582366026,0.1127188937752458,363450589777899.5,10.464653621297687,0.22315618221258135,-55.93655984405556,76.0,False
Ridge — Temporal | alpha=1000,150,150.0,30.0,67.35821472876707,105.61747248638665,0.09494756726351927,423896580870578.75,10.687928284196303,0.20309110629067245,-57.72649115446806,74.0,False
Ridge — Temporal | alpha=1000,150,150.0,32.0,68.35559779674914,106.68029934175513,0.07664086344537424,494395431815221.44,10.99203900607842,0.18844902386117138,-59.509148215966,72.0,False
Ridge — Temporal | alpha=1000,150,150.0,34.0,69.39916068749058,107.76283234331721,0.057806303164805284,576619048213562.0,11.31095018949104,0.17543383947939262,-61.282337253703155,70.0,False
Ridge — Temporal | alpha=1000,150,150.0,36.0,70.48658188875493,108.86419342359123,0.038449012919498204,672517392696389.9,11.657277248420645,0.1621475054229935,-63.04758561342289,68.0,False
Ridge — Temporal | alpha=1000,150,150.0,38.0,71.61454631814783,109.98242932839726,0.018593757364611108,784364728988337.5,11.999331289059477,0.14994577006507592,-64.80221061484589,66.0,False
Ridge — Temporal | alpha=1000,150,150.0,40.0,72.76797513630217,111.11485336915848,-0.0017202069552850752,914813556890223.1,12.29943762691976,0.14154013015184383,-66.54137809869277,64.0,False
Ridge — Temporal | alpha=1000,175,175.0,0.0,55.680057632322466,84.57156493637486,0.4197021873911224,6163969332968.971,14.8734337974898,0.4940347071583514,-19.54039273807152,119.31962152497445,False
Ridge — Temporal | alpha=1000,175,175.0,2.0,55.61785958801391,85.03703997943754,0.4132967840450621,7189106567740.116,14.07976223846372,0.476409978308026,-21.423746844092737,117.31962152497445,False
Ridge — Temporal | alpha=1000,175,175.0,4.0,55.62345643238988,85.54351119640256,0.40628729305018385,8384736103631.666,13.394615718437416,0.4609544468546638,-23.303668615612494,115.31962152497445,False
Ridge — Temporal | alpha=1000,175,175.0,6.0,55.681428241362376,86.0895233090408,0.39868393648269584,9779212715309.121,12.76198311059012,0.44577006507592193,-25.17835271118993,113.31962152497445,False
Ridge — Temporal | alpha=1000,175,175.0,8.0,55.78975595684676,86.67413380104513,0.3904894603679254,11405606909135.676,12.168077918558875,0.43221258134490237,-27.04681273491762,111.31962152497445,False
Ridge — Temporal | alpha=1000,175,175.0,10.0,55.954506567953004,87.29636576798603,0.38170671828650893,13302489201772.543,11.657136495937001,0.4170281995661605,-28.909447427455756,109.31962152497445,False
Ridge — Temporal | alpha=1000,175,175.0,12.0,56.17197692881473,87.95489036491838,0.3723432802625324,15514844833583.365,11.200895298056585,0.40103036876355747,-30.765184874944087,107.31962152497445,False
Ridge — Temporal | alpha=1000,175,175.0,14.0,56.44513154961653,88.64820209662625,0.3624091682453072,18095140609564.7,10.807656321592367,0.38503253796095444,-32.61325638686473,105.31962152497445,False
Ridge — Temporal | alpha=1000,175,175.0,16.0,56.77441628976913,89.37553684592635,0.3519037232151374,21104569168367.37,10.492531601900884,0.36686550976138826,-34.45539939717381,103.31962152497445,False
Ridge — Temporal | alpha=1000,175,175.0,18.0,57.176452750779006,90.13570473484896,0.3408323020891637,24614500187520.844,10.290856974575675,0.3511388286334056,-36.292536456419334,101.31962152497445,False
Ridge — Temporal | alpha=1000,175,175.0,20.0,57.63383699088412,90.92741552021863,0.3292017920319875,28708172940880.934,10.185338234383632,0.3348698481561822,-38.12422979690527,99.31962152497445,False
Ridge — Temporal | alpha=1000,175,175.0,22.0,58.154715422439494,91.74959360901781,0.31701604970109265,33482670347959.08,10.183134502882089,0.3188720173535792,-39.94864258569326,97.31962152497445,False
Ridge — Temporal | alpha=1000,175,175.0,24.0,58.7288325001422,92.60050533837492,0.3042889312871735,39051221330068.99,10.223675678197743,0.30151843817787416,-41.7634195702905,95.31962152497445,False
Ridge — Temporal | alpha=1000,175,175.0,26.0,59.3527692510052,93.47901396736518,0.2910257774583985,45545886074906.516,10.320950466121072,0.2871475054229935,-43.568324077664855,93.31962152497445,False
Ridge — Temporal | alpha=1000,175,175.0,28.0,60.03174756502403,94.38460164270876,0.2772227173447356,53120687891257.45,10.464653621297687,0.2703362255965293,-45.366068403745786,91.31962152497445,False
Ridge — Temporal | alpha=1000,175,175.0,30.0,60.776365473514375,95.316358219505,0.262881890407373,61955265927315.875,10.687928284196303,0.25081344902386116,-47.155999714158284,89.31962152497445,False
Ridge — Temporal | alpha=1000,175,175.0,32.0,61.586007805130706,96.27337093766688,0.24800568616359187,72259135377391.9,10.99203900607842,0.23454446854663774,-48.938656775656234,87.31962152497445,False
Ridge — Temporal | alpha=1000,175,175.0,34.0,62.4477989338243,97.2544176526073,0.23260162545738694,84276656210155.67,11.31095018949104,0.21990238611713667,-50.711845813393374,85.31962152497445,False
Ridge — Temporal | alpha=1000,175,175.0,36.0,63.360523575262064,98.25845695054308,0.21667483478644356,98292828253153.23,11.657277248420645,0.2047180043383948,-52.47709417311311,83.31962152497445,False
Ridge — Temporal | alpha=1000,175,175.0,38.0,64.32168558519272,99.2832541154212,0.20025007880592038,114640050065971.34,11.999331289059477,0.19116052060737526,-54.23171917453612,81.31962152497445,False
Ridge — Temporal | alpha=1000,175,175.0,40.0,65.31843878409103,100.32576169787976,0.1833666140603879,133706001891875.02,12.29943762691976,0.1789587852494577,-55.970886658383,79.31962152497445,False
Ridge — Temporal | alpha=1000,200,200.0,0.0,53.38850599663855,78.20148768031731,0.5038280261492363,900911207568.9891,14.8734337974898,0.528470715835141,-12.59036145661836,124.0919467252391,False
Ridge — Temporal | alpha=1000,200,200.0,2.0,53.190818646086086,78.52783661203203,0.4996781545811897,1050740734992.988,14.07976223846372,0.5097613882863341,-14.47371556263957,122.0919467252391,False
Ridge — Temporal | alpha=1000,200,200.0,4.0,53.06586910753932,78.90003255502988,0.4949241953643252,1225489046361.2546,13.394615718437416,0.4926789587852495,-16.353637334159327,120.0919467252391,False
Ridge — Temporal | alpha=1000,200,200.0,6.0,52.99903592690803,79.31663588319788,0.4895763705748508,1429300344469.4568,12.76198311059012,0.476409978308026,-18.22832142973676,118.0919467252391,False
Ridge — Temporal | alpha=1000,200,200.0,8.0,52.98861352856791,79.77673877318861,0.48363742623809414,1667008074264.631,12.168077918558875,0.4614967462039046,-20.09678145346445,116.0919467252391,False
Ridge — Temporal | alpha=1000,200,200.0,10.0,53.037374415833376,80.27937425202249,0.4771102159346914,1944249549164.6812,11.657136495937001,0.44577006507592193,-21.95941614600259,114.0919467252391,False
Ridge — Temporal | alpha=1000,200,200.0,12.0,53.14020081175587,80.82317160305755,0.4700023096887286,2267599641531.484,11.200895298056585,0.42950108459869846,-23.815153593490926,112.0919467252391,False
Ridge — Temporal | alpha=1000,200,200.0,14.0,53.29874127741822,81.40654727177018,0.4623237294495173,2644726707767.439,10.807656321592367,0.4140455531453362,-25.663225105411563,110.0919467252391,False
Ridge — Temporal | alpha=1000,200,200.0,16.0,53.51149638756017,82.02870634795106,0.454073816197361,3084574445900.9214,10.492531601900884,0.39669197396963124,-27.50536811572064,108.0919467252391,False
Ridge — Temporal | alpha=1000,200,200.0,18.0,53.79396173397591,82.68837416192744,0.445257926849401,3597573998298.9644,10.290856974575675,0.38150759219088937,-29.34250517496618,106.0919467252391,False
Ridge — Temporal | alpha=1000,200,200.0,20.0,54.130208083768615,83.38415150108395,0.4358829485702387,4195891329761.5635,10.185338234383632,0.36496746203904556,-31.174198515452108,104.0919467252391,False
Ridge — Temporal | alpha=1000,200,200.0,22.0,54.534851818906525,84.11485974941247,0.42595273801735745,4893715747704.514,10.183134502882089,0.3481561822125813,-32.998611304240086,102.0919467252391,False
Ridge — Temporal | alpha=1000,200,200.0,24.0,54.994458601507894,84.87859074607682,0.41548115138145203,5707596406428.565,10.223675678197743,0.3299891540130152,-34.81338828883733,100.0919467252391,False
Ridge — Temporal | alpha=1000,200,200.0,26.0,55.50415999255706,85.67407720718468,0.4044735293306908,6656834776218.579,10.320950466121072,0.31643167028199565,-36.61829279621169,98.0919467252391,False
Ridge — Temporal | alpha=1000,200,200.0,28.0,56.06626490308359,86.5007188127289,0.3929260009950415,7763942384482.599,10.464653621297687,0.29962039045553146,-38.416037122292614,96.0919467252391,False
Ridge — Temporal | alpha=1000,200,200.0,30.0,56.6980216406364,87.35748020043367,0.38084070583569274,9055174684857.035,10.687928284196303,0.278470715835141,-40.20596843270513,94.0919467252391,False
Ridge — Temporal | alpha=1000,200,200.0,32.0,57.400600457643606,88.24331719351868,0.36822003336992526,10561153714411.719,10.99203900607842,0.2616594360086768,-41.98862549420306,92.0919467252391,False
Ridge — Temporal | alpha=1000,200,200.0,34.0,58.15821945219603,89.15684328999265,0.3550715044417341,12317594306319.453,11.31095018949104,0.24620390455531455,-43.76181453194021,90.0919467252391,False
Ridge — Temporal | alpha=1000,200,200.0,36.0,58.967499076546,90.09686559289646,0.3414002455488042,14366151079939.496,11.657277248420645,0.23156182212581344,-45.52706289165994,88.0919467252391,False
Ridge — Temporal | alpha=1000,200,200.0,38.0,59.82066879842315,91.0608875971688,0.3272310213462949,16755406294847.38,11.999331289059477,0.21908893709327548,-47.28168789308296,86.0919467252391,False
Ridge — Temporal | alpha=1000,200,200.0,40.0,60.706173743113794,92.04552698187378,0.31260308837877615,19542021996848.04,12.29943762691976,0.2077006507592191,-49.02085537692983,84.0919467252391,False
Ridge — Temporal | alpha=1000,225,225.0,0.0,51.95826009067208,73.22446906379353,0.5649745526000435,131683455565.26884,14.8734337974898,0.5412147505422994,-8.04955508034107,124.0919467252391,False
Ridge — Temporal | alpha=1000,225,225.0,2.0,51.71058900815981,73.4493573268039,0.5622983338350904,153581108220.59875,14.07976223846372,0.5233188720173536,-9.932909186362279,122.0919467252391,False
Ridge — Temporal | alpha=1000,225,225.0,4.0,51.532525562079876,73.72407259799334,0.5590180274213195,179121100955.55545,13.394615718437416,0.5067787418655098,-11.812830957882035,120.0919467252391,False
Ridge — Temporal | alpha=1000,225,225.0,6.0,51.4082841877514,74.0472095731642,0.5551438554349386,208909104132.58582,12.76198311059012,0.49186550976138826,-13.687515053459467,118.0919467252391,False
Ridge — Temporal | alpha=1000,225,225.0,8.0,51.336073104310245,74.4179100857097,0.5506785639012752,243651534813.82022,12.168077918558875,0.4780368763557484,-15.555975077187162,116.0919467252391,False
Ridge — Temporal | alpha=1000,225,225.0,10.0,51.31787615869273,74.83523232428948,0.545625006400966,284172309014.5672,11.657136495937001,0.46393709327548804,-17.418609769725293,114.0919467252391,False
Ridge — Temporal | alpha=1000,225,225.0,12.0,51.3479779073633,75.2977815689564,0.5399907529580965,331432380632.2373,11.200895298056585,0.4482104121475054,-19.27434721721363,112.0919467252391,False
Ridge — Temporal | alpha=1000,225,225.0,14.0,51.43017457517071,75.80391516560886,0.5337858255219787,386552530371.39276,10.807656321592367,0.4341106290672451,-21.12241872913427,110.0919467252391,False
Ridge — Temporal | alpha=1000,225,225.0,16.0,51.56314455400646,76.35281956376693,0.5270095650729159,450839945152.3616,10.492531601900884,0.41729934924078094,-22.96456173944335,108.0919467252391,False
Ridge — Temporal | alpha=1000,225,225.0,18.0,51.76250317156052,76.94315035307926,0.5196673285280495,525819218165.7697,10.290856974575675,0.4029284164859002,-24.801698798688882,106.0919467252391,False
Ridge — Temporal | alpha=1000,225,225.0,20.0,52.014337697193454,77.57341465195574,0.5117660030519806,613268504908.6302,10.185338234383632,0.3863882863340564,-26.633392139174813,104.0919467252391,False
Ridge — Temporal | alpha=1000,225,225.0,22.0,52.33329813515132,78.24234367889784,0.5033094453021929,715261692698.0986,10.183134502882089,0.3695770065075922,-28.457804927962794,102.0919467252391,False
Ridge — Temporal | alpha=1000,225,225.0,24.0,52.70772065240544,78.94787302542308,0.4943115114693808,834217583369.098,10.223675678197743,0.35086767895878523,-30.272581912560042,100.0919467252391,False
Ridge — Temporal | alpha=1000,225,225.0,26.0,53.13445024302076,79.68861755605916,0.484777542221713,972957255959.5376,10.320950466121072,0.33703904555314534,-32.077486419934395,98.0919467252391,False
Ridge — Temporal | alpha=1000,225,225.0,28.0,53.61487586267118,80.46390117504184,0.4747036666891573,1134770969424.6934,10.464653621297687,0.3199566160520607,-33.87523074601532,96.0919467252391,False
Ridge — Temporal | alpha=1000,225,225.0,30.0,54.165287697837876,81.27257322524099,0.464092024332902,1323496192434.2468,10.687928284196303,0.2988069414316703,-35.66516205642783,94.0919467252391,False
Ridge — Temporal | alpha=1000,225,225.0,32.0,54.78615398356549,82.11346793001644,0.452945004670228,1543608609989.5298,10.99203900607842,0.28199566160520606,-37.44781911792577,92.0919467252391,False
Ridge — Temporal | alpha=1000,225,225.0,34.0,55.46312407531108,82.98504724412157,0.44127012854513015,1800328265941.5645,11.31095018949104,0.2665401301518438,-39.221008155662915,90.0919467252391,False
Ridge — Temporal | alpha=1000,225,225.0,36.0,56.193991242450416,83.88597811811054,0.4290725224552939,2099743358170.3074,11.657277248420645,0.25054229934924077,-40.98625651538264,88.0919467252391,False
Ridge — Temporal | alpha=1000,225,225.0,38.0,56.97177554105505,84.81352580601029,0.416376951055878,2448954622132.142,11.999331289059477,0.23779826464208242,-42.740881516805665,86.0919467252391,False
Ridge — Temporal | alpha=1000,225,225.0,40.0,57.78202186751524,85.76400597878055,0.4032226708914528,2856243727604.729,12.29943762691976,0.2269522776572668,-44.480049000652535,84.0919467252391,False
Ridge — Temporal | alpha=1000,250,250.0,0.0,50.8193271090478,69.49707731362439,0.6081360776885487,19269102230.613388,14.8734337974898,0.5441973969631236,-5.377853306834263,124.0919467252391,False
Ridge — Temporal | alpha=1000,250,250.0,2.0,50.56152352799996,69.65731957294886,0.6063269209564819,22470805105.128994,14.07976223846372,0.5257592190889371,-7.261207412855475,122.0919467252391,False
Ridge — Temporal | alpha=1000,250,250.0,4.0,50.373995863137104,69.87049557365089,0.6039136765755971,26205526135.053543,13.394615718437416,0.5094902386117137,-9.141129184375227,120.0919467252391,False
Ridge — Temporal | alpha=1000,250,250.0,6.0,50.239585920800316,70.13522445783893,0.6009065666221025,30561814723.727047,12.76198311059012,0.4943058568329718,-11.015813279952665,118.0919467252391,False
Ridge — Temporal | alpha=1000,250,250.0,8.0,50.15796935786275,70.45068486970226,0.5973083371213257,35642964777.212975,12.168077918558875,0.4804772234273319,-12.88427330368036,116.0919467252391,False
Ridge — Temporal | alpha=1000,250,250.0,10.0,50.13019936797094,70.81595051273176,0.5931218416539026,41569463637.45312,11.657136495937001,0.4661062906724512,-14.746907996218491,114.0919467252391,False
Ridge — Temporal | alpha=1000,250,250.0,12.0,50.15251319633173,71.22960025230756,0.5883546502439196,48481848919.39451,11.200895298056585,0.44983731019522777,-16.602645443706827,112.0919467252391,False
Ridge — Temporal | alpha=1000,250,250.0,14.0,50.22918863963936,71.68993506928334,0.583016784840688,56544040943.24116,10.807656321592367,0.43519522776572667,-18.45071695562746,110.0919467252391,False
Ridge — Temporal | alpha=1000,250,250.0,16.0,50.35727792433195,72.1961182062191,0.5771075864245115,65947229834.96274,10.492531601900884,0.41892624728850325,-20.29285996593655,108.0919467252391,False
Ridge — Temporal | alpha=1000,250,250.0,18.0,50.55123420633254,72.74673881262133,0.5706324119125313,76914409300.17088,10.290856974575675,0.40455531453362253,-22.12999702518208,106.0919467252391,False
Ridge — Temporal | alpha=1000,250,250.0,20.0,50.79603576121592,73.34021731141394,0.5635981484693486,89705664746.90501,10.185338234383632,0.3888286334056399,-23.96169036566801,104.0919467252391,False
Ridge — Temporal | alpha=1000,250,250.0,22.0,51.10415021218897,73.97520092432258,0.5560086527524473,104624341210.10071,10.183134502882089,0.37337310195227763,-25.78610315445599,102.0919467252391,False
Ridge — Temporal | alpha=1000,250,250.0,24.0,51.461761449616624,74.64948663970453,0.5478777809525216,122024236993.7488,10.223675678197743,0.35629067245119306,-27.60088013905324,100.0919467252391,False
Ridge — Temporal | alpha=1000,250,250.0,26.0,51.86462986886535,75.36158279411954,0.5392108737377401,142317994047.82733,10.320950466121072,0.34436008676789587,-29.405784646427595,98.0919467252391,False
Ridge — Temporal | alpha=1000,250,250.0,28.0,52.31414442560904,76.11074154448863,0.5300040602380707,165986883725.07538,10.464653621297687,0.3289045553145336,-31.203528972508515,96.0919467252391,False
Ridge — Temporal | alpha=1000,250,250.0,30.0,52.827137605678125,76.89570818779927,0.5202594799147016,193592220421.82516,10.687928284196303,0.3093817787418655,-32.99346028292103,94.0919467252391,False
Ridge — Temporal | alpha=1000,250,250.0,32.0,53.404077644117244,77.715208212105,0.5099795222849138,225788673014.18475,10.99203900607842,0.29419739696312364,-34.77611734441897,92.0919467252391,False
Ridge — Temporal | alpha=1000,250,250.0,34.0,54.031970562376955,78.5675711153912,0.4991717081927026,263339790601.94858,11.31095018949104,0.279826464208243,-36.54930638215611,90.0919467252391,False
Ridge — Temporal | alpha=1000,250,250.0,36.0,54.70806549524297,79.45134160353153,0.4878411641357525,307136110308.4809,11.657277248420645,0.26545553145336226,-38.314554741875845,88.0919467252391,False
Ridge — Temporal | alpha=1000,250,250.0,38.0,55.425839517090665,80.36358447905174,0.47601265476922294,358216276433.0348,11.999331289059477,0.25352494577006507,-40.06917974329885,86.0919467252391,False
Ridge — Temporal | alpha=1000,250,250.0,40.0,56.17242787316445,81.30036571325611,0.46372543663768406,417791672522.0616,12.29943762691976,0.24322125813449025,-41.80834722714573,84.0919467252391,False
Ridge — Temporal | alpha=1000,300,300.0,0.0,49.04682047949197,64.83449603802333,0.6589528078091078,479336759.45432734,14.8734337974898,0.5463665943600867,-1.8070385207934911,138.0,True
Ridge — Temporal | alpha=1000,300,300.0,2.0,48.77980735574894,64.89627903287169,0.6583025071882084,551364318.8607224,14.07976223846372,0.5279284164859002,-3.690392626814702,136.0,True
Ridge — Temporal | alpha=1000,300,300.0,4.0,48.58360290129823,65.01528862342933,0.6570481189184911,636765241.6114208,13.394615718437416,0.5116594360086768,-5.570314398334456,134.0,True
Ridge — Temporal | alpha=1000,300,300.0,6.0,48.44123598067054,65.19024508074453,0.6551998650761638,737510887.5291177,12.76198311059012,0.49620390455531455,-7.444998493911892,132.0,True
Ridge — Temporal | alpha=1000,300,300.0,8.0,48.35202722684361,65.42044086829453,0.6527604916865541,855946327.33766,12.168077918558875,0.4823752711496746,-9.313458517639585,130.0,True
Ridge — Temporal | alpha=1000,300,300.0,10.0,48.31666504606243,65.70502775792303,0.6497328523302986,994844150.2913549,11.657136495937001,0.46800433839479394,-11.176093210177722,128.0,True
Ridge — Temporal | alpha=1000,300,300.0,12.0,48.33170519647584,66.0425962436906,0.6461245170314829,1157468763.226886,11.200895298056585,0.4514642082429501,-13.031830657666054,126.0,True
Ridge — Temporal | alpha=1000,300,300.0,14.0,48.40307320839784,66.431408968932,0.6419455077394187,1347652610.356893,10.807656321592367,0.43627982646420826,-14.879902169586693,124.0,True
Ridge — Temporal | alpha=1000,300,300.0,16.0,48.52723467389593,66.87063280889178,0.6371951654344095,1569886134.087212,10.492531601900884,0.4197396963123644,-16.722045179895776,122.0,True
Ridge — Temporal | alpha=1000,300,300.0,18.0,48.71793715980106,67.3587915341632,0.6318788470335966,1829423410.7051878,10.290856974575675,0.40536876355748375,-18.559182239141307,120.0,False
Ridge — Temporal | alpha=1000,300,300.0,20.0,48.959484918589,67.89420450386298,0.6260034397015815,2132406099.4283,10.185338234383632,0.3896420824295011,-20.390875579627238,118.0,False
Ridge — Temporal | alpha=1000,300,300.0,22.0,49.263803274117365,68.47541619133601,0.6195728000958473,2486008671.9409695,10.183134502882089,0.37445770065075923,-22.215288368415212,116.0,False
Ridge — Temporal | alpha=1000,300,300.0,24.0,49.61789510742898,69.10003521858762,0.6126007844070889,2898607995.301134,10.223675678197743,0.35683297180043383,-24.030065353012468,114.0,False
Ridge — Temporal | alpha=1000,300,300.0,26.0,50.018594329280724,69.76642397120116,0.6050927333034748,3379981695.2638197,10.320950466121072,0.34490238611713664,-25.83496986038682,112.0,False
Ridge — Temporal | alpha=1000,300,300.0,28.0,50.46593968862746,70.47373604260132,0.5970447759149727,3941539660.097315,10.464653621297687,0.3294468546637744,-27.632714186467744,110.0,False
Ridge — Temporal | alpha=1000,300,300.0,30.0,50.97676367129959,71.22056705692052,0.588459051702771,4596594601.827231,10.687928284196303,0.3099240780911063,-29.422645496880257,108.0,False
Ridge — Temporal | alpha=1000,300,300.0,32.0,51.55166324368615,72.00548286424306,0.5793379501841507,5360677314.475427,10.99203900607842,0.294468546637744,-31.205302558378197,106.0,False
Ridge — Temporal | alpha=1000,300,300.0,34.0,52.178471563247385,72.82661564901848,0.5696889922031065,6251904930.01287,11.31095018949104,0.28009761388286336,-32.97849159611534,104.0,False
Ridge — Temporal | alpha=1000,300,300.0,36.0,52.85348189741492,73.68232582766849,0.5595173042573239,7291410449.473311,11.657277248420645,0.26572668112798264,-34.743739955835075,102.0,False
Ridge — Temporal | alpha=1000,300,300.0,38.0,53.57017132056413,74.56937647554233,0.5488476510019616,8503843598.616623,11.999331289059477,0.25379609544468545,-36.49836495725808,100.0,False
Ridge — Temporal | alpha=1000,300,300.0,40.0,54.31573126598713,75.48345781424237,0.5377192889815902,9917955598.831488,12.29943762691976,0.24349240780911063,-38.23753244110497,98.0,False
"Polynomial Ridge — Current Cycle | degree=2, alpha=0.01",No ceiling,,0.0,46.22234602430499,61.17724019110698,0.696343933308726,1411904784.1372554,15.950480549509198,0.6057483731019523,3.9651517290403184,204.07518934675454,True
"Polynomial Ridge — Current Cycle | degree=2, alpha=0.01",No ceiling,,2.0,45.79633924414542,61.07335698567004,0.6973743159431085,1246641300.7209458,15.357172408226218,0.5892082429501084,2.0055107333893094,202.07518934675454,True
"Polynomial Ridge — Current Cycle | degree=2, alpha=0.01",No ceiling,,4.0,45.4240147559843,61.03189902222258,0.6977850346863027,1126414818.8622599,14.896174569209492,0.5745661605206074,0.05483198491584199,200.07518934675454,True
"Polynomial Ridge — Current Cycle | degree=2, alpha=0.01",No ceiling,,6.0,45.09524502296138,61.05210000546274,0.6975849409680241,1045569454.4889649,14.492598419533383,0.5580260303687635,-1.8843795530661527,198.07518934675454,True
"Polynomial Ridge — Current Cycle | degree=2, alpha=0.01",No ceiling,,8.0,44.82628929197485,61.13320536100306,0.696780913824434,999891668.4573166,14.12541578764327,0.5393167028199566,-3.811204373821735,196.07518934675454,True
"Polynomial Ridge — Current Cycle | degree=2, alpha=0.01",No ceiling,,10.0,44.60822985033611,61.27446401004848,0.6953780165316688,986418168.962845,13.775652855855354,0.5260303687635575,-5.724604154004021,194.07518934675454,True
"Polynomial Ridge — Current Cycle | degree=2, alpha=0.01",No ceiling,,12.0,44.443067613144336,61.474735204522915,0.693383492124242,1003290191.5111129,13.454442749707866,0.5067787418655098,-7.62679721990649,192.07518934675454,True
"Polynomial Ridge — Current Cycle | degree=2, alpha=0.01",No ceiling,,14.0,44.35054978446318,61.73345899214593,0.6907971965747703,1049647651.274287,13.161885972158094,0.48590021691973967,-9.519444995797219,190.07518934675454,True
"Polynomial Ridge — Current Cycle | degree=2, alpha=0.01",No ceiling,,16.0,44.33497885886568,62.04952354536369,0.6876229626082623,1125558151.565711,12.916599606013689,0.46637744034707157,-11.403163998626063,188.07518934675454,True
"Polynomial Ridge — Current Cycle | degree=2, alpha=0.01",No ceiling,,18.0,44.38812192014294,62.42156070736411,0.6838658259232411,1231977177.854688,12.747390738477682,0.4463123644251627,-13.279526533285024,186.07518934675454,True
"Polynomial Ridge — Current Cycle | degree=2, alpha=0.01",No ceiling,,20.0,44.51676115897882,62.848221019915485,0.6795294116278416,1370736874.436765,12.6379018189305,0.42462039045553146,-15.146832968043858,184.07518934675454,True
"Polynomial Ridge — Current Cycle | degree=2, alpha=0.01",No ceiling,,22.0,44.72254312975199,63.327737222374004,0.6746205352249137,1544561722.7275138,12.580043618081444,0.3975054229934924,-17.00453744680902,182.07518934675454,True
"Polynomial Ridge — Current Cycle | degree=2, alpha=0.01",No ceiling,,24.0,45.017242158899414,63.858637496995705,0.6691421100033208,1757110434.0551696,12.575931134054828,0.38015184381778744,-18.85350441228408,180.07518934675454,True
"Polynomial Ridge — Current Cycle | degree=2, alpha=0.01",No ceiling,,26.0,45.37259376416911,64.43950883568785,0.6630956312751943,2013044091.5180314,12.617887440041587,0.3614425162689805,-20.693916217553134,178.07518934675454,True
"Polynomial Ridge — Current Cycle | degree=2, alpha=0.01",No ceiling,,28.0,45.80500051975376,65.0697293171769,0.6564735354433859,2318121497.132037,12.696193505646097,0.34191973969631234,-22.528531085661836,176.07518934675454,True
"Polynomial Ridge — Current Cycle | degree=2, alpha=0.01",No ceiling,,30.0,46.296939776208916,65.7473424235786,0.6492815562781306,2679323229.3736496,12.785897834208239,0.3261930585683297,-24.356441669744505,174.07518934675454,True
"Polynomial Ridge — Current Cycle | degree=2, alpha=0.01",No ceiling,,32.0,46.843825432462666,66.46910688741343,0.6415390211359051,3105006990.475958,12.928938298686854,0.30856832971800435,-26.174235715939524,172.07518934675454,True
"Polynomial Ridge — Current Cycle | degree=2, alpha=0.01",No ceiling,,34.0,47.4469272990246,67.2329996352661,0.6332524886676254,3605097459.2935514,13.088776731105694,0.2933839479392625,-27.981010615624964,170.07518934675454,True
"Polynomial Ridge — Current Cycle | degree=2, alpha=0.01",No ceiling,,36.0,48.09623972576262,68.03702998610378,0.6244282706884356,4191314818.3312025,13.220357394028373,0.2787418655097614,-29.77555541172081,168.07518934675454,False
"Polynomial Ridge — Current Cycle | degree=2, alpha=0.01",No ceiling,,38.0,48.79466411701452,68.87944648975746,0.6150702332109138,4877447080.055012,13.328773830010569,0.2662689804772234,-31.560067694995478,166.07518934675454,False
"Polynomial Ridge — Current Cycle | degree=2, alpha=0.01",No ceiling,,40.0,49.52862079723862,69.75707473961589,0.6051985673679872,5679672476.889519,13.433242543644957,0.25352494577006507,-33.33360728777001,164.07518934675454,False
"Polynomial Ridge — Current Cycle | degree=2, alpha=0.01",125,125.0,0.0,63.49497388450928,102.3015621101314,0.15088457533188704,288551658200122.8,15.950480549509198,0.3858459869848156,-44.05782800591079,83.03494104789152,False
"Polynomial Ridge — Current Cycle | degree=2, alpha=0.01",125,125.0,2.0,63.94519659200171,103.17461773717204,0.1363297969100673,336541100079138.7,15.357172408226218,0.36713665943600865,-46.0174690015618,81.03494104789152,False
"Polynomial Ridge — Current Cycle | degree=2, alpha=0.01",125,125.0,4.0,64.45877591450154,104.07704563884901,0.1211553545970594,392511735170495.8,14.896174569209492,0.3500542299349241,-47.968147750035264,79.03494104789152,False
"Polynomial Ridge — Current Cycle | degree=2, alpha=0.01",125,125.0,6.0,65.02987801293342,105.00756908275285,0.10537009982257872,457790927212497.75,14.492598419533383,0.3299891540130152,-49.907359288017275,77.03494104789152,False
"Polynomial Ridge — Current Cycle | degree=2, alpha=0.01",125,125.0,8.0,65.66493809699342,105.96504785183872,0.08898091162278632,533926795719003.1,14.12541578764327,0.31155097613882865,-51.834184108772845,75.03494104789152,False
"Polynomial Ridge — Current Cycle | degree=2, alpha=0.01",125,125.0,10.0,66.35806836094459,106.9484662217763,0.07199285327381888,622724930190396.0,13.775652855855354,0.2955531453362256,-53.747583888955134,73.03494104789152,False
"Polynomial Ridge — Current Cycle | degree=2, alpha=0.01",125,125.0,12.0,67.10793521497956,107.95670185253768,0.05441316781019001,726291210317882.1,13.454442749707866,0.27765726681127983,-55.6497769548576,71.03494104789152,False
"Polynomial Ridge — Current Cycle | degree=2, alpha=0.01",125,125.0,14.0,67.92323352611804,108.98907415189043,0.03624171120451625,847081747677654.5,13.161885972158094,0.2586767895878525,-57.54242473074832,69.03494104789152,False
"Polynomial Ridge — Current Cycle | degree=2, alpha=0.01",125,125.0,16.0,68.80586121115932,110.04468917897745,0.017482316181805957,987961133300141.5,12.916599606013689,0.24078091106290672,-59.42614373357717,67.03494104789152,False
"Polynomial Ridge — Current Cycle | degree=2, alpha=0.01",125,125.0,18.0,69.75516651720126,111.12260528071711,-0.0018599815594173563,1152270372476412.0,12.747390738477682,0.22071583514099782,-61.30250626823613,65.03494104789152,False
"Polynomial Ridge — Current Cycle | degree=2, alpha=0.01",125,125.0,20.0,70.7687514982734,112.22198076820274,-0.02178155691101913,1343906117900109.0,12.6379018189305,0.2044468546637744,-63.16981270299497,63.03494104789152,False
"Polynomial Ridge — Current Cycle | degree=2, alpha=0.01",125,125.0,22.0,71.84306039937266,113.34182062600097,-0.04227559437014916,1567413080187329.2,12.580043618081444,0.18248373101952278,-65.02751718176013,61.03494104789152,False
"Polynomial Ridge — Current Cycle | degree=2, alpha=0.01",125,125.0,24.0,72.98682096872079,114.48136749280661,-0.06333918064794442,1828091807323195.0,12.575931134054828,0.16838394793926248,-66.87648414723519,59.03494104789152,False
"Polynomial Ridge — Current Cycle | degree=2, alpha=0.01",125,125.0,26.0,74.17766317921367,115.6399590884346,-0.084970820432273,2132124389063412.2,12.617887440041587,0.15509761388286333,-68.71689595250425,57.03494104789152,False
"Polynomial Ridge — Current Cycle | degree=2, alpha=0.01",125,125.0,28.0,75.41779185072038,116.81742777231749,-0.10717807732028373,2486721067415977.5,12.696193505646097,0.142353579175705,-70.55151082061295,55.03494104789152,False
"Polynomial Ridge — Current Cycle | degree=2, alpha=0.01",125,125.0,30.0,76.69674940331376,118.01290909317099,-0.1299552175417411,2900291230123214.0,12.785897834208239,0.1304229934924078,-72.37942140469562,53.03494104789152,False
"Polynomial Ridge — Current Cycle | degree=2, alpha=0.01",125,125.0,32.0,78.01350670480932,119.22486219836843,-0.15328291374016878,3382642842316158.5,12.928938298686854,0.11740780911062906,-74.19721545089064,51.03494104789152,False
"Polynomial Ridge — Current Cycle | degree=2, alpha=0.01",125,125.0,34.0,79.36330736293799,120.45245433242548,-0.17715460726465082,3945215045934646.0,13.088776731105694,0.10954446854663774,-76.00399035057607,49.03494104789152,False
"Polynomial Ridge — Current Cycle | degree=2, alpha=0.01",125,125.0,36.0,80.73496470933236,121.69489259216732,-0.20156398630004269,4601349443092016.0,13.220357394028373,0.10032537960954446,-77.79853514667192,47.03494104789152,False
"Polynomial Ridge — Current Cycle | degree=2, alpha=0.01",125,125.0,38.0,82.1313389633284,122.95153313954374,-0.22650718483376675,5366606496966934.0,13.328773830010569,0.09273318872017354,-79.58304742994657,45.03494104789152,False
"Polynomial Ridge — Current Cycle | degree=2, alpha=0.01",125,125.0,40.0,83.54662514587827,124.22094327365706,-0.2519640117328954,6259134553783310.0,13.433242543644957,0.08486984815618222,-81.35658702272111,43.03494104789152,False
"Polynomial Ridge — Current Cycle | degree=2, alpha=0.01",150,150.0,0.0,56.66613463289677,91.58669847765005,0.31943907945682015,42173717259478.484,15.950480549509198,0.46691973969631234,-30.272317007260654,97.85457553781313,False
"Polynomial Ridge — Current Cycle | degree=2, alpha=0.01",150,150.0,2.0,56.79580880390592,92.26252451065864,0.30935818854347685,49187688801065.14,15.357172408226218,0.44685466377440347,-32.23195800291167,95.85457553781313,False
"Polynomial Ridge — Current Cycle | degree=2, alpha=0.01",150,150.0,4.0,56.99256130876099,92.97451838425825,0.29865763373894516,57368164075723.53,14.896174569209492,0.4289587852494577,-34.18263675138514,93.85457553781313,False
"Polynomial Ridge — Current Cycle | degree=2, alpha=0.01",150,150.0,6.0,57.24911523303205,93.72127378854935,0.2873462664729406,66909145995458.26,14.492598419533383,0.40862255965292843,-36.12184828936713,91.85457553781313,False
"Polynomial Ridge — Current Cycle | degree=2, alpha=0.01",150,150.0,8.0,57.57440087641768,94.50151807313458,0.27543096578162474,78036902376773.1,14.12541578764327,0.38801518438177873,-38.04867311012271,89.85457553781313,False
"Polynomial Ridge — Current Cycle | degree=2, alpha=0.01",150,150.0,10.0,57.96463964622221,95.31410144926268,0.2629167949411335,91015331963270.61,13.775652855855354,0.37093275488069416,-39.962072890305,87.85457553781313,False
"Polynomial Ridge — Current Cycle | degree=2, alpha=0.01",150,150.0,12.0,58.41597158676737,96.15773987970508,0.24981099698598097,106152222879232.33,13.454442749707866,0.35086767895878523,-41.86426595620746,85.85457553781313,False
"Polynomial Ridge — Current Cycle | degree=2, alpha=0.01",150,150.0,14.0,58.94295262906402,97.03163249367178,0.23611342788878342,123806551935661.4,13.161885972158094,0.329175704989154,-43.756913732098205,83.85457553781313,False
"Polynomial Ridge — Current Cycle | degree=2, alpha=0.01",150,150.0,16.0,59.55061845263577,97.93472822448564,0.22182792037454957,144396997894414.66,12.916599606013689,0.30856832971800435,-45.64063273492704,81.85457553781313,False
"Polynomial Ridge — Current Cycle | degree=2, alpha=0.01",150,150.0,18.0,60.233796019943455,98.86591291383279,0.20695951014180236,168411870585584.53,12.747390738477682,0.28552060737527113,-47.516995269586,79.85457553781313,False
"Polynomial Ridge — Current Cycle | degree=2, alpha=0.01",150,150.0,20.0,60.99497089635213,99.82417670812906,0.19151182229867714,196420691350725.5,12.6379018189305,0.2662689804772234,-49.384301704344836,77.85457553781313,False
"Polynomial Ridge — Current Cycle | degree=2, alpha=0.01",150,150.0,22.0,61.824065790747085,100.80833074076214,0.17549167234802332,229087699446249.1,12.580043618081444,0.2418655097613883,-51.24200618311,75.85457553781313,False
"Polynomial Ridge — Current Cycle | degree=2, alpha=0.01",150,150.0,24.0,62.73352502585181,101.81744792986487,0.15890197357870461,267187604716260.3,12.575931134054828,0.22613882863340565,-53.090973148585064,73.85457553781313,False
"Polynomial Ridge — Current Cycle | degree=2, alpha=0.01",150,150.0,26.0,63.69533526763479,102.85070390574843,0.14174422130285214,311623960115071.25,12.617887440041587,0.21095444685466377,-54.931384953854106,71.85457553781313,False
"Polynomial Ridge — Current Cycle | degree=2, alpha=0.01",150,150.0,28.0,64.71864030587855,103.90782715117815,0.12401085192331796,363450589790470.3,12.696193505646097,0.19468546637744036,-56.765999821962815,69.85457553781313,False
"Polynomial Ridge — Current Cycle | degree=2, alpha=0.01",150,150.0,30.0,65.78996243969063,104.98776014649016,0.10570759921033668,423896580902309.0,12.785897834208239,0.1813991323210412,-58.59391040604548,67.85457553781313,False
"Polynomial Ridge — Current Cycle | degree=2, alpha=0.01",150,150.0,32.0,66.90814473946031,106.08868361031372,0.08685379052038511,494395431866489.6,12.928938298686854,0.16540130151843818,-60.4117044522405,65.85457553781313,False
"Polynomial Ridge — Current Cycle | degree=2, alpha=0.01",150,150.0,34.0,68.06830589568554,107.2095738945909,0.06745598450437973,576619048285395.2,13.088776731105694,0.15672451193058567,-62.21847935192594,63.85457553781313,False
"Polynomial Ridge — Current Cycle | degree=2, alpha=0.01",150,150.0,36.0,69.25651485458201,108.3494523243161,0.04752049297746397,672517392790485.2,13.220357394028373,0.1445227765726681,-64.01302414802178,61.85457553781313,False
"Polynomial Ridge — Current Cycle | degree=2, alpha=0.01",150,150.0,38.0,70.48145406137796,109.50750838791751,0.027051181952216452,784364729107300.8,13.328773830010569,0.13449023861171366,-65.79753643129645,59.85457553781313,False
"Polynomial Ridge — Current Cycle | degree=2, alpha=0.01",150,150.0,40.0,71.73268254328,110.68204730564044,0.006068242561563908,914813557037541.2,13.433242543644957,0.12527114967462039,-67.57107602407099,57.85457553781313,False
"Polynomial Ridge — Current Cycle | degree=2, alpha=0.01",175,175.0,0.0,52.45447763920302,82.76661180459227,0.44420766445568327,6163966393070.196,15.950480549509198,0.5322668112798264,-18.991594072331214,107.0,False
"Polynomial Ridge — Current Cycle | degree=2, alpha=0.01",175,175.0,2.0,52.323025027633335,83.24325335374787,0.43778776843981626,7189104148121.705,15.357172408226218,0.5127440347071583,-20.951235067982225,105.0,False
"Polynomial Ridge — Current Cycle | degree=2, alpha=0.01",175,175.0,4.0,52.25638083623459,83.76278396090608,0.4307482085327611,8384734107903.311,14.896174569209492,0.49593275488069416,-22.90191381645569,103.0,False
"Polynomial Ridge — Current Cycle | degree=2, alpha=0.01",175,175.0,6.0,52.24321477872574,84.32376401053952,0.42309783616423313,9779211064229.637,14.492598419533383,0.47695227765726683,-24.841125354437686,101.0,False
"Polynomial Ridge — Current Cycle | degree=2, alpha=0.01",175,175.0,8.0,52.299047950441036,84.92487293334148,0.41484353037039345,11405605537430.406,14.12541578764327,0.455531453362256,-26.767950175193267,99.0,False
"Polynomial Ridge — Current Cycle | degree=2, alpha=0.01",175,175.0,10.0,52.417775317594646,85.56490032693216,0.40599035442737874,13302488055532.16,13.775652855855354,0.43953362255965295,-28.681349955375552,97.0,False
"Polynomial Ridge — Current Cycle | degree=2, alpha=0.01",175,175.0,12.0,52.59918225743236,86.24246216285111,0.3965455513697025,15514843868134.375,13.454442749707866,0.4181127982646421,-30.58354302127802,95.0,False
"Polynomial Ridge — Current Cycle | degree=2, alpha=0.01",175,175.0,14.0,52.859536621049784,86.95669125366399,0.38650897716998145,18095139787732.49,13.161885972158094,0.3958785249457701,-32.476190797168755,93.0,False
"Polynomial Ridge — Current Cycle | degree=2, alpha=0.01",175,175.0,16.0,53.20323880835213,87.70642251319005,0.3758844645532239,21104568458980.31,12.916599606013689,0.37391540130151846,-34.359909799997595,91.0,False
"Polynomial Ridge — Current Cycle | degree=2, alpha=0.01",175,175.0,18.0,53.6252548009602,88.49040288191819,0.3646770492179533,24614499564223.91,12.747390738477682,0.351409978308026,-36.23627233465656,89.0,False
"Polynomial Ridge — Current Cycle | degree=2, alpha=0.01",175,175.0,20.0,54.12616419262452,89.30748025576965,0.35289035627230436,28708172381167.223,12.6379018189305,0.330531453362256,-38.10357876941539,87.0,False
"Polynomial Ridge — Current Cycle | degree=2, alpha=0.01",175,175.0,22.0,54.70613560016823,90.15628890531198,0.34053120121912694,33482669832240.4,12.580043618081444,0.30260303687635576,-39.96128324818055,85.0,False
"Polynomial Ridge — Current Cycle | degree=2, alpha=0.01",175,175.0,24.0,55.378817515564144,91.03574404403041,0.3276024973472844,39051220841001.445,12.575931134054828,0.28362255965292843,-41.810250213655614,83.0,False
"Polynomial Ridge — Current Cycle | degree=2, alpha=0.01",175,175.0,26.0,56.11369023711424,91.94486604953912,0.31410573996890856,45545885596736.66,12.617887440041587,0.2670824295010846,-43.65066201892466,81.0,False
"Polynomial Ridge — Current Cycle | degree=2, alpha=0.01",175,175.0,28.0,56.91943187837436,92.88328563578678,0.3000333654868508,53120687409366.06,12.696193505646097,0.24810195227765727,-45.48527688703337,79.0,False
"Polynomial Ridge — Current Cycle | degree=2, alpha=0.01",175,175.0,30.0,57.7815089143124,93.84974744802071,0.285391107671346,61955265427577.01,12.785897834208239,0.232646420824295,-47.313187471116045,77.0,False
"Polynomial Ridge — Current Cycle | degree=2, alpha=0.01",175,175.0,32.0,58.69894484407872,94.8421383874797,0.27019829387887095,72259134845833.38,12.928938298686854,0.21502169197396964,-49.13098151731105,75.0,False
"Polynomial Ridge — Current Cycle | degree=2, alpha=0.01",175,175.0,34.0,59.666782791382815,95.8592315150744,0.25446148276034186,84276655632551.36,13.088776731105694,0.20309110629067245,-50.93775641699649,73.0,False
"Polynomial Ridge — Current Cycle | degree=2, alpha=0.01",175,175.0,36.0,60.672407083836966,96.89984757078007,0.23818698613090272,98292827614626.58,13.220357394028373,0.18953362255965292,-52.73230121309234,71.0,False
"Polynomial Ridge — Current Cycle | degree=2, alpha=0.01",175,175.0,38.0,61.72310925753228,97.96299373667219,0.22137867000313138,114640049350794.1,13.328773830010569,0.17760303687635576,-54.51681349636701,69.0,False
"Polynomial Ridge — Current Cycle | degree=2, alpha=0.01",175,175.0,40.0,62.80773197699969,99.0466882462496,0.20405672550995535,133706001082965.17,13.433242543644957,0.16540130151843818,-56.29035308914153,67.0,False
"Polynomial Ridge — Current Cycle | degree=2, alpha=0.01",200,200.0,0.0,49.899946017432356,75.72674929865138,0.5347345234827028,900907281431.5835,15.950480549509198,0.5745661605206074,-10.381872633138178,123.0,False
"Polynomial Ridge — Current Cycle | degree=2, alpha=0.01",200,200.0,2.0,49.600752290748275,76.02123961688739,0.5311087875964124,1050737355968.5433,15.357172408226218,0.55558568329718,-12.341513628789189,121.0,False
"Polynomial Ridge — Current Cycle | degree=2, alpha=0.01",200,200.0,4.0,49.363664692197155,76.3646170362728,0.5268633878189335,1225486087923.3801,14.896174569209492,0.5387744034707158,-14.292192377262653,119.0,False
"Polynomial Ridge — Current Cycle | degree=2, alpha=0.01",200,200.0,6.0,49.17949090966305,76.75551478143815,0.522007175579982,1429297698501.0051,14.492598419533383,0.5203362255965293,-16.23140391524465,117.0,False
"Polynomial Ridge — Current Cycle | degree=2, alpha=0.01",200,200.0,8.0,49.063228643685875,77.1926617590418,0.5165470299157189,1667005646947.0464,14.12541578764327,0.49945770065075923,-18.158228736000233,115.0,False
"Polynomial Ridge — Current Cycle | degree=2, alpha=0.01",200,200.0,10.0,49.00592218099294,77.67487540320036,0.5104880141022806,1944247257501.7126,13.775652855855354,0.48427331887201736,-20.071628516182518,113.0,False
"Polynomial Ridge — Current Cycle | degree=2, alpha=0.01",200,200.0,12.0,49.009125297284385,78.20075124382691,0.503837371174181,2267597410368.184,13.454442749707866,0.4631236442516269,-21.97382158208498,111.0,False
"Polynomial Ridge — Current Cycle | degree=2, alpha=0.01",200,200.0,14.0,49.090049876453925,78.76942606885214,0.49659495710403645,2644724467196.8687,13.161885972158094,0.44116052060737526,-23.86646935797572,109.0,False
"Polynomial Ridge — Current Cycle | degree=2, alpha=0.01",200,200.0,16.0,49.255044176750275,79.37968249959657,0.48876460461685534,3084572128883.525,12.916599606013689,0.419468546637744,-25.750188360804557,107.0,False
"Polynomial Ridge — Current Cycle | degree=2, alpha=0.01",200,200.0,18.0,49.494484885962095,80.03018155747225,0.4803513494111612,3597571538533.93,12.747390738477682,0.3975054229934924,-27.626550895463517,105.0,False
"Polynomial Ridge — Current Cycle | degree=2, alpha=0.01",200,200.0,20.0,49.81559861482754,80.71967357339652,0.4713588165950888,4195888659700.823,12.6379018189305,0.37554229934924077,-29.493857330222355,103.0,False
"Polynomial Ridge — Current Cycle | degree=2, alpha=0.01",200,200.0,22.0,50.218152396010304,81.44665257444477,0.46179382167148797,4893712796491.424,12.580043618081444,0.34734273318872017,-31.351561808987515,101.0,False
"Polynomial Ridge — Current Cycle | degree=2, alpha=0.01",200,200.0,24.0,50.712707062653685,82.2099056944945,0.4516592779292219,5707593097960.987,12.575931134054828,0.3289045553145336,-33.200528774462576,99.0,False
"Polynomial Ridge — Current Cycle | degree=2, alpha=0.01",200,200.0,26.0,51.269378771895184,83.00832131634984,0.4409566806804225,6656831027062.109,12.617887440041587,0.31182212581344904,-35.04094057973163,97.0,False
"Polynomial Ridge — Current Cycle | degree=2, alpha=0.01",200,200.0,28.0,51.9007539797047,83.84145084403698,0.42967846632794116,7763938101777.992,12.696193505646097,0.29067245119305857,-36.87555544784033,95.0,False
"Polynomial Ridge — Current Cycle | degree=2, alpha=0.01",200,200.0,30.0,52.59632008427829,84.70785287937838,0.41783036864201284,9055169763793.678,12.785897834208239,0.27467462039045554,-38.703466031923,93.0,False
"Polynomial Ridge — Current Cycle | degree=2, alpha=0.01",200,200.0,32.0,53.350596077458526,85.60512584845735,0.40543171497911434,10561148035714.441,12.928938298686854,0.2554229934924078,-40.52126007811802,91.0,False
"Polynomial Ridge — Current Cycle | degree=2, alpha=0.01",200,200.0,34.0,54.16032055804943,86.5318423386688,0.3924890639901618,12317587733329.115,13.088776731105694,0.24295010845986983,-42.32803497780346,89.0,False
"Polynomial Ridge — Current Cycle | degree=2, alpha=0.01",200,200.0,36.0,55.01171100553669,87.48662209359348,0.379008727490299,14366143455296.86,13.220357394028373,0.227765726681128,-44.12257977389931,87.0,False
"Polynomial Ridge — Current Cycle | degree=2, alpha=0.01",200,200.0,38.0,55.91111567225325,88.46828721186665,0.36499457149210435,16755397436901.986,13.328773830010569,0.21475054229934923,-45.907092057173976,85.0,False
"Polynomial Ridge — Current Cycle | degree=2, alpha=0.01",200,200.0,40.0,56.850150148098805,89.47456212322606,0.35046678712850476,19542011695210.22,13.433242543644957,0.2014642082429501,-47.68063164994851,83.0,False
"Polynomial Ridge — Current Cycle | degree=2, alpha=0.01",225,225.0,0.0,48.47900742513919,70.42471244595983,0.597605195856896,131681718213.77943,15.950480549509198,0.5932754880694143,-4.429785994387473,131.05785187644355,False
"Polynomial Ridge — Current Cycle | degree=2, alpha=0.01",225,225.0,2.0,48.10397678380826,70.57279993091201,0.5959111232992325,153579125182.0005,15.357172408226218,0.5756507592190889,-6.389426990038482,129.05785187644355,False
"Polynomial Ridge — Current Cycle | degree=2, alpha=0.01",225,225.0,4.0,47.7864291854048,70.77455479013575,0.5935973868503808,179118823547.1892,14.896174569209492,0.5601952277657267,-8.34010573851195,127.05785187644355,False
"Polynomial Ridge — Current Cycle | degree=2, alpha=0.01",225,225.0,6.0,47.5160199929116,71.02875173796798,0.5906728379400561,208906477016.00513,14.492598419533383,0.5428416485900217,-10.27931727649394,125.05785187644355,False
"Polynomial Ridge — Current Cycle | degree=2, alpha=0.01",225,225.0,8.0,47.308109136912734,71.33423586876886,0.5871443556044198,243648494605.95917,14.12541578764327,0.5233188720173536,-12.206142097249522,123.05785187644355,False
"Polynomial Ridge — Current Cycle | degree=2, alpha=0.01",225,225.0,10.0,47.1546113864408,71.6899163054541,0.5830170031196085,284168782737.18933,13.775652855855354,0.5092190889370932,-14.119541877431809,121.05785187644355,False
"Polynomial Ridge — Current Cycle | degree=2, alpha=0.01",225,225.0,12.0,47.056921630688045,72.09443098828237,0.5782980235201357,331428283953.4628,13.454442749707866,0.4894251626898048,-16.02173494333428,119.05785187644355,False
"Polynomial Ridge — Current Cycle | degree=2, alpha=0.01",225,225.0,14.0,47.03270024779972,72.54697527179664,0.5729872727786182,386547765600.8776,13.161885972158094,0.4685466377440347,-17.91438271922501,117.05785187644355,False
"Polynomial Ridge — Current Cycle | degree=2, alpha=0.01",225,225.0,16.0,47.08618276284315,73.04633313898833,0.5670885836200641,450834398862.10736,12.916599606013689,0.4487527114967462,-19.798101722053854,115.05785187644355,False
"Polynomial Ridge — Current Cycle | degree=2, alpha=0.01",225,225.0,18.0,47.209037545069855,73.59112993345242,0.5606069917429968,525812758503.32324,12.747390738477682,0.4284164859002169,-21.67446425671281,113.05785187644355,False
"Polynomial Ridge — Current Cycle | degree=2, alpha=0.01",225,225.0,20.0,47.408699964407816,74.18006335937568,0.5535461222555512,613260978498.2611,12.6379018189305,0.4064533622559653,-23.54177069147165,111.05785187644355,False
"Polynomial Ridge — Current Cycle | degree=2, alpha=0.01",225,225.0,22.0,47.68826371803956,74.81152964104268,0.5459127906605773,715252920908.2213,12.580043618081444,0.3777114967462039,-25.39947517023681,109.05785187644355,False
"Polynomial Ridge — Current Cycle | degree=2, alpha=0.01",225,225.0,24.0,48.06192664747139,75.48422351321481,0.5377099102469384,834207358115.7067,12.575931134054828,0.35927331887201736,-27.248442135711873,107.05785187644355,False
"Polynomial Ridge — Current Cycle | degree=2, alpha=0.01",225,225.0,26.0,48.501328312177776,76.1969321318035,0.5289389763267658,972945334731.7715,12.617887440041587,0.33975054229934926,-29.088853940980922,105.05785187644355,False
"Polynomial Ridge — Current Cycle | degree=2, alpha=0.01",225,225.0,28.0,49.02124641809391,76.94914938853034,0.5195924253029114,1134757069619.6802,12.696193505646097,0.3188720173535792,-30.923468809089627,103.05785187644355,False
"Polynomial Ridge — Current Cycle | degree=2, alpha=0.01",225,225.0,30.0,49.606419526847255,77.73927388948715,0.5096759909456099,1323479984491.4226,12.785897834208239,0.3017895878524946,-32.75137939317229,101.05785187644355,False
"Polynomial Ridge — Current Cycle | degree=2, alpha=0.01",225,225.0,32.0,50.25182353173869,78.56464593190441,0.49920900061133844,1543589709682.3872,12.928938298686854,0.28253796095444683,-34.56917343936732,99.05785187644355,False
"Polynomial Ridge — Current Cycle | degree=2, alpha=0.01",225,225.0,34.0,50.95714366794443,79.42365775286676,0.4881980129510127,1800306225284.1477,13.088776731105694,0.26816702819956617,-36.37594833905276,97.05785187644355,False
"Polynomial Ridge — Current Cycle | degree=2, alpha=0.01",225,225.0,36.0,51.70891805214854,80.31474566424598,0.47664933977977697,2099717654806.423,13.220357394028373,0.2524403470715835,-38.1704931351486,95.05785187644355,False
"Polynomial Ridge — Current Cycle | degree=2, alpha=0.01",225,225.0,38.0,52.51105031564068,81.2365608664695,0.464566847110209,2448924647160.6763,13.328773830010569,0.23969631236442515,-39.95500541842327,93.05785187644355,False
"Polynomial Ridge — Current Cycle | degree=2, alpha=0.01",225,225.0,40.0,53.35124548269593,82.18655546863071,0.45197072607523636,2856208771059.9463,13.433242543644957,0.22586767895878526,-41.7285450111978,91.05785187644355,False
"Polynomial Ridge — Current Cycle | degree=2, alpha=0.01",250,250.0,0.0,47.85475103913041,66.82472858517781,0.6376930987518759,19307272025.388874,15.950480549509198,0.6027657266811279,-0.6256680128352561,139.57355421522624,True
"Polynomial Ridge — Current Cycle | degree=2, alpha=0.01",250,250.0,2.0,47.441217144003375,66.86709090089742,0.6372335974712657,22512904298.588196,15.357172408226218,0.5856832971800434,-2.585309008486267,137.57355421522624,True
"Polynomial Ridge — Current Cycle | degree=2, alpha=0.01",250,250.0,4.0,47.083534738271766,66.9664758612551,0.6361544322994673,26252646680.38784,14.896174569209492,0.5704989154013015,-4.535987756959733,135.57355421522624,True
"Polynomial Ridge — Current Cycle | degree=2, alpha=0.01",250,250.0,6.0,46.77157628507531,67.12181750416042,0.634464454666196,30615150724.36763,14.492598419533383,0.553416485900217,-6.47519929494173,133.57355421522624,True
"Polynomial Ridge — Current Cycle | degree=2, alpha=0.01",250,250.0,8.0,46.5216010313122,67.33209893255123,0.6321705436076133,35703843856.740036,14.12541578764327,0.5341648590021691,-8.402024115697309,131.57355421522624,False
"Polynomial Ridge — Current Cycle | degree=2, alpha=0.01",250,250.0,10.0,46.32471933290101,67.59634581572085,0.6292777623998553,41639380938.8708,13.775652855855354,0.5203362255965293,-10.315423895879599,129.57355421522624,False
"Polynomial Ridge — Current Cycle | degree=2, alpha=0.01",250,250.0,12.0,46.182875967726595,67.91327098110875,0.6257933540774359,48562504631.812256,13.454442749707866,0.5005422993492408,-12.217616961782067,127.57355421522624,False
"Polynomial Ridge — Current Cycle | degree=2, alpha=0.01",250,250.0,14.0,46.11578237870765,68.28215392758025,0.6217171746129716,56637382335.53096,13.161885972158094,0.4793926247288503,-14.110264737672795,125.57355421522624,False
"Polynomial Ridge — Current Cycle | degree=2, alpha=0.01",250,250.0,16.0,46.12588777877349,68.7018139282286,0.6170530567314707,66055498778.644135,12.916599606013689,0.4595986984815618,-15.99398374050164,123.57355421522624,False
"Polynomial Ridge — Current Cycle | degree=2, alpha=0.01",250,250.0,18.0,46.20668810686203,69.17087815643913,0.6118060361314568,77040196591.29587,12.747390738477682,0.4389913232104121,-17.870346275160596,121.57355421522624,False
"Polynomial Ridge — Current Cycle | degree=2, alpha=0.01",250,250.0,20.0,46.36515380990615,69.68802844194585,0.6059797379210647,89851972517.33109,12.6379018189305,0.4167570498915401,-19.737652709919434,119.57355421522624,False
"Polynomial Ridge — Current Cycle | degree=2, alpha=0.01",250,250.0,22.0,46.60296051364634,70.25160498829094,0.5995809776031442,104794654800.39853,12.580043618081444,0.3888286334056399,-21.5953571886846,117.57355421522624,False
"Polynomial Ridge — Current Cycle | degree=2, alpha=0.01",250,250.0,24.0,46.93294843067385,70.86024670903296,0.5926126684665586,122222608280.71243,12.575931134054828,0.37093275488069416,-23.444324154159656,115.57355421522624,False
"Polynomial Ridge — Current Cycle | degree=2, alpha=0.01",250,250.0,26.0,47.32462775264705,71.51267411196778,0.5850763058234394,142549138013.07364,12.617887440041587,0.3530368763557484,-25.284735959428716,113.57355421522624,False
"Polynomial Ridge — Current Cycle | degree=2, alpha=0.01",250,250.0,28.0,47.79090285934567,72.2083458613891,0.5769643260766382,166256290781.75647,12.696193505646097,0.3329718004338395,-27.119350827537414,111.57355421522624,False
"Polynomial Ridge — Current Cycle | degree=2, alpha=0.01",250,250.0,30.0,48.318212170652124,72.94554032535586,0.5682824629963902,193906286805.73993,12.785897834208239,0.31724511930585686,-28.947261411620083,109.57355421522624,False
"Polynomial Ridge — Current Cycle | degree=2, alpha=0.01",250,250.0,32.0,48.90070945103164,73.7213962630437,0.559050043939172,226154852863.37445,12.928938298686854,0.29962039045553146,-30.765055457815098,107.57355421522624,False
"Polynomial Ridge — Current Cycle | degree=2, alpha=0.01",250,250.0,34.0,49.536406699232636,74.5341640825569,0.5492736275558998,263766772984.48434,13.088776731105694,0.28633405639913234,-32.571830357500545,105.57355421522624,False
"Polynomial Ridge — Current Cycle | degree=2, alpha=0.01",250,250.0,36.0,50.214056828255394,75.38213385031834,0.5389595256617172,307634025492.3429,13.220357394028373,0.27114967462039047,-34.36637515359639,103.57355421522624,False
"Polynomial Ridge — Current Cycle | degree=2, alpha=0.01",250,250.0,38.0,50.941892156983506,76.26381895892828,0.5281116042692027,358796936498.307,13.328773830010569,0.2589479392624729,-36.150887436871045,101.57355421522624,False
"Polynomial Ridge — Current Cycle | degree=2, alpha=0.01",250,250.0,40.0,51.70466988587342,77.17645164595667,0.5167500545112833,418468851534.0436,13.433242543644957,0.24620390455531455,-37.92442702964558,99.57355421522624,False
"Polynomial Ridge — Current Cycle | degree=2, alpha=0.01",300,300.0,0.0,46.6743807343921,62.22662829263666,0.6858372144981673,581236511.9182937,15.950480549509198,0.6052060737527115,3.0308558881354886,143.17363924300338,True
"Polynomial Ridge — Current Cycle | degree=2, alpha=0.01",300,300.0,2.0,46.2505431516295,62.1545707742583,0.6865643849779728,668999973.7981076,15.357172408226218,0.5886659436008677,1.0712148924844778,141.17363924300338,True
"Polynomial Ridge — Current Cycle | degree=2, alpha=0.01",300,300.0,4.0,45.88038786086535,62.143910532373056,0.68667189156659,772973428.5137929,14.896174569209492,0.5740238611713666,-0.8794638559889877,139.17363924300338,True
"Polynomial Ridge — Current Cycle | degree=2, alpha=0.01",300,300.0,6.0,45.553787325239384,62.193802074141246,0.6861685856937345,895560221.9744598,14.492598419533383,0.5574837310195228,-2.8186753939709845,137.17363924300338,True
"Polynomial Ridge — Current Cycle | degree=2, alpha=0.01",300,300.0,8.0,45.287000791649824,62.30341950835944,0.6850613463955673,1039616444.4718835,14.12541578764327,0.5387744034707158,-4.745500214726567,135.17363924300338,True
"Polynomial Ridge — Current Cycle | degree=2, alpha=0.01",300,300.0,10.0,45.07111054740803,62.47194896756781,0.683355236948225,1208516598.156356,13.775652855855354,0.5254880694143167,-6.658899994908855,133.17363924300338,True
"Polynomial Ridge — Current Cycle | degree=2, alpha=0.01",300,300.0,12.0,44.908117507613234,62.698203482376584,0.6810575003862214,1406231952.8368933,13.454442749707866,0.506236442516269,-8.561093060811322,131.17363924300338,True
"Polynomial Ridge — Current Cycle | degree=2, alpha=0.01",300,300.0,14.0,44.81776887632903,62.981575035480596,0.6781679926821728,1637423359.7306716,13.161885972158094,0.4853579175704989,-10.453740836702046,129.17363924300338,True
"Polynomial Ridge — Current Cycle | degree=2, alpha=0.01",300,300.0,16.0,44.80347080567905,63.320923796049996,0.6746905465610877,1907550641.9977107,12.916599606013689,0.4661062906724512,-12.337459839530892,127.17363924300338,True
"Polynomial Ridge — Current Cycle | degree=2, alpha=0.01",300,300.0,18.0,44.85769846565479,63.714868301561225,0.6706301977214895,2223001155.3572206,12.747390738477682,0.4460412147505423,-14.213822374189851,125.17363924300338,True
"Polynomial Ridge — Current Cycle | degree=2, alpha=0.01",300,300.0,20.0,44.987422303189135,64.1620547541451,0.6659905712715131,2591240531.0459146,12.6379018189305,0.4243492407809111,-16.081128808948687,123.17363924300338,True
"Polynomial Ridge — Current Cycle | degree=2, alpha=0.01",300,300.0,22.0,45.19428887266079,64.66072896260481,0.6607784827140082,3020989093.8844376,12.580043618081444,0.397234273318872,-17.93883328771385,121.17363924300338,True
"Polynomial Ridge — Current Cycle | degree=2, alpha=0.01",300,300.0,24.0,45.490072500506706,65.20943439875637,0.6549968453378383,3522428168.6444073,12.575931134054828,0.37988069414316705,-19.78780025318891,119.17363924300338,True
"Polynomial Ridge — Current Cycle | degree=2, alpha=0.01",300,300.0,26.0,45.84650870447487,65.80677954421807,0.6486471544551347,4107441100.169428,12.617887440041587,0.3611713665943601,-21.62821205845796,117.17363924300338,True
"Polynomial Ridge — Current Cycle | degree=2, alpha=0.01",300,300.0,28.0,46.28000005875802,66.45215415448106,0.6417218464687493,4789894773.521787,12.696193505646097,0.34164859002169196,-23.462826926566667,115.17363924300338,True
"Polynomial Ridge — Current Cycle | degree=2, alpha=0.01",300,300.0,30.0,46.77302391391165,67.14364703743134,0.634226655148917,5585968152.186774,12.785897834208239,0.3259219088937093,-25.290737510649336,113.17363924300338,True
"Polynomial Ridge — Current Cycle | degree=2, alpha=0.01",300,300.0,32.0,47.32099416886388,67.87809407679238,0.6261809078521144,6514535752.435312,12.928938298686854,0.30829718004338397,-27.10853155684436,111.17363924300338,False
"Polynomial Ridge — Current Cycle | degree=2, alpha=0.01",300,300.0,34.0,47.9251806341243,68.65352801136146,0.6175911632292579,7597615080.471158,13.088776731105694,0.2931127982646421,-28.915306456529795,109.17363924300338,False
"Polynomial Ridge — Current Cycle | degree=2, alpha=0.01",300,300.0,36.0,48.57557765956081,69.4680163898805,0.6084637330954912,8860888637.723215,13.220357394028373,0.278470715835141,-30.70985125262564,107.17363924300338,False
"Polynomial Ridge — Current Cycle | degree=2, alpha=0.01",300,300.0,38.0,49.275086649511174,70.31986336671667,0.5988024834633923,10334312847.938244,13.328773830010569,0.26599783080260303,-32.494363535900305,105.17363924300338,False
"Polynomial Ridge — Current Cycle | degree=2, alpha=0.01",300,300.0,40.0,50.01012792843376,71.20598075141103,0.5886276054658888,12052828372.992315,13.433242543644957,0.2532537960954447,-34.26790312867484,103.17363924300338,False
Ridge — Current Cycle | alpha=0.01,No ceiling,,0.0,51.61922701706906,66.47925988420886,0.6414295046612899,1622010972.9200993,18.287721247280263,0.5498915401301518,0.5484592222927613,187.63644070954047,True
Ridge — Current Cycle | alpha=0.01,No ceiling,,2.0,51.311620432329235,66.46107345144382,0.6416256628688223,1781923672.288924,17.608617375325384,0.5368763557483731,-1.3186317902279188,185.63644070954047,True
Ridge — Current Cycle | alpha=0.01,No ceiling,,4.0,51.04816868359795,66.4969301893695,0.6412388619810931,1988343493.191482,16.99200233986476,0.5254880694143167,-3.1792414011460632,183.63644070954047,True
Ridge — Current Cycle | alpha=0.01,No ceiling,,6.0,50.82851606539466,66.58645612262404,0.6402721994180881,2245395691.7684255,16.435331417940574,0.5119305856832972,-5.034511993165133,181.63644070954047,True
Ridge — Current Cycle | alpha=0.01,No ceiling,,8.0,50.6575359119263,66.72997820645799,0.6387197958920763,2558545900.8604736,15.96176141707107,0.49837310195227763,-6.884599097474047,179.63644070954047,True
Ridge — Current Cycle | alpha=0.01,No ceiling,,10.0,50.530977635546414,66.92669971235576,0.6365865314118971,2934704396.365213,15.529408970160981,0.4864425162689805,-8.728730412578459,177.63644070954047,True
Ridge — Current Cycle | alpha=0.01,No ceiling,,12.0,50.446929059689644,67.17555886356584,0.633878885263469,3382369291.999189,15.145696997712966,0.47288503253796094,-10.565673686372493,175.63644070954047,True
Ridge — Current Cycle | alpha=0.01,No ceiling,,14.0,50.411300890253,67.47416740121685,0.6306166904334842,3911811058.704472,14.791453142652397,0.460412147505423,-12.39373487156581,173.63644070954047,False
Ridge — Current Cycle | alpha=0.01,No ceiling,,16.0,50.427742741845286,67.82170999808623,0.6268016881269061,4535302279.235881,14.501856017594255,0.4419739696312364,-14.214432613559914,171.63644070954047,False
Ridge — Current Cycle | alpha=0.01,No ceiling,,18.0,50.4991974688377,68.21729713126508,0.6224354460503949,5267397318.793177,14.24487567577662,0.4289587852494577,-16.02799106658958,169.63644070954047,False
Ridge — Current Cycle | alpha=0.01,No ceiling,,20.0,50.61995560243482,68.66227311269138,0.6174937343827992,6125268253.760876,14.009615050646412,0.41567245119305857,-17.83791393088759,167.63644070954047,False
Ridge — Current Cycle | alpha=0.01,No ceiling,,22.0,50.77803890365691,69.15387094805558,0.6119969050108526,7129104298.716536,13.79606422721802,0.40536876355748375,-19.640765320823213,165.63644070954047,False
Ridge — Current Cycle | alpha=0.01,No ceiling,,24.0,50.97461069563632,69.69000778901552,0.6059573549108304,8302584464.407043,13.599811521077072,0.39316702819956617,-21.435108231477603,163.63644070954047,False
Ridge — Current Cycle | alpha=0.01,No ceiling,,26.0,51.209427379270075,70.2713559728375,0.5993557932341381,9673434077.189121,13.400083168988715,0.3823210412147505,-23.224410916637808,161.63644070954047,False
Ridge — Current Cycle | alpha=0.01,No ceiling,,28.0,51.49322692930369,70.89476122914651,0.5922157123944444,11274077920.440504,13.239890234395292,0.36550976138828634,-25.00626812503056,159.63644070954047,False
Ridge — Current Cycle | alpha=0.01,No ceiling,,30.0,51.83902618603339,71.56086999311798,0.5845168427077597,13142406028.753265,13.147887338811378,0.35059652928416485,-26.783690314114892,157.63644070954047,False
Ridge — Current Cycle | alpha=0.01,No ceiling,,32.0,52.238506148675334,72.26754457590586,0.5762704053563185,15322669227.722132,13.060730368699856,0.3364967462039046,-28.555018986804498,155.63644070954047,False
Ridge — Current Cycle | alpha=0.01,No ceiling,,34.0,52.68581890257052,73.01275343580454,0.5674865144914494,17866526305.18259,13.001179417854527,0.3237527114967462,-30.321895018578335,153.63644070954047,False
Ridge — Current Cycle | alpha=0.01,No ceiling,,36.0,53.17226999933354,73.7941189322807,0.5581796623200331,20834267333.04152,12.950747926505162,0.3129067245119306,-32.08120358693035,151.63644070954047,False
Ridge — Current Cycle | alpha=0.01,No ceiling,,38.0,53.69958266796128,74.61001267548552,0.5483558106998268,24296241950.888523,12.901381144599744,0.2993492407809111,-33.832799580485414,149.63644070954047,False
Ridge — Current Cycle | alpha=0.01,No ceiling,,40.0,54.27598640361265,75.46166545752305,0.5379861747926811,28334526495.813225,12.896353592243724,0.2868763557483731,-35.58060674768408,147.63644070954047,False
Ridge — Current Cycle | alpha=0.01,125,125.0,0.0,66.94863230850294,103.44420771616709,0.13181044840426803,288551658465951.1,18.27372420897852,0.36713665943600865,-43.290081538546964,95.0,False
Ridge — Current Cycle | alpha=0.01,125,125.0,2.0,67.36682071175005,104.27674986608909,0.11777944449071875,336541100296885.5,17.59462033702364,0.35357917570498915,-45.15717255106764,93.0,False
Ridge — Current Cycle | alpha=0.01,125,125.0,4.0,67.83335916782481,105.13687348390164,0.10316548148190785,392511735348832.3,16.978005301563016,0.3405639913232104,-47.017782161985785,91.0,False
Ridge — Current Cycle | alpha=0.01,125,125.0,6.0,68.3470626606017,106.02372726599248,0.08797165679782082,457790927358509.1,16.42133437963883,0.32809110629067245,-48.87305275400485,89.0,False
Ridge — Current Cycle | alpha=0.01,125,125.0,8.0,68.90484672514624,106.93698499060622,0.07219209115072744,533926795838492.44,15.947764378769325,0.3150759219088937,-50.72313985831378,87.0,False
Ridge — Current Cycle | alpha=0.01,125,125.0,10.0,69.50407495749472,107.87569728570925,0.05583166454946653,622724930288096.9,15.515411931859235,0.3034164859002169,-52.56727117341819,85.0,False
Ridge — Current Cycle | alpha=0.01,125,125.0,12.0,70.14709104263005,108.83883866601064,0.03889685627995687,726291210397657.8,15.131699959411218,0.2901301518438178,-54.40421444721222,83.0,False
Ridge — Current Cycle | alpha=0.01,125,125.0,14.0,70.83593915512871,109.82465353036307,0.0214074993288903,847081747742594.1,14.777456104350652,0.27765726681127983,-56.23227563240553,81.0,False
Ridge — Current Cycle | alpha=0.01,125,125.0,16.0,71.57165017732908,110.83244004660695,0.0033653349012302547,987961133352714.6,14.48785897929251,0.2619305856832972,-58.05297337439965,79.0,False
Ridge — Current Cycle | alpha=0.01,125,125.0,18.0,72.35412143817297,111.86151800578644,-0.015228069296362667,1152270372518590.2,14.230878637474875,0.25,-59.8665318274293,77.0,False
Ridge — Current Cycle | alpha=0.01,125,125.0,20.0,73.18341391666544,112.91262770261241,-0.034396943085040155,1343906117933535.8,13.995618012344666,0.2386117136659436,-61.676454691727315,75.0,False
Ridge — Current Cycle | alpha=0.01,125,125.0,22.0,74.04762767696342,113.98405930589863,-0.054120934578068214,1567413080213282.0,13.782067188916274,0.2269522776572668,-63.47930608166293,73.0,False
Ridge — Current Cycle | alpha=0.01,125,125.0,24.0,74.9499261734939,115.07458128286495,-0.0743876467991722,1828091807342634.8,13.585814482775326,0.21610629067245118,-65.27364899231733,71.0,False
Ridge — Current Cycle | alpha=0.01,125,125.0,26.0,75.89059346024456,116.18467930453762,-0.09521637059694621,2132124389077111.0,13.38608613068697,0.2044468546637744,-67.06295167747753,69.0,False
Ridge — Current Cycle | alpha=0.01,125,125.0,28.0,76.8775537898979,117.31256355402888,-0.11658361355772184,2486721067424409.5,13.225893196093544,0.1898047722342733,-68.84480888587028,67.0,False
Ridge — Current Cycle | alpha=0.01,125,125.0,30.0,77.91951139602627,118.45878048965243,-0.13850964536548815,2900291230126724.0,13.133890300509632,0.1762472885032538,-70.6222310749546,65.0,False
Ridge — Current Cycle | alpha=0.01,125,125.0,32.0,79.00610118515537,119.62222503781489,-0.16098324483801107,3382642842314885.0,13.04673333039811,0.1643167028199566,-72.39355974764423,63.0,False
Ridge — Current Cycle | alpha=0.01,125,125.0,34.0,80.13551781868574,120.80188347574732,-0.18399429782396193,3945215045928481.5,12.987182379552781,0.15265726681127983,-74.16043577941805,61.0,False
Ridge — Current Cycle | alpha=0.01,125,125.0,36.0,81.29891762853804,121.99655339002571,-0.20752831211645995,4601349443080634.0,12.936750888203417,0.14316702819956617,-75.91974434777008,59.0,False
Ridge — Current Cycle | alpha=0.01,125,125.0,38.0,82.49163627198718,123.20549989563483,-0.23157932585774788,5366606496949864.0,12.887384106297997,0.1334056399132321,-77.67134034132513,57.0,False
Ridge — Current Cycle | alpha=0.01,125,125.0,40.0,83.72597816977871,124.42973249896365,-0.2561761238859752,6259134553760021.0,12.882356553941978,0.12174620390455532,-79.4191475085238,55.0,False
Ridge — Current Cycle | alpha=0.01,150,150.0,0.0,60.87113913192819,93.37481086176909,0.2926055146916279,42173718267810.11,18.287721247280263,0.4406182212581345,-28.940565069710825,109.81230863817603,False
Ridge — Current Cycle | alpha=0.01,150,150.0,2.0,60.99820734896187,93.9914554106127,0.2832314380757961,49187689623708.21,17.608617375325384,0.425704989154013,-30.8076560822315,107.81230863817603,False
Ridge — Current Cycle | alpha=0.01,150,150.0,4.0,61.176699220710525,94.64204788393413,0.2732744023647029,57368164745791.62,16.99200233986476,0.41268980477223427,-32.66826569314964,105.81230863817603,False
Ridge — Current Cycle | alpha=0.01,150,150.0,6.0,61.405542992272956,95.32569296466274,0.2627375049783338,66909146539965.414,16.435331417940574,0.39804772234273317,-34.52353628516872,103.81230863817603,False
Ridge — Current Cycle | alpha=0.01,150,150.0,8.0,61.68765643141518,96.04206208128493,0.25161486662895793,78036902817742.6,15.96176141707107,0.38286334056399135,-36.37362338947763,101.81230863817603,False
Ridge — Current Cycle | alpha=0.01,150,150.0,10.0,62.019657267237086,96.79011793022511,0.23991136732541474,91015332318602.3,15.529408970160981,0.37011930585683295,-38.21775470458204,99.81230863817603,False
Ridge — Current Cycle | alpha=0.01,150,150.0,12.0,62.39828372517209,97.56872244915097,0.22763348635362268,106152223163435.62,15.145696997712966,0.3557483731019523,-40.05469797837607,97.81230863817603,False
Ridge — Current Cycle | alpha=0.01,150,150.0,14.0,62.8266453136599,98.37590790118536,0.21480105670027383,123806552160385.94,14.791453142652397,0.34273318872017355,-41.88275916356939,95.81230863817603,False
Ridge — Current Cycle | alpha=0.01,150,150.0,16.0,63.30505616603411,99.2108685231996,0.2014158195703315,144396998068957.53,14.501856017594255,0.3256507592190889,-43.703456905563506,93.81230863817603,False
Ridge — Current Cycle | alpha=0.01,150,150.0,18.0,63.834930431116774,100.0728125472968,0.18747934267045652,168411870717299.03,14.24487567577662,0.3129067245119306,-45.51701535859317,91.81230863817603,False
Ridge — Current Cycle | alpha=0.01,150,150.0,20.0,64.41672532371742,100.96252784771653,0.17296739617949664,196420691445413.88,14.009615050646412,0.2988069414316703,-47.32693822289118,89.81230863817603,False
Ridge — Current Cycle | alpha=0.01,150,150.0,22.0,65.0406634951087,101.87805575621992,0.15790033198418596,229087699508311.03,13.79606422721802,0.2868763557483731,-49.129789612826805,87.81230863817603,False
Ridge — Current Cycle | alpha=0.01,150,150.0,24.0,65.70691506575308,102.81796370463765,0.1422905470607998,267187604748878.3,13.599811521077072,0.2749457700650759,-50.9241325234812,85.81230863817603,False
Ridge — Current Cycle | alpha=0.01,150,150.0,26.0,66.4142349489255,103.78273479805975,0.1261187505607434,311623960120447.6,13.400083168988715,0.26247288503253796,-52.71343520864139,83.81230863817603,False
Ridge — Current Cycle | alpha=0.01,150,150.0,28.0,67.17010759119201,104.77030036612888,0.10940843489768581,363450589769795.56,13.239890234395292,0.24810195227765727,-54.49529241703414,81.81230863817603,False
Ridge — Current Cycle | alpha=0.01,150,150.0,30.0,67.98136740741573,105.7812028689933,0.092139330387637,423896580855984.4,13.147887338811378,0.23318872017353579,-56.27271460611847,79.81230863817603,False
Ridge — Current Cycle | alpha=0.01,150,150.0,32.0,68.84531734955766,106.81413231608325,0.07432265821283168,494395431794086.44,13.060730368699856,0.21936008676789587,-58.04404327880809,77.81230863817603,False
Ridge — Current Cycle | alpha=0.01,150,150.0,34.0,69.75636719943464,107.86787809562587,0.055968532524598436,576619048185619.9,13.001179417854527,0.2068872017353579,-59.810919310581916,75.81230863817603,False
Ridge — Current Cycle | alpha=0.01,150,150.0,36.0,70.70358627954438,108.94101636543887,0.037091445529818245,672517392661203.9,12.950747926505162,0.19685466377440347,-61.57022787893393,73.81230863817603,False
Ridge — Current Cycle | alpha=0.01,150,150.0,38.0,71.68710716314014,110.03264582089878,0.01769735908624792,784364728945578.2,12.901381144599744,0.18383947939262474,-63.321823872489,71.81230863817603,False
Ridge — Current Cycle | alpha=0.01,150,150.0,40.0,72.72147246034278,111.14381766748156,-0.002242511644261702,914813556839695.0,12.896353592243724,0.17163774403470716,-65.06963103968766,69.81230863817603,False
Ridge — Current Cycle | alpha=0.01,175,175.0,0.0,57.27270168192796,85.30122279968727,0.4096457239156862,6163969442228.844,18.287721247280263,0.4940347071583514,-17.73903323438805,121.45497308535957,False
Ridge — Current Cycle | alpha=0.01,175,175.0,2.0,57.189940759988836,85.7148229334614,0.4039069418753517,7189106643630.61,17.608617375325384,0.47885032537960953,-19.60612424690873,119.45497308535957,False
Ridge — Current Cycle | alpha=0.01,175,175.0,4.0,57.155832147910914,86.1681395913422,0.3975852007397558,8384736149904.866,16.99200233986476,0.46691973969631234,-21.466733857826874,117.45497308535957,False
Ridge — Current Cycle | alpha=0.01,175,175.0,6.0,57.1692093949366,86.66032924481658,0.39068359792888396,9779212734672.459,16.435331417940574,0.4522776572668113,-23.32200444984594,115.45497308535957,False
Ridge — Current Cycle | alpha=0.01,175,175.0,8.0,57.23494419256875,87.19114913287335,0.38319625415500536,11405606903376.842,15.96176141707107,0.4379067245119306,-25.172091554154857,113.45497308535957,False
Ridge — Current Cycle | alpha=0.01,175,175.0,10.0,57.34986070637088,87.7595556044535,0.3751280494269593,13302489171832.139,15.529408970160981,0.4243492407809111,-27.01622286925927,111.45497308535957,False
Ridge — Current Cycle | alpha=0.01,175,175.0,12.0,57.5104984754523,88.36437146249865,0.36648546303066454,15514844779635.139,15.145696997712966,0.4116052060737527,-28.853166143053294,109.45497308535957,False
Ridge — Current Cycle | alpha=0.01,175,175.0,14.0,57.71608860066175,89.00348123328774,0.35728832795281285,18095140531021.523,14.791453142652397,0.3988611713665944,-30.681227328246617,107.45497308535957,False
Ridge — Current Cycle | alpha=0.01,175,175.0,16.0,57.97371260845298,89.67603203781935,0.3475383853983678,21104569063892.188,14.501856017594255,0.3809652928416486,-32.50192507024073,105.45497308535957,False
Ridge — Current Cycle | alpha=0.01,175,175.0,18.0,58.28801168792073,90.38117045439014,0.33723720307398997,24614500055065.12,14.24487567577662,0.3663232104121475,-34.31548352327039,103.45497308535957,False
Ridge — Current Cycle | alpha=0.01,175,175.0,20.0,58.65884398691679,91.11977866324501,0.32636055115852747,28708172777781.26,14.009615050646412,0.35195227765726683,-36.125406387568404,101.45497308535957,False
Ridge — Current Cycle | alpha=0.01,175,175.0,22.0,59.07128196884772,91.88968468530071,0.31492878153871395,33482670150705.395,13.79606422721802,0.34002169197396964,-37.928257777504015,99.45497308535957,False
Ridge — Current Cycle | alpha=0.01,175,175.0,24.0,59.5280095264908,92.68928438564748,0.30295429119082484,39051221094279.695,13.599811521077072,0.3272776572668113,-39.722600688158415,97.45497308535957,False
Ridge — Current Cycle | alpha=0.01,175,175.0,26.0,60.02796280511655,93.519087326483,0.29041778926626594,45545885795292.52,13.400083168988715,0.31453362255965295,-41.51190337331862,95.45497308535957,False
Ridge — Current Cycle | alpha=0.01,175,175.0,28.0,60.57870943261901,94.37676283747778,0.2773427681787054,53120687561451.12,13.239890234395292,0.2985357917570499,-43.29376058171136,93.45497308535957,False
Ridge — Current Cycle | alpha=0.01,175,175.0,30.0,61.19245570625419,95.26286935602188,0.26370895824415386,61955265539721.44,13.147887338811378,0.28253796095444683,-45.0711827707957,91.45497308535957,False
Ridge — Current Cycle | alpha=0.01,175,175.0,32.0,61.86374507220396,96.17590203698543,0.24952758064484593,72259134923029.33,13.060730368699856,0.2668112798264642,-46.84251144348531,89.45497308535957,False
Ridge — Current Cycle | alpha=0.01,175,175.0,34.0,62.58744719862463,97.11445962214684,0.23480874953211006,84276655678414.16,13.001179417854527,0.25352494577006507,-48.60938747525914,87.45497308535957,False
Ridge — Current Cycle | alpha=0.01,175,175.0,36.0,63.35211920113633,98.07689871851737,0.21956695711282692,98292827631590.19,12.950747926505162,0.2418655097613883,-50.36869604361116,85.45497308535957,False
Ridge — Current Cycle | alpha=0.01,175,175.0,38.0,64.15802846046118,99.06215238179293,0.20380816524475387,114640049340303.89,12.901381144599744,0.22857917570498915,-52.120292037166216,83.45497308535957,False
Ridge — Current Cycle | alpha=0.01,175,175.0,40.0,65.01479354767777,100.07131940035217,0.1875035890897414,133706001045670.34,12.896353592243724,0.21637744034707157,-53.86809920436489,81.45497308535957,False
Ridge — Current Cycle | alpha=0.01,200,200.0,0.0,55.21946979221344,79.14303988894898,0.4918081982678576,900913049072.2454,18.287721247280263,0.528470715835141,-9.988520016795949,123.0,False
Ridge — Current Cycle | alpha=0.01,200,200.0,2.0,55.000258001399864,79.39364564866733,0.4885847327995284,1050742181134.745,17.608617375325384,0.5127440347071583,-11.855611029316627,121.0,False
Ridge — Current Cycle | alpha=0.01,200,200.0,4.0,54.83301164881494,79.68855831695149,0.4847783082359378,1225490158529.888,16.99200233986476,0.5,-13.716220640234775,119.0,False
Ridge — Current Cycle | alpha=0.01,200,200.0,6.0,54.71349451198314,80.02704953920761,0.4803920219970712,1429301171232.3003,16.435331417940574,0.48590021691973967,-15.571491232253845,117.0,False
Ridge — Current Cycle | alpha=0.01,200,200.0,8.0,54.646892404724575,80.40901956479364,0.4754199947951979,1667008653407.8535,15.96176141707107,0.4712581344902386,-17.42157833656276,115.0,False
Ridge — Current Cycle | alpha=0.01,200,200.0,10.0,54.630382340502514,80.83347998992251,0.4698671066391572,1944249909297.17,15.529408970160981,0.4574295010845987,-19.265709651667173,113.0,False
Ridge — Current Cycle | alpha=0.01,200,200.0,12.0,54.66111714799479,81.29927415716648,0.46373983681486763,2267599803374.4,15.145696997712966,0.44414316702819956,-21.102652925461207,111.0,False
Ridge — Current Cycle | alpha=0.01,200,200.0,14.0,54.73729863994036,81.80420192932333,0.45705801830902126,2644726685100.255,14.791453142652397,0.431941431670282,-22.93071411065452,109.0,False
Ridge — Current Cycle | alpha=0.01,200,200.0,16.0,54.86456835911988,82.3474131398609,0.44982339232658164,3084574246284.3604,14.501856017594255,0.4140455531453362,-24.75141185264863,107.0,False
Ridge — Current Cycle | alpha=0.01,200,200.0,18.0,55.048502766372856,82.92803897726083,0.442037526574209,3597573623628.843,14.24487567577662,0.39940347071583515,-26.56497030567829,105.0,False
Ridge — Current Cycle | alpha=0.01,200,200.0,20.0,55.287240178829485,83.54708664386185,0.43367619123075174,4195890776706.066,14.009615050646412,0.3853036876355748,-28.374893169976303,103.0,False
Ridge — Current Cycle | alpha=0.01,200,200.0,22.0,55.56648309650778,84.20221922094343,0.42475973818294366,4893715007659.469,13.79606422721802,0.37364425162689807,-30.177744559911925,101.0,False
Ridge — Current Cycle | alpha=0.01,200,200.0,24.0,55.88925381579509,84.89170134483636,0.41530056440705987,5707595465541.611,13.599811521077072,0.3606290672451193,-31.97208747056632,99.0,False
Ridge — Current Cycle | alpha=0.01,200,200.0,26.0,56.25530102862225,85.61609170480422,0.40527937905450606,6656833615264.694,13.400083168988715,0.3484273318872017,-33.76139015572653,97.0,False
Ridge — Current Cycle | alpha=0.01,200,200.0,28.0,56.673745304637876,86.37283586428231,0.39471967453895085,7763940978475.0,13.239890234395292,0.3318872017353579,-35.54324736411927,95.0,False
Ridge — Current Cycle | alpha=0.01,200,200.0,30.0,57.15515424815116,87.16252426719205,0.38360118117640474,9055173002543.496,13.147887338811378,0.3156182212581345,-37.3206695532036,93.0,False
Ridge — Current Cycle | alpha=0.01,200,200.0,32.0,57.6940967880252,87.98348389580744,0.3719351201491019,10561151717634.467,13.060730368699856,0.300704989154013,-39.09199822589321,91.0,False
Ridge — Current Cycle | alpha=0.01,200,200.0,34.0,58.28497567232695,88.83414614126265,0.35973160560837136,12317591949139.553,13.001179417854527,0.2866052060737527,-40.858874257667054,89.0,False
Ridge — Current Cycle | alpha=0.01,200,200.0,36.0,58.91922358199707,89.71267057845043,0.34700512976109354,14366148307648.861,12.950747926505162,0.2752169197396963,-42.61818282601906,87.0,False
Ridge — Current Cycle | alpha=0.01,200,200.0,38.0,59.59497260694445,90.61784140950634,0.3337616544650257,16755403042998.545,12.901381144599744,0.2616594360086768,-44.36977881957412,85.0,False
Ridge — Current Cycle | alpha=0.01,200,200.0,40.0,60.32065716403036,91.55080589957585,0.31997239488201856,19542018189786.598,12.896353592243724,0.24891540130151843,-46.117585986772795,83.0,False
Ridge — Current Cycle | alpha=0.01,225,225.0,0.0,54.31963143170126,74.73939557327934,0.546788039870197,131687673994.77245,18.287721247280263,0.540943600867679,-5.141362955087629,127.84859653697649,False
Ridge — Current Cycle | alpha=0.01,225,225.0,2.0,54.04835890336057,74.87535528419669,0.5451376488734722,153584429079.65936,17.608617375325384,0.5273861171366594,-7.0084539676083075,125.84859653697649,False
Ridge — Current Cycle | alpha=0.01,225,225.0,4.0,53.82309098860799,75.05894722107332,0.542904298781486,179123664801.14658,16.99200233986476,0.5157266811279827,-8.86906357852645,123.84859653697649,False
Ridge — Current Cycle | alpha=0.01,225,225.0,6.0,53.641319461187116,75.28956940377364,0.5400910870142241,208911022377.2017,16.435331417940574,0.5027114967462039,-10.724334170545523,121.84859653697649,False
Ridge — Current Cycle | alpha=0.01,225,225.0,8.0,53.50670150612004,75.56727070749209,0.5366921342839553,243652894394.83633,15.96176141707107,0.4894251626898048,-12.574421274854432,119.84859653697649,False
Ridge — Current Cycle | alpha=0.01,225,225.0,10.0,53.41552776434923,75.89113804550828,0.532712320599519,284173176097.9988,15.529408970160981,0.4772234273318872,-14.418552589958846,117.84859653697649,False
Ridge — Current Cycle | alpha=0.01,225,225.0,12.0,53.368091894593064,76.26005964327904,0.5281581252468339,331432803558.7082,15.145696997712966,0.46366594360086766,-16.25549586375288,115.84859653697649,False
Ridge — Current Cycle | alpha=0.01,225,225.0,14.0,53.366691310748436,76.67179105356176,0.523049381212592,386552541882.49097,14.791453142652397,0.4522776572668113,-18.083557048946197,113.84859653697649,False
Ridge — Current Cycle | alpha=0.01,225,225.0,16.0,53.41328512540877,77.1255075357539,0.5173878297017568,450839564073.8462,14.501856017594255,0.4346529284164859,-19.904254790940303,111.84859653697649,False
Ridge — Current Cycle | alpha=0.01,225,225.0,18.0,53.51348531354531,77.62034837713594,0.5111750384209888,525818450649.42,14.24487567577662,0.4213665943600868,-21.717813243969964,109.84859653697649,False
Ridge — Current Cycle | alpha=0.01,225,225.0,20.0,53.66424591718722,78.15744297252812,0.504386777549136,613267345312.9785,14.009615050646412,0.40753796095444683,-23.527736108267977,107.84859653697649,False
Ridge — Current Cycle | alpha=0.01,225,225.0,22.0,53.856494077411476,78.73433367224244,0.4970433989729325,715260123772.8973,13.79606422721802,0.3956073752711497,-25.3305874982036,105.84859653697649,False
Ridge — Current Cycle | alpha=0.01,225,225.0,24.0,54.093039217585776,79.3491897000483,0.48915729966865307,834215576302.3307,13.599811521077072,0.3823210412147505,-27.124930408857992,103.84859653697649,False
Ridge — Current Cycle | alpha=0.01,225,225.0,26.0,54.37261920556774,80.00262170324153,0.48070918878770397,972954770086.5032,13.400083168988715,0.3703904555314534,-28.914233094018197,101.84859653697649,False
Ridge — Current Cycle | alpha=0.01,225,225.0,28.0,54.704216463371836,80.69189840112789,0.47172255874375313,1134767951485.967,13.239890234395292,0.35330802603036876,-30.69609030241094,99.84859653697649,False
Ridge — Current Cycle | alpha=0.01,225,225.0,30.0,55.10032077153045,81.41764366967213,0.4621771398528116,1323492575528.5188,13.147887338811378,0.33703904555314534,-32.47351249149528,97.84859653697649,False
Ridge — Current Cycle | alpha=0.01,225,225.0,32.0,55.554607395774624,82.1780498326033,0.45208415329711327,1543604312190.5264,13.060730368699856,0.32185466377440347,-34.24484116418489,95.84859653697649,False
Ridge — Current Cycle | alpha=0.01,225,225.0,34.0,56.06108454326084,82.97141271694969,0.4414537132279873,1800323188468.6335,13.001179417854527,0.30775488069414314,-36.011717195958724,93.84859653697649,False
Ridge — Current Cycle | alpha=0.01,225,225.0,36.0,56.611942823077534,83.79573045012451,0.430300311852314,2099737383217.0996,12.950747926505162,0.2960954446854664,-37.771025764310735,91.84859653697649,False
Ridge — Current Cycle | alpha=0.01,225,225.0,38.0,57.20515118298993,84.64966469410241,0.4186299110278505,2448947610456.607,12.901381144599744,0.28226681127982645,-39.52262175786581,89.84859653697649,False
Ridge — Current Cycle | alpha=0.01,225,225.0,40.0,57.849166243552546,85.53440234034787,0.40641372591644787,2856235515335.5146,12.896353592243724,0.2692516268980477,-41.27042892506447,87.84859653697649,False
Ridge — Current Cycle | alpha=0.01,250,250.0,0.0,53.54020629346699,71.29322192508002,0.5876189655904525,19337205275.795044,18.287721247280263,0.5477223427331888,-2.2805880327142027,127.84859653697649,False
Ridge — Current Cycle | alpha=0.01,250,250.0,2.0,53.24181879766426,71.35560224008182,0.5868969975728269,22548443726.587402,17.608617375325384,0.5344360086767896,-4.14767904523488,125.84859653697649,False
Ridge — Current Cycle | alpha=0.01,250,250.0,4.0,52.98835131675114,71.46821391609326,0.5855920704599397,26294610771.27764,16.99200233986476,0.5227765726681128,-6.0082886561530255,123.84859653697649,False
Ridge — Current Cycle | alpha=0.01,250,250.0,6.0,52.77938357921176,71.63055356296468,0.5837072816717765,30664514725.92277,16.435331417940574,0.5089479392624728,-7.863559248172098,121.84859653697649,False
Ridge — Current Cycle | alpha=0.01,250,250.0,8.0,52.61981985407961,71.8427884009314,0.5812367519206068,35761762125.66141,15.96176141707107,0.49593275488069416,-9.71364635248101,119.84859653697649,False
Ridge — Current Cycle | alpha=0.01,250,250.0,10.0,52.50356526533531,72.10406075384735,0.5781853612152696,41707213643.525406,15.529408970160981,0.4834598698481562,-11.557777667585423,117.84859653697649,False
Ridge — Current Cycle | alpha=0.01,250,250.0,12.0,52.43120258139479,72.41328842456402,0.5745595888416835,48641849480.26073,15.145696997712966,0.470173535791757,-13.394720941379456,115.84859653697649,False
Ridge — Current Cycle | alpha=0.01,250,250.0,14.0,52.40665733906365,72.76818045914135,0.5703792677865407,56730111967.174675,14.791453142652397,0.45770065075921906,-15.222782126572772,113.84859653697649,False
Ridge — Current Cycle | alpha=0.01,250,250.0,16.0,52.43101688040512,73.16792573888686,0.5656461392548046,66163804847.8058,14.501856017594255,0.4403470715835141,-17.04347986856688,111.84859653697649,False
Ridge — Current Cycle | alpha=0.01,250,250.0,18.0,52.509521498937666,73.61166230144575,0.5603617709531354,77166641472.9613,14.24487567577662,0.4267895878524946,-18.857038321596537,109.84859653697649,False
Ridge — Current Cycle | alpha=0.01,250,250.0,20.0,52.63804782926069,74.1006149563459,0.5545019330603816,89999549913.1001,14.009615050646412,0.4135032537960954,-20.66696118589455,107.84859653697649,False
Ridge — Current Cycle | alpha=0.01,250,250.0,22.0,52.80480792007063,74.63221451911475,0.5480869774632771,104966860437.0382,13.79606422721802,0.4031995661605206,-22.469812575830172,105.84859653697649,False
Ridge — Current Cycle | alpha=0.01,250,250.0,24.0,53.00974961783612,75.2045407643708,0.5411293011380969,122423522646.3909,13.599811521077072,0.39099783080260303,-24.264155486484572,103.84859653697649,False
Ridge — Current Cycle | alpha=0.01,250,250.0,26.0,53.25364569828174,75.81823939678459,0.5336096132362464,142783523084.56424,13.400083168988715,0.38015184381778744,-26.05345817164477,101.84859653697649,False
Ridge — Current Cycle | alpha=0.01,250,250.0,28.0,53.54612611592274,76.4704211687409,0.5255514061713948,166529702701.65848,13.239890234395292,0.36388286334056397,-27.83531538003752,99.84859653697649,False
Ridge — Current Cycle | alpha=0.01,250,250.0,30.0,53.89843296484333,77.1617291614106,0.5169344102595521,194225207706.50797,13.147887338811378,0.34869848156182215,-29.61273756912185,97.84859653697649,False
Ridge — Current Cycle | alpha=0.01,250,250.0,32.0,54.304454947005055,77.89023379768172,0.5077698466829528,226526844429.1347,13.060730368699856,0.3351409978308026,-31.384066241811464,95.84859653697649,False
Ridge — Current Cycle | alpha=0.01,250,250.0,34.0,54.756159860217956,78.65410908099203,0.4980678295929257,264200655659.28296,13.001179417854527,0.32239696312364424,-33.150942273585294,93.84859653697649,False
Ridge — Current Cycle | alpha=0.01,250,250.0,36.0,55.24841602584096,79.45121074633552,0.4878428511963516,308140087642.9236,12.950747926505162,0.31127982646420826,-34.91025084193732,91.84859653697649,False
Ridge — Current Cycle | alpha=0.01,250,250.0,38.0,55.78180342806949,80.28009143320138,0.47710087335098705,359387178432.7164,12.901381144599744,0.2974511930585683,-36.661846835492376,89.84859653697649,False
Ridge — Current Cycle | alpha=0.01,250,250.0,40.0,56.36506946857653,81.14196344512632,0.4658131112186835,419157270165.23285,12.896353592243724,0.28497830802603036,-38.40965400269105,87.84859653697649,False
Ridge — Current Cycle | alpha=0.01,300,300.0,0.0,51.93122361646081,67.08434833425811,0.6348724439352823,1489557399.9979281,18.287721247280263,0.5493492407809111,-0.09252126293510753,127.84859653697649,True
Ridge — Current Cycle | alpha=0.01,300,300.0,2.0,51.62578622911795,67.0854380841254,0.6348605812296748,1732185395.42595,17.608617375325384,0.5363340563991323,-1.9596122754557868,125.84859653697649,True
Ridge — Current Cycle | alpha=0.01,300,300.0,4.0,51.36450367778363,67.14005782818185,0.6342657594288059,2016090175.3234477,16.99200233986476,0.5249457700650759,-3.82022188637393,123.84859653697649,True
Ridge — Current Cycle | alpha=0.01,300,300.0,6.0,51.14702025697732,67.24779328329495,0.6330910759526611,2347968860.602226,16.435331417940574,0.5113882863340564,-5.675492478393002,121.84859653697649,True
Ridge — Current Cycle | alpha=0.01,300,300.0,8.0,50.97820930090591,67.40892727137782,0.6313306515135094,2735662799.6648793,15.96176141707107,0.49783080260303686,-7.525579582701914,119.84859653697649,False
Ridge — Current Cycle | alpha=0.01,300,300.0,10.0,50.85382022192299,67.62263334692237,0.6289893661201904,3188342303.115418,15.529408970160981,0.48590021691973967,-9.36971089780633,117.84859653697649,False
Ridge — Current Cycle | alpha=0.01,300,300.0,12.0,50.77194084346318,67.88782686872344,0.6260736990586225,3716723189.9055786,15.145696997712966,0.47234273318872017,-11.206654171600363,115.84859653697649,False
Ridge — Current Cycle | alpha=0.01,300,300.0,14.0,50.73845744898892,68.20211519266624,0.6226034833154979,4333320073.49378,14.791453142652397,0.4601409978308026,-13.034715356793676,113.84859653697649,False
Ridge — Current Cycle | alpha=0.01,300,300.0,16.0,50.7559838992797,68.5646666970073,0.6185804600957798,5052742578.164414,14.501856017594255,0.44170281995661603,-14.855413098787785,111.84859653697649,False
Ridge — Current Cycle | alpha=0.01,300,300.0,18.0,50.82852322497059,68.97458026000167,0.6140061971061289,5892041275.589269,14.24487567577662,0.4286876355748373,-16.668971551817446,109.84859653697649,False
Ridge — Current Cycle | alpha=0.01,300,300.0,20.0,50.95036595726619,69.43316761527474,0.6088564645253933,6871111686.938931,14.009615050646412,0.4154013015184382,-18.478894416115462,107.84859653697649,False
Ridge — Current Cycle | alpha=0.01,300,300.0,22.0,51.109533857186754,69.9376780078539,0.603151614240307,8013165564.753706,13.79606422721802,0.40509761388286336,-20.28174580605108,105.84859653697649,False
Ridge — Current Cycle | alpha=0.01,300,300.0,24.0,51.30688336406287,70.48604149478024,0.5969040432271451,9345281181.139822,13.599811521077072,0.39316702819956617,-22.076088716705474,103.84859653697649,False
Ridge — Current Cycle | alpha=0.01,300,300.0,26.0,51.54170004769662,71.07891566542777,0.590094460637313,10899045333.20987,13.400083168988715,0.3823210412147505,-23.865391401865676,101.84859653697649,False
Ridge — Current Cycle | alpha=0.01,300,300.0,28.0,51.82549959773026,71.7131778238167,0.5827463588844795,12711302049.338274,13.239890234395292,0.36550976138828634,-25.647248610258426,99.84859653697649,False
Ridge — Current Cycle | alpha=0.01,300,300.0,30.0,52.171298854459934,72.38946566984387,0.5748394682846549,14825026451.970482,13.147887338811378,0.35059652928416485,-27.424670799342756,97.84859653697649,False
Ridge — Current Cycle | alpha=0.01,300,300.0,32.0,52.570778817101896,73.10566699487136,0.5663850100200738,17290343565.749504,13.060730368699856,0.3364967462039046,-29.195999472032366,95.84859653697649,False
Ridge — Current Cycle | alpha=0.01,300,300.0,34.0,53.01809157099707,73.85977683389643,0.557393098242065,20165716986.28555,13.001179417854527,0.3237527114967462,-30.962875503806206,93.84859653697649,False
Ridge — Current Cycle | alpha=0.01,300,300.0,36.0,53.5045426677601,74.64944996855567,0.547878225157509,23519335372.47874,12.950747926505162,0.3129067245119306,-32.722184072158214,91.84859653697649,False
Ridge — Current Cycle | alpha=0.01,300,300.0,38.0,54.03185533638783,75.47308331447265,0.5378463526241628,27430729515.150238,12.901381144599744,0.2993492407809111,-34.47378006571328,89.84859653697649,False
Ridge — Current Cycle | alpha=0.01,300,300.0,40.0,54.60825907203921,76.33190151647774,0.5272686958038773,31992658402.39538,12.896353592243724,0.2868763557483731,-36.22158723291195,87.84859653697649,False
Random Forest — Temporal,No ceiling,,0.0,42.4204651167615,63.35105813448061,0.6743808442639575,5401314329.093798,4.847851908819608,0.533351409978308,-9.229799144201609,205.44946190476202,True
Random Forest — Temporal,No ceiling,,2.0,42.376425328065594,63.67313636697601,0.671061517379968,4548728857.457123,4.2413994856319714,0.48400216919739697,-11.226817309000491,203.44946190476202,True
Random Forest — Temporal,No ceiling,,4.0,42.53361104019814,64.05524592261926,0.6671016785515071,3871730599.946395,4.670649722064279,0.43329718004338397,-13.207942820867613,201.44946190476202,True
Random Forest — Temporal,No ceiling,,6.0,42.828201526777285,64.4954574392949,0.6625103533257286,3341990113.0062404,5.6013643694104855,0.40211496746203906,-15.172189256219578,199.44946190476202,True
Random Forest — Temporal,No ceiling,,8.0,43.20325735512483,64.99185498770458,0.6572952965068433,2936895155.7169123,6.716590978968674,0.3858459869848156,-17.121514379221484,197.44946190476202,True
Random Forest — Temporal,No ceiling,,10.0,43.62737504675891,65.54207933549775,0.6514680226060416,2638611126.1165123,7.7733432129943365,0.3690347071583514,-19.054434392959763,195.44946190476202,True
Random Forest — Temporal,No ceiling,,12.0,44.10366720149105,66.1438583746818,0.645038501048993,2433327906.8264523,8.74892140793806,0.3500542299349241,-20.971794425601963,193.44946190476202,True
Random Forest — Temporal,No ceiling,,14.0,44.64821343185686,66.79528067111265,0.6380123467878607,2310661999.3016453,9.682428315350228,0.330531453362256,-22.875468550187307,191.44946190476202,True
Random Forest — Temporal,No ceiling,,16.0,45.25982584557591,67.4938688931596,0.6304009496536793,2263188921.562641,10.564926869737707,0.306941431670282,-24.764310496668838,189.44946190476202,False
Random Forest — Temporal,No ceiling,,18.0,45.94840841176311,68.23712006329184,0.6222159848803863,2286085923.725022,11.380659664484906,0.2866052060737527,-26.63817544289926,187.44946190476202,False
Random Forest — Temporal,No ceiling,,20.0,46.68751424331903,69.02161692352999,0.6134795668262703,2376869225.6294746,12.074668221415877,0.272234273318872,-28.494282233932985,185.44946190476202,False
Random Forest — Temporal,No ceiling,,22.0,47.4641726468371,69.84431616121675,0.6042104360167444,2535213663.3849144,12.616658384976763,0.2573210412147505,-30.329614774748567,183.44946190476202,False
Random Forest — Temporal,No ceiling,,24.0,48.27820162049982,70.70403204482568,0.5944068966731529,2762845523.2490153,13.062908478738025,0.2445770065075922,-32.14838857321156,181.44946190476202,False
Random Forest — Temporal,No ceiling,,26.0,49.12812328201887,71.59923407357925,0.5840712387924072,3063502042.6536245,13.420533521091423,0.23318872017353579,-33.952786332977304,179.44946190476202,False
Random Forest — Temporal,No ceiling,,28.0,50.016827047047386,72.52920350108283,0.5731964570414794,3442953383.4587708,13.714340280239618,0.22044468546637744,-35.746407670628805,177.44946190476202,False
Random Forest — Temporal,No ceiling,,30.0,50.93380078721864,73.490171325736,0.5618117586116458,3909084861.4978714,13.926338100011712,0.20959869848156182,-37.52429537770933,175.44946190476202,False
Random Forest — Temporal,No ceiling,,32.0,51.871803174952035,74.47793924145692,0.5499533818835188,4472039277.010975,14.050593048748437,0.20092190889370934,-39.2811642696953,173.44946190476202,False
Random Forest — Temporal,No ceiling,,34.0,52.82376322086019,75.49223384354951,0.5376117892716683,5144420891.746545,14.138030764168919,0.19224511930585683,-41.02233009393146,171.44946190476202,False
Random Forest — Temporal,No ceiling,,36.0,53.808696399494806,76.53301972459448,0.5247743226285626,5941564380.855659,14.213662136155056,0.18058568329718006,-42.751786912584656,169.44946190476202,False
Random Forest — Temporal,No ceiling,,38.0,54.83333871760497,77.59900450995355,0.5114438334159893,6881873954.934566,14.267638071965294,0.16594360086767895,-44.46998894854403,167.44946190476202,False
Random Forest — Temporal,No ceiling,,40.0,55.90777889888386,78.68923623180726,0.497619400785267,7987239748.67117,14.313742805397565,0.1504880694143167,-46.17808272942199,165.44946190476202,False
Random Forest — Temporal,125,125.0,0.0,60.0024908268735,101.39803202951686,0.16581715976593192,288551658118441.25,4.847851908819608,0.3641540130151844,-47.92534111501341,65.0,False
Random Forest — Temporal,125,125.0,2.0,60.62637260121348,102.35846225589438,0.14993975637147516,336541100014525.75,4.2413994856319714,0.31724511930585686,-49.92235927981229,63.0,False
Random Forest — Temporal,125,125.0,4.0,61.44175587003474,103.34816495068654,0.13342184103254706,392511735120284.75,4.670649722064279,0.26898047722342733,-51.90348479167942,61.0,False
Random Forest — Temporal,125,125.0,6.0,62.38746519737796,104.36577440259919,0.11627243929630138,457790927174559.5,5.6013643694104855,0.23834056399132322,-53.86773122703138,59.0,False
Random Forest — Temporal,125,125.0,8.0,63.41552304148436,105.4100290246445,0.09849930596694856,533926795691659.44,6.716590978968674,0.22125813449023862,-55.81705635003329,57.0,False
Random Forest — Temporal,125,125.0,10.0,64.49239473754719,106.47947847232115,0.0801139555556799,622724930172353.6,7.7733432129943365,0.20553145336225598,-57.749976363771566,55.0,False
Random Forest — Temporal,125,125.0,12.0,65.61635054389299,107.57280018987157,0.06112635748816386,726291210308188.5,8.74892140793806,0.18709327548806942,-59.667336396413766,53.0,False
Random Forest — Temporal,125,125.0,14.0,66.80420295515148,108.6889554086156,0.04154212671656454,847081747675653.1,9.682428315350228,0.16919739696312364,-61.57101052099912,51.0,False
Random Forest — Temporal,125,125.0,16.0,68.0430927188643,109.82660886112063,0.021372653071915937,987961133305432.4,10.564926869737707,0.15238611713665945,-63.45985246748064,49.0,False
Random Forest — Temporal,125,125.0,18.0,69.34075290419199,110.98445115502405,0.0006296117881556818,1152270372488838.8,11.380659664484906,0.13557483731019523,-65.33371741371106,47.0,False
Random Forest — Temporal,125,125.0,20.0,70.67234900075678,112.1606420018697,-0.02066488277642775,1343906117919721.0,12.074668221415877,0.12445770065075921,-67.18982420474478,45.0,False
Random Forest — Temporal,125,125.0,22.0,72.03094337837189,113.353591383089,-0.04249209009642074,1567413080214384.0,12.616658384976763,0.11171366594360087,-69.02515674556037,43.0,False
Random Forest — Temporal,125,125.0,24.0,73.424166756751,114.56286699753672,-0.06485370595047923,1828091807358161.0,13.062908478738025,0.09869848156182212,-70.84393054402335,41.0,False
Random Forest — Temporal,125,125.0,26.0,74.84886533558347,115.7878354366554,-0.08774744034169246,2132124389106981.8,13.420533521091423,0.08975054229934924,-72.6483283037891,39.0,False
Random Forest — Temporal,125,125.0,28.0,76.30168547228338,117.02837281432025,-0.11118029860308742,2486721067469064.5,13.714340280239618,0.07863340563991324,-74.44194964144062,37.0,False
Random Forest — Temporal,125,125.0,30.0,77.77654202581,118.28246756149164,-0.13512307354338837,2900291230186963.0,13.926338100011712,0.07077006507592191,-76.21983734852112,35.0,False
Random Forest — Temporal,125,125.0,32.0,79.26154249205818,119.5478249592467,-0.15953952678198235,3382642842391964.5,14.050593048748437,0.06317787418655098,-77.9767062405071,33.0,False
Random Forest — Temporal,125,125.0,34.0,80.7565178586327,120.82457762146305,-0.18443919590430013,3945215046024208.5,14.138030764168919,0.05802603036876356,-79.71787206474326,31.0,False
Random Forest — Temporal,125,125.0,36.0,82.26381697425136,122.11300693523275,-0.2098347390578732,4601349443197370.0,14.213662136155056,0.0509761388286334,-81.44732888339647,29.0,False
Random Forest — Temporal,125,125.0,38.0,83.79244057826557,123.41260479958306,-0.23572330478091374,5366606497090509.0,14.267638071965294,0.042841648590021694,-83.16553091935583,27.0,False
Random Forest — Temporal,125,125.0,40.0,85.34434682456663,124.72306759020441,-0.2621058139221031,6259134553927988.0,14.313742805397565,0.03389370932754881,-84.8736247002338,25.0,False
Random Forest — Temporal,150,150.0,0.0,53.16293422102995,90.65894328556247,0.33315714092270876,42173717118361.38,4.847851908819608,0.43221258134490237,-35.41563330082412,90.0,False
Random Forest — Temporal,150,150.0,2.0,53.51652841468719,91.45872873777823,0.3213395816305178,49187688712577.42,4.2413994856319714,0.38449023861171366,-37.41265146562301,88.0,False
Random Forest — Temporal,150,150.0,4.0,54.06568706725429,92.29435862693181,0.3088815103938557,57368164034874.68,4.670649722064279,0.33568329718004336,-39.39377697749013,86.0,False
Random Forest — Temporal,150,150.0,6.0,54.74559028933455,93.16427142998468,0.2957919527598756,66909145998901.86,5.6013643694104855,0.30422993492407807,-41.358023412842094,84.0,False
Random Forest — Temporal,150,150.0,8.0,55.51172303194866,94.0670079897584,0.2820786635327889,78036902422633.66,6.716590978968674,0.2868763557483731,-43.307348535844,82.0,False
Random Forest — Temporal,150,150.0,10.0,56.32892304861895,95.00088566771166,0.2677531572237857,91015332051025.23,7.7733432129943365,0.26898047722342733,-45.240268549582275,80.0,False
Random Forest — Temporal,150,150.0,12.0,57.20247417146609,95.96435510826608,0.25282540325853564,106152223009649.33,8.74892140793806,0.24810195227765727,-47.157628582224476,78.0,False
Random Forest — Temporal,150,150.0,14.0,58.15100460480921,96.95617725145023,0.23730101658920189,123806552110760.61,9.682428315350228,0.22803687635574837,-49.061302706809826,76.0,False
Random Forest — Temporal,150,150.0,16.0,59.15918085418635,97.97477462120251,0.22119138704681918,144396998117465.38,10.564926869737707,0.20824295010845986,-50.95014465329136,74.0,False
Random Forest — Temporal,150,150.0,18.0,60.237486108265564,99.01859428949194,0.20450818986532482,168411870861161.97,11.380659664484906,0.18899132321041215,-52.82400959952178,72.0,False
Random Forest — Temporal,150,150.0,20.0,61.35953540195959,100.08548546067964,0.18727353940300695,196420691684763.56,12.074668221415877,0.175704989154013,-54.6801163905555,70.0,False
Random Forest — Temporal,150,150.0,22.0,62.51511806536828,101.17357675705591,0.16950617618527997,229087699846171.38,12.616658384976763,0.1621475054229935,-56.515448931371076,68.0,False
Random Forest — Temporal,150,150.0,24.0,63.70981031697723,102.28229376490394,0.15120440443348704,267187605191138.62,13.062908478738025,0.1480477223427332,-58.334222729834075,66.0,False
Random Forest — Temporal,150,150.0,26.0,64.93992054575585,103.41083660315323,0.1323705141445396,311623960675835.3,13.420533521091423,0.13828633405639915,-60.13862048959981,64.0,False
Random Forest — Temporal,150,150.0,28.0,66.19875772447145,104.55897620084484,0.11299749998541053,363450590450136.56,13.714340280239618,0.12744034707158353,-61.932241827251325,62.0,False
Random Forest — Temporal,150,150.0,30.0,67.48161723854516,105.72437165469404,0.09311456914737548,423896581676274.4,13.926338100011712,0.11795010845986985,-63.710129534331834,60.0,False
Random Forest — Temporal,150,150.0,32.0,68.78060557698352,106.90436965145288,0.07275796001104717,494395432772884.75,14.050593048748437,0.10954446854663774,-65.46699842631783,58.0,False
Random Forest — Temporal,150,150.0,34.0,70.09045106348036,108.09903572297017,0.05191813499099529,576619049345527.4,14.138030764168919,0.10357917570498916,-67.20816425055396,56.0,False
Random Forest — Temporal,150,150.0,36.0,71.41877000453444,109.30860258158313,0.03058243593968779,672517394029336.0,14.213662136155056,0.09544468546637744,-68.93762106920718,54.0,False
Random Forest — Temporal,150,150.0,38.0,72.77554721454295,110.53242206581557,0.008753714318913364,784364730554118.1,14.267638071965294,0.08351409978308026,-70.65582310516655,52.0,False
Random Forest — Temporal,150,150.0,40.0,74.17147989193214,111.77007677447243,-0.01356895072001052,914813558726546.1,14.313742805397565,0.07077006507592191,-72.3639168860445,50.0,False
Random Forest — Temporal,175,175.0,0.0,49.24401451877203,82.22361193210529,0.4514764212605056,6163990405597.172,4.847851908819608,0.4894251626898048,-25.62684917800459,110.0,False
Random Forest — Temporal,175,175.0,2.0,49.372047152791566,82.86870511445102,0.44283566977867017,7189132178516.073,4.2413994856319714,0.4403470715835141,-27.62386734280348,108.0,False
Random Forest — Temporal,175,175.0,4.0,49.702651850768696,83.55606933598996,0.4335544063523634,8384766820029.769,4.670649722064279,0.3893709327548807,-29.604992854670595,106.0,False
Random Forest — Temporal,175,175.0,6.0,50.17077983060494,84.28401048308416,0.4236416565287391,9779249233134.262,5.6013643694104855,0.3571041214750542,-31.569239290022555,104.0,False
Random Forest — Temporal,175,175.0,8.0,50.72822649974926,85.05092479030887,0.4131051751120076,11405650067688.525,6.716590978968674,0.3381236442516269,-33.51856441302447,102.0,False
Random Forest — Temporal,175,175.0,10.0,51.34301677411972,85.85494136448901,0.4019564766133602,13302540002685.959,7.7733432129943365,0.31968546637744033,-35.45148442676275,100.0,False
Random Forest — Temporal,175,175.0,12.0,52.013528338321606,86.69431927124371,0.3902055304584656,15514904463715.363,8.74892140793806,0.29989154013015185,-37.36884445940495,98.0,False
Random Forest — Temporal,175,175.0,14.0,52.756335447462774,87.56764649847742,0.37785795159948743,18095210468448.305,9.682428315350228,0.27955531453362253,-39.27251858399029,96.0,False
Random Forest — Temporal,175,175.0,16.0,53.56769193056862,88.47312434661623,0.36492512986746006,21104650900771.48,10.564926869737707,0.2559652928416486,-41.16136053047182,94.0,False
Random Forest — Temporal,175,175.0,18.0,54.456938613219876,89.40897129568218,0.35141874049632116,24614595722007.94,11.380659664484906,0.23644251626898047,-43.03522547670225,92.0,False
Random Forest — Temporal,175,175.0,20.0,55.39102312730621,90.37273591351402,0.3373608978443591,28708284535163.27,12.074668221415877,0.22315618221258135,-44.89133226773596,90.0,False
Random Forest — Temporal,175,175.0,22.0,56.36056859235353,91.36227062589043,0.32277034243698743,33482800642050.54,12.616658384976763,0.2077006507592191,-46.72666480855155,88.0,False
Random Forest — Temporal,175,175.0,24.0,57.373623535974815,92.37686042197682,0.30764537849555007,39051373408683.27,13.062908478738025,0.1933297180043384,-48.545438607014546,86.0,False
Random Forest — Temporal,175,175.0,26.0,58.42572375903297,93.41553786219963,0.2919882960169583,45546063540375.555,13.420533521091423,0.1822125813449024,-50.34983636678028,84.0,False
Random Forest — Temporal,175,175.0,28.0,59.516420572247185,94.47796544590467,0.2757920896681846,53120894948859.04,13.714340280239618,0.16892624728850325,-52.14345770443179,82.0,False
Random Forest — Temporal,175,175.0,30.0,60.636836292261584,95.561467527018,0.2590859666405051,61955507484698.53,13.926338100011712,0.15835140997830802,-53.9213454115123,80.0,False
Random Forest — Temporal,175,175.0,32.0,61.776122710998735,96.66302513485,0.24190616531453224,72259417160951.12,14.050593048748437,0.1502169197396963,-55.678214303498294,78.0,False
Random Forest — Temporal,175,175.0,34.0,62.92806991598206,97.78262915973814,0.2242431481048358,84276984900779.22,14.138030764168919,0.14262472885032537,-57.419380127734435,76.0,False
Random Forest — Temporal,175,175.0,36.0,64.10319735839484,98.92045543264591,0.2060842568638841,98293211644599.61,14.213662136155056,0.1336767895878525,-59.14883694638765,74.0,False
Random Forest — Temporal,175,175.0,38.0,65.31118380037341,100.07570682192518,0.1874323430534649,114640497249855.12,14.267638071965294,0.12039045553145336,-60.86703898234702,72.0,False
Random Forest — Temporal,175,175.0,40.0,66.56095404993277,101.24784290962704,0.1682864858248967,133706523473163.97,14.313742805397565,0.10737527114967461,-62.57513276322497,70.0,False
Random Forest — Temporal,200,200.0,0.0,46.66093203279825,75.98742653315962,0.5315258061020178,901078091012.0782,4.847851908819608,0.5222342733188721,-19.558356301029995,124.52001904761909,False
Random Forest — Temporal,200,200.0,2.0,46.66008773003303,76.52656367437928,0.5248544959038776,1050936345770.1906,4.2413994856319714,0.4718004338394794,-21.555374465828884,122.52001904761909,False
Random Forest — Temporal,200,200.0,4.0,46.868640202658625,77.11313384784623,0.5175426737612658,1225717985910.8398,4.670649722064279,0.41865509761388287,-23.536499977696,120.52001904761909,False
Random Forest — Temporal,200,200.0,6.0,47.22300598157814,77.74534803163357,0.5095993652213365,1429568011456.1707,5.6013643694104855,0.3858459869848156,-25.500746413047967,118.52001904761909,False
Random Forest — Temporal,200,200.0,8.0,47.66530692923154,78.42149293163237,0.5010323250883002,1667320791348.8599,6.716590978968674,0.3676789587852495,-27.450071536049876,116.52001904761909,False
Random Forest — Temporal,200,200.0,10.0,48.16393734682367,79.13954593710554,0.4918530678733478,1944614711946.5127,7.7733432129943365,0.3492407809110629,-29.382991549788144,114.52001904761909,False
Random Forest — Temporal,200,200.0,12.0,48.72103210459269,79.89760820467552,0.48207156300214826,2268025893131.0986,8.74892140793806,0.3286334056399132,-31.30035158243035,112.52001904761909,False
Random Forest — Temporal,200,200.0,14.0,49.349937072473104,80.69412335912634,0.4716934254268652,2645224143142.9917,9.682428315350228,0.3091106290672451,-33.2040257070157,110.52001904761909,False
Random Forest — Temporal,200,200.0,16.0,50.0463977089523,81.52710341695894,0.46073004497853287,3085154850660.3613,10.564926869737707,0.2857917570498915,-35.09286765349722,108.52001904761909,False
Random Forest — Temporal,200,200.0,18.0,50.81908416900413,82.39456921758811,0.4491930968910891,3598251127779.5005,11.380659664484906,0.2651843817787419,-36.96673259972765,106.52001904761909,False
Random Forest — Temporal,200,200.0,20.0,51.643367516601636,83.29380717307647,0.43710469552282205,4196681234887.412,12.074668221415877,0.25054229934924077,-38.822839390761374,104.52001904761909,False
Random Forest — Temporal,200,200.0,22.0,52.50578944489332,84.22242836265434,0.42448358139914555,4894637155263.124,12.616658384976763,0.2350867678958785,-40.658171931576945,102.52001904761909,False
Random Forest — Temporal,200,200.0,24.0,53.409430246707394,85.17959447718384,0.4113280587414032,5708671162990.984,13.062908478738025,0.221529284164859,-42.476945730039944,100.52001904761909,False
Random Forest — Temporal,200,200.0,26.0,54.3507112245067,86.16419045318223,0.3976404175465065,6658088366016.175,13.420533521091423,0.2101409978308026,-44.28134348980568,98.52001904761909,False
Random Forest — Temporal,200,200.0,28.0,55.33269047760463,87.17578210522613,0.3834136524814279,7765404533683.525,13.714340280239618,0.1963123644251627,-46.074964827457194,96.52001904761909,False
Random Forest — Temporal,200,200.0,30.0,56.34604583382794,88.21140025682465,0.36867697073744354,9056880066232.354,13.926338100011712,0.1846529284164859,-47.8528525345377,94.52001904761909,False
Random Forest — Temporal,200,200.0,32.0,57.38381190995306,89.26770701695634,0.35346661069516583,10563142769612.203,14.050593048748437,0.17489154013015185,-49.6097214265237,92.52001904761909,False
Random Forest — Temporal,200,200.0,34.0,58.44070591823831,90.34462729862514,0.3377730347691643,12319914204912.123,14.138030764168919,0.16567245119305857,-51.35088725075984,90.52001904761909,False
Random Forest — Temporal,200,200.0,36.0,59.53089059637367,91.44228588476341,0.32158358481190763,14368856837994.674,14.213662136155056,0.15455531453362256,-53.08034406941305,88.52001904761909,False
Random Forest — Temporal,200,200.0,38.0,60.66073898823655,92.5597551273162,0.3049011122851837,16758562079820.912,14.267638071965294,0.1390997830802603,-54.79854610537242,86.52001904761909,False
Random Forest — Temporal,200,200.0,40.0,61.8418493684055,93.69638678020316,0.2877246963403104,19545702649224.62,14.313742805397565,0.12337310195227766,-56.506639886250376,84.52001904761909,False
Random Forest — Temporal,225,225.0,0.0,45.17035135292174,71.44337852725934,0.5858800360675007,131940844277.81955,4.847851908819608,0.5295553145336226,-16.168799392670742,137.0,False
Random Forest — Temporal,225,225.0,2.0,45.139427346527405,71.92234746191421,0.5803087573671453,153880197716.7037,4.2413994856319714,0.4807483731019523,-18.165817557469627,135.0,False
Random Forest — Temporal,225,225.0,4.0,45.30962824304173,72.45264868054103,0.5740969667223188,179469027093.38547,4.670649722064279,0.4300433839479393,-20.14694306933675,133.0,False
Random Forest — Temporal,225,225.0,6.0,45.617233914002654,73.03240241096037,0.5672536896801745,209314153200.28513,5.6013643694104855,0.3988611713665944,-22.111189504688713,131.0,False
Random Forest — Temporal,225,225.0,8.0,46.005304926731974,73.65979220272921,0.5597866810449235,244123341421.03613,6.716590978968674,0.3825921908893709,-24.060514627690623,129.0,False
Random Forest — Temporal,225,225.0,10.0,46.44211321851066,74.33265727270204,0.551707455327756,284722085743.04315,7.7733432129943365,0.3660520607375271,-25.993434641428895,127.0,False
Random Forest — Temporal,225,225.0,12.0,46.9303359589261,75.0489558573878,0.5430259819543416,332073184907.9953,8.74892140793806,0.3470715835140998,-27.910794674071095,125.0,False
Random Forest — Temporal,225,225.0,14.0,47.484935119429984,75.8070003068369,0.5337478758768437,387299574918.555,9.682428315350228,0.32809110629067245,-29.81446879865645,123.0,False
Random Forest — Temporal,225,225.0,16.0,48.10605335421999,76.60463507353163,0.5238845269262964,451710959362.9885,10.564926869737707,0.30450108459869846,-31.703310745137973,121.0,False
Random Forest — Temporal,225,225.0,18.0,48.80383560992591,77.43970772225263,0.5134476103366379,526834869109.05756,11.380659664484906,0.2841648590021692,-33.577175691368396,119.0,False
Random Forest — Temporal,225,225.0,20.0,49.55378742846665,78.30928030130406,0.5024592404661559,614452887897.3882,12.074668221415877,0.26870932754880694,-35.43328248240211,117.0,False
Random Forest — Temporal,225,225.0,22.0,50.3451665194137,79.21075861012547,0.4909381578402644,716642902993.3982,12.616658384976763,0.2524403470715835,-37.268615023217706,115.0,False
Random Forest — Temporal,225,225.0,24.0,51.180345167696814,80.14319639216528,0.4788826666803072,835828382808.9623,13.062908478738025,0.2380694143167028,-39.08738882168069,113.0,False
Random Forest — Temporal,225,225.0,26.0,52.05705767202574,81.10535186702852,0.4662950569831956,974835850132.476,13.420533521091423,0.22586767895878526,-40.89178658144643,111.0,False
Random Forest — Temporal,225,225.0,28.0,52.97667249996098,82.09670604260975,0.4531683234159021,1136961913995.0798,13.714340280239618,0.21149674620390455,-42.68540791909795,109.0,False
Random Forest — Temporal,225,225.0,30.0,53.930558345458806,83.11404854189874,0.43953167316970276,1326051449788.7407,13.926338100011712,0.199295010845987,-44.46329562617845,107.0,False
Random Forest — Temporal,225,225.0,32.0,54.91028431804915,84.15378314839501,0.4254213446252101,1546588781782.157,14.050593048748437,0.18953362255965292,-46.220164518164445,105.0,False
Random Forest — Temporal,225,225.0,34.0,55.908656437238925,85.2157799718807,0.4108278001969937,1803804030427.3506,14.138030764168919,0.17977223427331887,-47.961330342400586,103.0,False
Random Forest — Temporal,225,225.0,36.0,56.94300669399908,86.30012105835,0.3957383817375222,2103797146471.6956,14.213662136155056,0.16784164859002168,-49.6907871610538,101.0,False
Random Forest — Temporal,225,225.0,38.0,58.01970974963636,87.4057737706747,0.3801559407085833,2453682573409.6216,14.267638071965294,0.15211496746203904,-51.40898919701316,99.0,False
Random Forest — Temporal,225,225.0,40.0,59.15054906323631,88.53200374584108,0.36407955626149513,2861757969029.5664,14.313742805397565,0.13557483731019523,-53.11708297789113,97.0,False
Random Forest — Temporal,250,250.0,0.0,43.94592602598686,67.86473503813248,0.6263280355036013,19589300895.235794,4.847851908819608,0.5295553145336226,-13.798061416684627,162.0,False
Random Forest — Temporal,250,250.0,2.0,43.91500201959252,68.29939266885935,0.621526145403906,22828439386.288387,4.2413994856319714,0.4807483731019523,-15.795079581483513,160.0,False
Random Forest — Temporal,250,250.0,4.0,44.085202916106844,68.78870781912303,0.6160837433597396,26609689229.27167,4.670649722064279,0.4300433839479393,-17.776205093350633,158.0,False
Random Forest — Temporal,250,250.0,6.0,44.392808587067776,69.33072098724547,0.6100098549182551,31022592397.818,5.6013643694104855,0.3988611713665944,-19.740451528702597,156.0,False
Random Forest — Temporal,250,250.0,8.0,44.780879599797096,69.92352326749655,0.6033122348836641,36171694628.31784,6.716590978968674,0.3825921908893709,-21.689776651704506,154.0,False
Random Forest — Temporal,250,250.0,10.0,45.217687891575785,70.56482908721541,0.5960023977671568,42179020436.842384,7.7733432129943365,0.3660520607375271,-23.62269666544278,152.0,False
Random Forest — Temporal,250,250.0,12.0,45.705910631991216,71.25246655567187,0.5880903129944024,49186963434.198654,8.74892140793806,0.3470715835140998,-25.540056698084985,150.0,False
Random Forest — Temporal,250,250.0,14.0,46.26050979249511,71.98462723804175,0.5795815955175644,57361660334.21871,9.682428315350228,0.32809110629067245,-27.443730822670325,148.0,False
Random Forest — Temporal,250,250.0,16.0,46.88108572793586,72.75900237031881,0.5704876351676773,66896928559.44942,10.564926869737707,0.3050433839479393,-29.332572769151856,146.0,False
Random Forest — Temporal,250,250.0,18.0,47.5761564868956,73.57328109700612,0.5608201071786787,78018860754.33046,11.380659664484906,0.28524945770065074,-31.206437715382286,144.0,False
Random Forest — Temporal,250,250.0,20.0,48.32068531194392,74.42432256107828,0.5506011259088567,90991185043.88399,12.074668221415877,0.2708785249457701,-33.062544506415996,142.0,False
Random Forest — Temporal,250,250.0,22.0,49.1017607152554,75.30934693021071,0.5398494318836253,106121518161.4851,12.616658384976763,0.256236442516269,-34.89787704723158,140.0,False
Random Forest — Temporal,250,250.0,24.0,49.92012808371204,76.22730764963764,0.528563329324328,123768659624.43275,13.062908478738025,0.24349240780911063,-36.71665084569458,138.0,False
Random Forest — Temporal,250,250.0,26.0,50.77409244821382,77.1768466130218,0.5167451082278764,144351099907.7755,13.420533521091423,0.23237527114967463,-38.52104860546032,136.0,False
Random Forest — Temporal,250,250.0,28.0,51.66605000933778,78.15736524984781,0.504387763261243,168356944391.57742,13.714340280239618,0.21963123644251628,-40.31466994311183,134.0,False
Random Forest — Temporal,250,250.0,30.0,52.58627754560447,79.16543887879732,0.4915205016157037,196355488340.65158,13.926338100011712,0.20878524945770066,-42.09255765019234,132.0,False
Random Forest — Temporal,250,250.0,32.0,53.52753372943332,80.19724380632195,0.47817956167187103,229010717481.78088,14.050593048748437,0.20010845986984815,-43.849426542178335,130.0,False
Random Forest — Temporal,250,250.0,34.0,54.48274757143691,81.25259934460922,0.4643554058443148,267097054296.17822,14.138030764168919,0.19143167028199568,-45.59059236641448,128.0,False
Random Forest — Temporal,250,250.0,36.0,55.47093454616697,82.33154733649508,0.45003537598550314,311517723398.34314,14.213662136155056,0.17977223427331887,-47.32004918506768,126.0,False
Random Forest — Temporal,250,250.0,38.0,56.498830660372576,83.43296188367091,0.43522232355722423,363326171549.5194,14.267638071965294,0.1651301518438178,-49.038251221027046,124.0,False
Random Forest — Temporal,250,250.0,40.0,57.57652463774693,84.55603216554923,0.4199153277107961,423751050316.85706,14.313742805397565,0.14940347071583515,-50.746345001905006,122.0,False
Random Forest — Temporal,300,300.0,0.0,42.37411041370633,63.54666926246088,0.6723668900105643,1543638123.3554196,4.847851908819608,0.533351409978308,-10.502144136774364,196.66221379731377,True
Random Forest — Temporal,300,300.0,2.0,42.33007062501043,63.90759174285996,0.6686346420263486,1512178176.30789,4.2413994856319714,0.48400216919739697,-12.499162301573246,194.66221379731377,True
Random Forest — Temporal,300,300.0,4.0,42.48779863649221,64.32787807585497,0.6642618820976615,1527725265.3275878,4.670649722064279,0.43275488069414314,-14.48028781344037,192.66221379731377,True
Random Forest — Temporal,300,300.0,6.0,42.785100619817555,64.80551502618448,0.6592576357716566,1588627818.7986424,5.6013643694104855,0.40103036876355747,-16.444534248792333,190.66221379731377,True
Random Forest — Temporal,300,300.0,8.0,43.16503714230828,65.33851346807818,0.6536296578525451,1694676098.917516,6.716590978968674,0.3842190889370933,-18.393859371794242,188.66221379731377,True
Random Forest — Temporal,300,300.0,10.0,43.59533784189607,65.92445427204069,0.6473894628515172,1847030850.1884816,7.7733432129943365,0.3676789587852495,-20.326779385532518,186.66221379731377,True
Random Forest — Temporal,300,300.0,12.0,44.07705299012062,66.56101627909506,0.6405470201942423,2048196480.1568794,8.74892140793806,0.34869848156182215,-22.24413941817472,184.66221379731377,True
Random Forest — Temporal,300,300.0,14.0,44.62514455843362,67.2462473846608,0.6331079448328838,2302035949.087682,9.682428315350228,0.3297180043383948,-24.147813542760062,182.66221379731377,True
Random Forest — Temporal,300,300.0,16.0,45.23954074362943,67.97764327720986,0.625083626598476,2613825938.2812223,10.564926869737707,0.3063991323210412,-26.036655489241593,180.66221379731377,False
Random Forest — Temporal,300,300.0,18.0,45.92918850909675,68.75268417930296,0.6164857407249569,2990352168.571891,11.380659664484906,0.2866052060737527,-27.91052043547202,178.66221379731377,False
Random Forest — Temporal,300,300.0,20.0,46.66829434065268,69.56795246401666,0.6073364015706144,3440045887.2924237,12.074668221415877,0.272234273318872,-29.766627226505733,176.66221379731377,False
Random Forest — Temporal,300,300.0,22.0,47.44495274417075,70.42041101339478,0.5976543496608626,3973163849.1233373,12.616658384976763,0.2573210412147505,-31.60195976732132,174.66221379731377,False
Random Forest — Temporal,300,300.0,24.0,48.258981717833464,71.30887262209016,0.5874378892170448,4602015189.049695,13.062908478738025,0.2445770065075922,-33.42073356578432,172.66221379731377,False
Random Forest — Temporal,300,300.0,26.0,49.10890337935252,72.2318134005455,0.5766893102360727,5341239924.494606,13.420533521091423,0.23318872017353579,-35.22513132555005,170.66221379731377,False
Random Forest — Temporal,300,300.0,28.0,49.99760714438103,73.18851882419679,0.5654016073849187,6208145185.826702,13.714340280239618,0.22044468546637744,-37.01875266320157,168.66221379731377,False
Random Forest — Temporal,300,300.0,30.0,50.91458088455229,74.17525590542067,0.5536039878548589,7223106647.575288,13.926338100011712,0.20959869848156182,-38.79664037028208,166.66221379731377,False
Random Forest — Temporal,300,300.0,32.0,51.85258327228568,75.18787216548327,0.5413326900265057,8410044404.952825,14.050593048748437,0.20092190889370934,-40.55350926226806,164.66221379731377,False
Random Forest — Temporal,300,300.0,34.0,52.80454331819382,76.22610732405504,0.5285781763144289,9796984249.924643,14.138030764168919,0.19224511930585683,-42.294675086504206,162.66221379731377,False
Random Forest — Temporal,300,300.0,36.0,53.789476496828456,77.28993825346645,0.5153277885710968,11416717375.122688,14.213662136155056,0.18058568329718006,-44.02413190515742,160.66221379731377,False
Random Forest — Temporal,300,300.0,38.0,54.81411881493862,78.37809852226303,0.5015843782582974,13307573972.120348,14.267638071965294,0.16594360086767895,-45.74233394111678,158.66221379731377,False
Random Forest — Temporal,300,300.0,40.0,55.88855899621751,79.48966037004585,0.4873470245273488,15514328946.565235,14.313742805397565,0.1504880694143167,-47.45042772199474,156.66221379731377,False
