Threshold 10,Threshold 20,Threshold 30,F2 10,F2 20,F2 30,Precision 10,Precision 20,Precision 30,Recall 10,Recall 20,Recall 30,FN 10,FN 20,FN 30,FP 10,FP 20,FP 30,Weighted F2,Mean precision,Mean recall,Total false negatives,Total false positives
0.3,0.29,0.27,0.933179723502304,0.9424242424242424,0.9364754098360656,0.7788461538461539,0.7974358974358975,0.7879310344827586,0.9818181818181818,0.9873015873015873,0.9827956989247312,3,4,8,46,79,123,0.9366122164456379,0.7880710285882699,0.9839718226815002,15,248
0.3,0.3,0.27,0.933179723502304,0.9416767922235723,0.9364754098360656,0.7788461538461539,0.8031088082901554,0.7879310344827586,0.9818181818181818,0.9841269841269841,0.9827956989247312,3,5,8,46,76,123,0.9363879813854369,0.7899619988730228,0.982913621623299,16,245
0.3,0.29,0.26,0.933179723502304,0.9424242424242424,0.9353254195661074,0.7788461538461539,0.7974358974358975,0.7838765008576329,0.9818181818181818,0.9873015873015873,0.9827956989247312,3,4,8,46,79,126,0.9363822183916463,0.7867195173798948,0.9839718226815002,15,251
0.3,0.28,0.27,0.933179723502304,0.9412832929782083,0.9364754098360656,0.7788461538461539,0.7933673469387755,0.7879310344827586,0.9818181818181818,0.9873015873015873,0.9827956989247312,3,4,8,46,81,123,0.9362699316118276,0.7867148450892293,0.9839718226815002,15,250
0.3,0.3,0.26,0.933179723502304,0.9416767922235723,0.9353254195661074,0.7788461538461539,0.8031088082901554,0.7838765008576329,0.9818181818181818,0.9841269841269841,0.9827956989247312,3,5,8,46,76,126,0.9361579833314453,0.7886104876646475,0.982913621623299,16,248
0.3,0.29,0.25,0.933179723502304,0.9424242424242424,0.9341782502044155,0.7788461538461539,0.7974358974358975,0.7798634812286689,0.9818181818181818,0.9873015873015873,0.9827956989247312,3,4,8,46,79,129,0.9361527845193078,0.7853818441702402,0.9839718226815002,15,254
0.3,0.29,0.28,0.933179723502304,0.9424242424242424,0.9339080459770115,0.7788461538461539,0.7974358974358975,0.7899305555555556,0.9818181818181818,0.9873015873015873,0.978494623655914,3,4,10,46,79,121,0.9360987436738271,0.7887375356125356,0.9825381309252278,17,246
0.3,0.28,0.26,0.933179723502304,0.9412832929782083,0.9353254195661074,0.7788461538461539,0.7933673469387755,0.7838765008576329,0.9818181818181818,0.9873015873015873,0.9827956989247312,3,4,8,46,81,126,0.936039933557836,0.7853633338808542,0.9839718226815002,15,253
0.3,0.29,0.29,0.933179723502304,0.9424242424242424,0.9333881578947368,0.7788461538461539,0.7974358974358975,0.7937062937062938,0.9818181818181818,0.9873015873015873,0.9763440860215054,3,4,11,46,79,118,0.9359947660573721,0.7899961149961151,0.9818212850470914,18,243
0.3,0.3,0.25,0.933179723502304,0.9416767922235723,0.9341782502044155,0.7788461538461539,0.8031088082901554,0.7798634812286689,0.9818181818181818,0.9841269841269841,0.9827956989247312,3,5,8,46,76,129,0.9359285494591069,0.7872728144549926,0.982913621623299,16,251
0.3,0.27,0.27,0.933179723502304,0.9401451027811366,0.9364754098360656,0.7788461538461539,0.7893401015228426,0.7879310344827586,0.9818181818181818,0.9873015873015873,0.9827956989247312,3,4,8,46,83,123,0.9359284745527061,0.7853724299505851,0.9839718226815002,15,252
0.28,0.28,0.27,0.9324942791762013,0.9412832929782083,0.9364754098360656,0.7616822429906542,0.7933673469387755,0.7879310344827586,0.9878787878787879,0.9873015873015873,0.9827956989247312,2,4,8,51,81,123,0.9359272094487763,0.7809935414707295,0.9859920247017021,14,255
0.3,0.29,0.24,0.933179723502304,0.9424242424242424,0.9330338913842384,0.7788461538461539,0.7974358974358975,0.7758913412563667,0.9818181818181818,0.9873015873015873,0.9827956989247312,3,4,8,46,79,132,0.9359239127552724,0.7840577975128061,0.9839718226815002,15,257
0.3,0.3,0.28,0.933179723502304,0.9416767922235723,0.9339080459770115,0.7788461538461539,0.8031088082901554,0.7899305555555556,0.9818181818181818,0.9841269841269841,0.978494623655914,3,5,10,46,76,121,0.9358745086136261,0.7906285058972884,0.9814799298670266,18,243
0.3,0.28,0.25,0.933179723502304,0.9412832929782083,0.9341782502044155,0.7788461538461539,0.7933673469387755,0.7798634812286689,0.9818181818181818,0.9873015873015873,0.9827956989247312,3,4,8,46,81,129,0.9358104996854976,0.7840256606711994,0.9839718226815002,15,256
0.3,0.3,0.29,0.933179723502304,0.9416767922235723,0.9333881578947368,0.7788461538461539,0.8031088082901554,0.7937062937062938,0.9818181818181818,0.9841269841269841,0.9763440860215054,3,5,11,46,76,118,0.9357705309971711,0.7918870852808677,0.9807630839888904,19,240
0.3,0.28,0.28,0.933179723502304,0.9412832929782083,0.9339080459770115,0.7788461538461539,0.7933673469387755,0.7899305555555556,0.9818181818181818,0.9873015873015873,0.978494623655914,3,4,10,46,81,121,0.9357564588400168,0.787381352113495,0.9825381309252278,17,248
0.3,0.29,0.21,0.933179723502304,0.9424242424242424,0.9321689683184401,0.7788461538461539,0.7974358974358975,0.7624584717607974,0.9818181818181818,0.9873015873015873,0.9870967741935484,3,4,6,46,79,143,0.9357509281421128,0.7795801743476162,0.9854055144377725,13,268
0.3,0.29,0.19,0.933179723502304,0.9424242424242424,0.9320663162151235,0.7788461538461539,0.7974358974358975,0.7520391517128875,0.9818181818181818,0.9873015873015873,0.9913978494623656,3,4,4,46,79,152,0.9357303977214495,0.7761070676649796,0.9868392061940451,11,277
0.3,0.3,0.24,0.933179723502304,0.9416767922235723,0.9330338913842384,0.7788461538461539,0.8031088082901554,0.7758913412563667,0.9818181818181818,0.9841269841269841,0.9827956989247312,3,5,8,46,76,132,0.9356996776950715,0.7859487677975587,0.982913621623299,16,254
0.3,0.27,0.26,0.933179723502304,0.9401451027811366,0.9353254195661074,0.7788461538461539,0.7893401015228426,0.7838765008576329,0.9818181818181818,0.9873015873015873,0.9827956989247312,3,4,8,46,83,126,0.9356984764987145,0.7840209187422098,0.9839718226815002,15,255
0.28,0.28,0.26,0.9324942791762013,0.9412832929782083,0.9353254195661074,0.7616822429906542,0.7933673469387755,0.7838765008576329,0.9878787878787879,0.9873015873015873,0.9827956989247312,2,4,8,51,81,126,0.9356972113947847,0.7796420302623542,0.9859920247017021,14,258
0.3,0.29,0.18,0.933179723502304,0.9424242424242424,0.9318273497377975,0.7788461538461539,0.7974358974358975,0.7463651050080775,0.9818181818181818,0.9873015873015873,0.9935483870967742,3,4,3,46,79,157,0.9356826044259843,0.7742157187633764,0.9875560520721812,10,282
0.3,0.29,0.17,0.933179723502304,0.9424242424242424,0.9315895372233401,0.7788461538461539,0.7974358974358975,0.7408,0.9818181818181818,0.9873015873015873,0.9956989247311828,3,4,2,46,79,162,0.9356350419230928,0.7723606837606839,0.9882728979503174,9,287
0.27,0.27,0.27,0.9324942791762013,0.9401451027811366,0.9364754098360656,0.7616822429906542,0.7893401015228426,0.7879310344827586,0.9878787878787879,0.9873015873015873,0.9827956989247312,2,4,8,51,83,123,0.9355857523896548,0.7796511263320852,0.9859920247017021,14,257
0.28,0.27,0.27,0.9324942791762013,0.9401451027811366,0.9364754098360656,0.7616822429906542,0.7893401015228426,0.7879310344827586,0.9878787878787879,0.9873015873015873,0.9827956989247312,2,4,8,51,83,123,0.9355857523896548,0.7796511263320852,0.9859920247017021,14,257
0.3,0.26,0.26,0.933179723502304,0.9397590361445785,0.9353254195661074,0.7788461538461539,0.78,0.7838765008576329,0.9818181818181818,0.9904761904761905,0.9827956989247312,3,3,8,46,88,126,0.9355826565077471,0.780907551567929,0.9850300237397013,14,260
0.3,0.28,0.24,0.933179723502304,0.9412832929782083,0.9330338913842384,0.7788461538461539,0.7933673469387755,0.7758913412563667,0.9818181818181818,0.9873015873015873,0.9827956989247312,3,4,8,46,81,132,0.9355816279214622,0.7827016140137654,0.9839718226815002,15,259
0.3,0.29,0.22,0.933179723502304,0.9424242424242424,0.931272875152501,0.7788461538461539,0.7974358974358975,0.7646076794657763,0.9818181818181818,0.9873015873015873,0.9849462365591398,3,4,7,46,79,141,0.935571709508925,0.7802965769159426,0.9846886685596363,14,266
0.29,0.29,0.27,0.9310344827586207,0.9424242424242424,0.9364754098360656,0.7714285714285715,0.7974358974358975,0.7879310344827586,0.9818181818181818,0.9873015873015873,0.9827956989247312,3,4,8,48,79,123,0.9355395960737961,0.7855985011157426,0.9839718226815002,15,250
0.3,0.3,0.21,0.933179723502304,0.9416767922235723,0.9321689683184401,0.7788461538461539,0.8031088082901554,0.7624584717607974,0.9818181818181818,0.9841269841269841,0.9870967741935484,3,5,6,46,76,143,0.9355266930819118,0.781471144632369,0.9843473133795714,14,265
0.3,0.3,0.19,0.933179723502304,0.9416767922235723,0.9320663162151235,0.7788461538461539,0.8031088082901554,0.7520391517128875,0.9818181818181818,0.9841269841269841,0.9913978494623656,3,5,4,46,76,152,0.9355061626612484,0.7779980379497323,0.9857810051358439,12,274
0.3,0.27,0.25,0.933179723502304,0.9401451027811366,0.9341782502044155,0.7788461538461539,0.7893401015228426,0.7798634812286689,0.9818181818181818,0.9873015873015873,0.9827956989247312,3,4,8,46,83,129,0.9354690426263761,0.7826832455325551,0.9839718226815002,15,258
0.3,0.29,0.23,0.933179723502304,0.9424242424242424,0.930753564154786,0.7788461538461539,0.7974358974358975,0.7680672268907563,0.9818181818181818,0.9873015873015873,0.9827956989247312,3,4,8,46,79,138,0.9354678473093819,0.7814497593909359,0.9839718226815002,15,263
0.28,0.28,0.25,0.9324942791762013,0.9412832929782083,0.9341782502044155,0.7616822429906542,0.7933673469387755,0.7798634812286689,0.9878787878787879,0.9873015873015873,0.9827956989247312,2,4,8,51,81,129,0.9354677775224463,0.7783043570526994,0.9859920247017021,14,261
0.3,0.3,0.18,0.933179723502304,0.9416767922235723,0.9318273497377975,0.7788461538461539,0.8031088082901554,0.7463651050080775,0.9818181818181818,0.9841269841269841,0.9935483870967742,3,5,3,46,76,157,0.9354583693657833,0.7761066890481289,0.98649785101398,11,279
0.28,0.28,0.28,0.9324942791762013,0.9412832929782083,0.9339080459770115,0.7616822429906542,0.7933673469387755,0.7899305555555556,0.9878787878787879,0.9873015873015873,0.978494623655914,2,4,10,51,81,121,0.9354137366769655,0.7816600484949952,0.9845583329454297,16,253
0.3,0.3,0.17,0.933179723502304,0.9416767922235723,0.9315895372233401,0.7788461538461539,0.8031088082901554,0.7408,0.9818181818181818,0.9841269841269841,0.9956989247311828,3,5,2,46,76,162,0.9354108068628918,0.7742516540454365,0.9872146968921163,10,284
0.3,0.28,0.21,0.933179723502304,0.9412832929782083,0.9321689683184401,0.7788461538461539,0.7933673469387755,0.7624584717607974,0.9818181818181818,0.9873015873015873,0.9870967741935484,3,4,6,46,81,143,0.9354086433083025,0.7782239908485756,0.9854055144377725,13,270
0.3,0.3,0.3,0.933179723502304,0.9416767922235723,0.9315746084089035,0.7788461538461539,0.8031088082901554,0.7985865724381626,0.9818181818181818,0.9841269841269841,0.9720430107526882,3,5,13,46,76,114,0.9354078211000045,0.7935138448581572,0.979329392232618,21,236
0.3,0.28,0.19,0.933179723502304,0.9412832929782083,0.9320663162151235,0.7788461538461539,0.7933673469387755,0.7520391517128875,0.9818181818181818,0.9873015873015873,0.9913978494623656,3,4,4,46,81,152,0.9353881128876391,0.7747508841659391,0.9868392061940451,11,279
0.27,0.27,0.26,0.9324942791762013,0.9401451027811366,0.9353254195661074,0.7616822429906542,0.7893401015228426,0.7838765008576329,0.9878787878787879,0.9873015873015873,0.9827956989247312,2,4,8,51,83,126,0.9353557543356632,0.7782996151237099,0.9859920247017021,14,260
0.28,0.27,0.26,0.9324942791762013,0.9401451027811366,0.9353254195661074,0.7616822429906542,0.7893401015228426,0.7838765008576329,0.9878787878787879,0.9873015873015873,0.9827956989247312,2,4,8,51,83,126,0.9353557543356632,0.7782996151237099,0.9859920247017021,14,260
0.3,0.26,0.25,0.933179723502304,0.9397590361445785,0.9341782502044155,0.7788461538461539,0.78,0.7798634812286689,0.9818181818181818,0.9904761904761905,0.9827956989247312,3,3,8,46,88,129,0.9353532226354087,0.7795698783582742,0.9850300237397013,14,263
0.3,0.3,0.22,0.933179723502304,0.9416767922235723,0.931272875152501,0.7788461538461539,0.8031088082901554,0.7646076794657763,0.9818181818181818,0.9841269841269841,0.9849462365591398,3,5,7,46,76,141,0.935347474448724,0.7821875472006953,0.9836304675014352,15,263
0.3,0.28,0.18,0.933179723502304,0.9412832929782083,0.9318273497377975,0.7788461538461539,0.7933673469387755,0.7463651050080775,0.9818181818181818,0.9873015873015873,0.9935483870967742,3,4,3,46,81,157,0.935340319592174,0.7728595352643356,0.9875560520721812,10,284
0.3,0.29,0.16,0.933179723502304,0.9424242424242424,0.9300924065889916,0.7788461538461539,0.7974358974358975,0.7360890302066773,0.9818181818181818,0.9873015873015873,0.9956989247311828,3,4,2,46,79,166,0.935335615796223,0.7707903604962429,0.9882728979503174,9,291
0.29,0.29,0.26,0.9310344827586207,0.9424242424242424,0.9353254195661074,0.7714285714285715,0.7974358974358975,0.7838765008576329,0.9818181818181818,0.9873015873015873,0.9827956989247312,3,4,8,48,79,126,0.9353095980198045,0.7842469899073673,0.9839718226815002,15,253
0.3,0.29,0.2,0.933179723502304,0.9424242424242424,0.9299027552674232,0.7788461538461539,0.7974358974358975,0.7549342105263158,0.9818181818181818,0.9873015873015873,0.9870967741935484,3,4,6,46,79,149,0.9352976855319094,0.7770720872694558,0.9854055144377725,13,274
0.3,0.28,0.17,0.933179723502304,0.9412832929782083,0.9315895372233401,0.7788461538461539,0.7933673469387755,0.7408,0.9818181818181818,0.9873015873015873,0.9956989247311828,3,4,2,46,81,162,0.9352927570892825,0.7710045002616431,0.9882728979503174,9,289
0.3,0.3,0.23,0.933179723502304,0.9416767922235723,0.930753564154786,0.7788461538461539,0.8031088082901554,0.7680672268907563,0.9818181818181818,0.9841269841269841,0.9827956989247312,3,5,8,46,76,138,0.935243612249181,0.7833407296756886,0.982913621623299,16,260
0.3,0.27,0.24,0.933179723502304,0.9401451027811366,0.9330338913842384,0.7788461538461539,0.7893401015228426,0.7758913412563667,0.9818181818181818,0.9873015873015873,0.9827956989247312,3,4,8,46,83,132,0.9352401708623407,0.7813591988751211,0.9839718226815002,15,261
0.27,0.26,0.26,0.9324942791762013,0.9397590361445785,0.9353254195661074,0.7616822429906542,0.78,0.7838765008576329,0.9878787878787879,0.9904761904761905,0.9827956989247312,2,3,8,51,88,126,0.9352399343446958,0.775186247949429,0.9870502257599032,13,265
0.28,0.26,0.26,0.9324942791762013,0.9397590361445785,0.9353254195661074,0.7616822429906542,0.78,0.7838765008576329,0.9878787878787879,0.9904761904761905,0.9827956989247312,2,3,8,51,88,126,0.9352399343446958,0.775186247949429,0.9870502257599032,13,265
0.28,0.28,0.24,0.9324942791762013,0.9412832929782083,0.9330338913842384,0.7616822429906542,0.7933673469387755,0.7758913412563667,0.9878787878787879,0.9873015873015873,0.9827956989247312,2,4,8,51,81,132,0.9352389057584108,0.7769803103952655,0.9859920247017021,14,264
0.3,0.28,0.22,0.933179723502304,0.9412832929782083,0.931272875152501,0.7788461538461539,0.7933673469387755,0.7646076794657763,0.9818181818181818,0.9873015873015873,0.9849462365591398,3,4,7,46,81,141,0.9352294246751147,0.7789403934169018,0.9846886685596363,14,268
0.29,0.28,0.27,0.9310344827586207,0.9412832929782083,0.9364754098360656,0.7714285714285715,0.7933673469387755,0.7879310344827586,0.9818181818181818,0.9873015873015873,0.9827956989247312,3,4,8,48,81,123,0.935197311239986,0.7842423176167018,0.9839718226815002,15,252
0.27,0.27,0.25,0.9324942791762013,0.9401451027811366,0.9341782502044155,0.7616822429906542,0.7893401015228426,0.7798634812286689,0.9878787878787879,0.9873015873015873,0.9827956989247312,2,4,8,51,83,129,0.9351263204633248,0.7769619419140552,0.9859920247017021,14,263
0.28,0.27,0.25,0.9324942791762013,0.9401451027811366,0.9341782502044155,0.7616822429906542,0.7893401015228426,0.7798634812286689,0.9878787878787879,0.9873015873015873,0.9827956989247312,2,4,8,51,83,129,0.9351263204633248,0.7769619419140552,0.9859920247017021,14,263
0.3,0.28,0.23,0.933179723502304,0.9412832929782083,0.930753564154786,0.7788461538461539,0.7933673469387755,0.7680672268907563,0.9818181818181818,0.9873015873015873,0.9827956989247312,3,4,8,46,81,138,0.9351255624755717,0.7800935758918953,0.9839718226815002,15,265
0.3,0.26,0.24,0.933179723502304,0.9397590361445785,0.9330338913842384,0.7788461538461539,0.78,0.7758913412563667,0.9818181818181818,0.9904761904761905,0.9827956989247312,3,3,8,46,88,132,0.9351243508713732,0.7782458317008403,0.9850300237397013,14,266
0.3,0.3,0.16,0.933179723502304,0.9416767922235723,0.9300924065889916,0.7788461538461539,0.8031088082901554,0.7360890302066773,0.9818181818181818,0.9841269841269841,0.9956989247311828,3,5,2,46,76,166,0.9351113807360221,0.7726813307809955,0.9872146968921163,10,288
0.29,0.29,0.25,0.9310344827586207,0.9424242424242424,0.9341782502044155,0.7714285714285715,0.7974358974358975,0.7798634812286689,0.9818181818181818,0.9873015873015873,0.9827956989247312,3,4,8,48,79,129,0.9350801641474661,0.7829093166977126,0.9839718226815002,15,256
0.3,0.3,0.2,0.933179723502304,0.9416767922235723,0.9299027552674232,0.7788461538461539,0.8031088082901554,0.7549342105263158,0.9818181818181818,0.9841269841269841,0.9870967741935484,3,5,6,46,76,149,0.9350734504717084,0.7789630575542085,0.9843473133795714,14,271
0.3,0.27,0.21,0.933179723502304,0.9401451027811366,0.9321689683184401,0.7788461538461539,0.7893401015228426,0.7624584717607974,0.9818181818181818,0.9873015873015873,0.9870967741935484,3,4,6,46,83,143,0.9350671862491811,0.7768815757099313,0.9854055144377725,13,272
0.28,0.28,0.21,0.9324942791762013,0.9412832929782083,0.9321689683184401,0.7616822429906542,0.7933673469387755,0.7624584717607974,0.9878787878787879,0.9873015873015873,0.9870967741935484,2,4,6,51,81,143,0.9350659211452512,0.7725026872300758,0.9874257164579744,12,275
0.3,0.27,0.19,0.933179723502304,0.9401451027811366,0.9320663162151235,0.7788461538461539,0.7893401015228426,0.7520391517128875,0.9818181818181818,0.9873015873015873,0.9913978494623656,3,4,4,46,83,152,0.9350466558285178,0.7734084690272947,0.9868392061940451,11,281
0.28,0.28,0.19,0.9324942791762013,0.9412832929782083,0.9320663162151235,0.7616822429906542,0.7933673469387755,0.7520391517128875,0.9878787878787879,0.9873015873015873,0.9913978494623656,2,4,4,51,81,152,0.9350453907245879,0.7690295805474391,0.988859408214247,10,284
0.29,0.29,0.28,0.9310344827586207,0.9424242424242424,0.9339080459770115,0.7714285714285715,0.7974358974358975,0.7899305555555556,0.9818181818181818,0.9873015873015873,0.978494623655914,3,4,10,48,79,121,0.9350261233019853,0.7862650081400083,0.9825381309252278,17,248
0.27,0.26,0.25,0.9324942791762013,0.9397590361445785,0.9341782502044155,0.7616822429906542,0.78,0.7798634812286689,0.9878787878787879,0.9904761904761905,0.9827956989247312,2,3,8,51,88,129,0.9350105004723573,0.7738485747397744,0.9870502257599032,13,268
0.28,0.26,0.25,0.9324942791762013,0.9397590361445785,0.9341782502044155,0.7616822429906542,0.78,0.7798634812286689,0.9878787878787879,0.9904761904761905,0.9827956989247312,2,3,8,51,88,129,0.9350105004723573,0.7738485747397744,0.9870502257599032,13,268
0.3,0.27,0.18,0.933179723502304,0.9401451027811366,0.9318273497377975,0.7788461538461539,0.7893401015228426,0.7463651050080775,0.9818181818181818,0.9873015873015873,0.9935483870967742,3,4,3,46,83,157,0.9349988625330525,0.7715171201256913,0.9875560520721812,10,286
0.28,0.28,0.18,0.9324942791762013,0.9412832929782083,0.9318273497377975,0.7616822429906542,0.7933673469387755,0.7463651050080775,0.9878787878787879,0.9873015873015873,0.9935483870967742,2,4,3,51,81,157,0.9349975974291227,0.7671382316458356,0.9895762540923831,9,289
0.3,0.28,0.16,0.933179723502304,0.9412832929782083,0.9300924065889916,0.7788461538461539,0.7933673469387755,0.7360890302066773,0.9818181818181818,0.9873015873015873,0.9956989247311828,3,4,2,46,81,166,0.9349933309624128,0.7694341769972022,0.9882728979503174,9,293
0.29,0.28,0.26,0.9310344827586207,0.9412832929782083,0.9353254195661074,0.7714285714285715,0.7933673469387755,0.7838765008576329,0.9818181818181818,0.9873015873015873,0.9827956989247312,3,4,8,48,81,126,0.9349673131859944,0.7828908064083265,0.9839718226815002,15,255
0.3,0.28,0.2,0.933179723502304,0.9412832929782083,0.9299027552674232,0.7788461538461539,0.7933673469387755,0.7549342105263158,0.9818181818181818,0.9873015873015873,0.9870967741935484,3,4,6,46,81,149,0.9349554006980991,0.775715903770415,0.9854055144377725,13,276
0.3,0.26,0.21,0.933179723502304,0.9397590361445785,0.9321689683184401,0.7788461538461539,0.78,0.7624584717607974,0.9818181818181818,0.9904761904761905,0.9870967741935484,3,3,6,46,88,143,0.9349513662582136,0.7737682085356505,0.9864637154959736,12,277
0.3,0.27,0.17,0.933179723502304,0.9401451027811366,0.9315895372233401,0.7788461538461539,0.7893401015228426,0.7408,0.9818181818181818,0.9873015873015873,0.9956989247311828,3,4,2,46,83,162,0.934951300030161,0.7696620851229988,0.9882728979503174,9,291
0.28,0.28,0.17,0.9324942791762013,0.9412832929782083,0.9315895372233401,0.7616822429906542,0.7933673469387755,0.7408,0.9878787878787879,0.9873015873015873,0.9956989247311828,2,4,2,51,81,162,0.9349500349262312,0.7652831966431433,0.9902930999705193,8,294
0.3,0.26,0.19,0.933179723502304,0.9397590361445785,0.9320663162151235,0.7788461538461539,0.78,0.7520391517128875,0.9818181818181818,0.9904761904761905,0.9913978494623656,3,3,4,46,88,152,0.9349308358375503,0.7702951018530139,0.9878974072522461,10,286
0.29,0.29,0.29,0.9310344827586207,0.9424242424242424,0.9333881578947368,0.7714285714285715,0.7974358974358975,0.7937062937062938,0.9818181818181818,0.9873015873015873,0.9763440860215054,3,4,11,48,79,118,0.9349221456855303,0.7875235875235876,0.9818212850470914,18,245
0.27,0.27,0.24,0.9324942791762013,0.9401451027811366,0.9330338913842384,0.7616822429906542,0.7893401015228426,0.7758913412563667,0.9878787878787879,0.9873015873015873,0.9827956989247312,2,4,8,51,83,132,0.9348974486992894,0.7756378952566213,0.9859920247017021,14,266
0.28,0.27,0.24,0.9324942791762013,0.9401451027811366,0.9330338913842384,0.7616822429906542,0.7893401015228426,0.7758913412563667,0.9878787878787879,0.9873015873015873,0.9827956989247312,2,4,8,51,83,132,0.9348974486992894,0.7756378952566213,0.9859920247017021,14,266
0.3,0.27,0.22,0.933179723502304,0.9401451027811366,0.931272875152501,0.7788461538461539,0.7893401015228426,0.7646076794657763,0.9818181818181818,0.9873015873015873,0.9849462365591398,3,4,7,46,83,141,0.9348879676159932,0.7775979782782576,0.9846886685596363,14,270
0.28,0.28,0.22,0.9324942791762013,0.9412832929782083,0.931272875152501,0.7616822429906542,0.7933673469387755,0.7646076794657763,0.9878787878787879,0.9873015873015873,0.9849462365591398,2,4,7,51,81,141,0.9348867025120634,0.773219089798402,0.9867088705798382,13,273
0.3,0.26,0.18,0.933179723502304,0.9397590361445785,0.9318273497377975,0.7788461538461539,0.78,0.7463651050080775,0.9818181818181818,0.9904761904761905,0.9935483870967742,3,3,3,46,88,157,0.9348830425420851,0.7684037529514104,0.9886142531303822,9,291
0.29,0.27,0.27,0.9310344827586207,0.9401451027811366,0.9364754098360656,0.7714285714285715,0.7893401015228426,0.7879310344827586,0.9818181818181818,0.9873015873015873,0.9827956989247312,3,4,8,48,83,123,0.9348558541808644,0.7828999024780575,0.9839718226815002,15,254
0.29,0.29,0.24,0.9310344827586207,0.9424242424242424,0.9330338913842384,0.7714285714285715,0.7974358974358975,0.7758913412563667,0.9818181818181818,0.9873015873015873,0.9827956989247312,3,4,8,48,79,132,0.9348512923834307,0.7815852700402787,0.9839718226815002,15,259
0.3,0.26,0.17,0.933179723502304,0.9397590361445785,0.9315895372233401,0.7788461538461539,0.78,0.7408,0.9818181818181818,0.9904761904761905,0.9956989247311828,3,3,2,46,88,162,0.9348354800391936,0.766548717948718,0.9893310990085183,8,296
0.3,0.27,0.23,0.933179723502304,0.9401451027811366,0.930753564154786,0.7788461538461539,0.7893401015228426,0.7680672268907563,0.9818181818181818,0.9873015873015873,0.9827956989247312,3,4,8,46,83,138,0.9347841054164502,0.7787511607532509,0.9839718226815002,15,267
0.28,0.28,0.23,0.9324942791762013,0.9412832929782083,0.930753564154786,0.7616822429906542,0.7933673469387755,0.7680672268907563,0.9878787878787879,0.9873015873015873,0.9827956989247312,2,4,8,51,81,138,0.9347828403125203,0.7743722722733953,0.9859920247017021,14,270
0.27,0.26,0.24,0.9324942791762013,0.9397590361445785,0.9330338913842384,0.7616822429906542,0.78,0.7758913412563667,0.9878787878787879,0.9904761904761905,0.9827956989247312,2,3,8,51,88,132,0.9347816287083219,0.7725245280823403,0.9870502257599032,13,271
0.28,0.26,0.24,0.9324942791762013,0.9397590361445785,0.9330338913842384,0.7616822429906542,0.78,0.7758913412563667,0.9878787878787879,0.9904761904761905,0.9827956989247312,2,3,8,51,88,132,0.9347816287083219,0.7725245280823403,0.9870502257599032,13,271
0.3,0.26,0.22,0.933179723502304,0.9397590361445785,0.931272875152501,0.7788461538461539,0.78,0.7646076794657763,0.9818181818181818,0.9904761904761905,0.9849462365591398,3,3,7,46,88,141,0.9347721476250258,0.7744846111039768,0.9857468696178374,13,275
0.29,0.28,0.25,0.9310344827586207,0.9412832929782083,0.9341782502044155,0.7714285714285715,0.7933673469387755,0.7798634812286689,0.9818181818181818,0.9873015873015873,0.9827956989247312,3,4,8,48,81,129,0.9347378793136559,0.7815531331986719,0.9839718226815002,15,258
0.27,0.27,0.21,0.9324942791762013,0.9401451027811366,0.9321689683184401,0.7616822429906542,0.7893401015228426,0.7624584717607974,0.9878787878787879,0.9873015873015873,0.9870967741935484,2,4,6,51,83,143,0.9347244640861297,0.7711602720914316,0.9874257164579744,12,277
0.28,0.27,0.21,0.9324942791762013,0.9401451027811366,0.9321689683184401,0.7616822429906542,0.7893401015228426,0.7624584717607974,0.9878787878787879,0.9873015873015873,0.9870967741935484,2,4,6,51,83,143,0.9347244640861297,0.7711602720914316,0.9874257164579744,12,277
0.26,0.26,0.26,0.9314285714285714,0.9397590361445785,0.9353254195661074,0.7581395348837209,0.78,0.7838765008576329,0.9878787878787879,0.9904761904761905,0.9827956989247312,2,3,8,52,88,126,0.9347070804708808,0.774005345247118,0.9870502257599032,13,266
0.27,0.27,0.19,0.9324942791762013,0.9401451027811366,0.9320663162151235,0.7616822429906542,0.7893401015228426,0.7520391517128875,0.9878787878787879,0.9873015873015873,0.9913978494623656,2,4,4,51,83,152,0.9347039336654663,0.7676871654087948,0.988859408214247,10,286
0.28,0.27,0.19,0.9324942791762013,0.9401451027811366,0.9320663162151235,0.7616822429906542,0.7893401015228426,0.7520391517128875,0.9878787878787879,0.9873015873015873,0.9913978494623656,2,4,4,51,83,152,0.9347039336654663,0.7676871654087948,0.988859408214247,10,286
0.29,0.28,0.28,0.9310344827586207,0.9412832929782083,0.9339080459770115,0.7714285714285715,0.7933673469387755,0.7899305555555556,0.9818181818181818,0.9873015873015873,0.978494623655914,3,4,10,48,81,121,0.9346838384681752,0.7849088246409676,0.9825381309252278,17,250
0.29,0.29,0.21,0.9310344827586207,0.9424242424242424,0.9321689683184401,0.7714285714285715,0.7974358974358975,0.7624584717607974,0.9818181818181818,0.9873015873015873,0.9870967741935484,3,4,6,48,79,143,0.934678307770271,0.7771076468750889,0.9854055144377725,13,270
0.3,0.26,0.23,0.933179723502304,0.9397590361445785,0.930753564154786,0.7788461538461539,0.78,0.7680672268907563,0.9818181818181818,0.9904761904761905,0.9827956989247312,3,3,8,46,88,138,0.9346682854254827,0.7756377935789701,0.9850300237397013,14,272
0.29,0.29,0.19,0.9310344827586207,0.9424242424242424,0.9320663162151235,0.7714285714285715,0.7974358974358975,0.7520391517128875,0.9818181818181818,0.9873015873015873,0.9913978494623656,3,4,4,48,79,152,0.9346577773496076,0.7736345401924521,0.9868392061940451,11,279
0.27,0.27,0.18,0.9324942791762013,0.9401451027811366,0.9318273497377975,0.7616822429906542,0.7893401015228426,0.7463651050080775,0.9878787878787879,0.9873015873015873,0.9935483870967742,2,4,3,51,83,157,0.9346561403700012,0.7657958165071914,0.9895762540923831,9,291
0.28,0.27,0.18,0.9324942791762013,0.9401451027811366,0.9318273497377975,0.7616822429906542,0.7893401015228426,0.7463651050080775,0.9878787878787879,0.9873015873015873,0.9935483870967742,2,4,3,51,83,157,0.9346561403700012,0.7657958165071914,0.9895762540923831,9,291
0.3,0.27,0.16,0.933179723502304,0.9401451027811366,0.9300924065889916,0.7788461538461539,0.7893401015228426,0.7360890302066773,0.9818181818181818,0.9873015873015873,0.9956989247311828,3,4,2,46,83,166,0.9346518739032913,0.768091761858558,0.9882728979503174,9,295
0.28,0.28,0.16,0.9324942791762013,0.9412832929782083,0.9300924065889916,0.7616822429906542,0.7933673469387755,0.7360890302066773,0.9878787878787879,0.9873015873015873,0.9956989247311828,2,4,2,51,81,166,0.9346506087993615,0.7637128733787023,0.9902930999705193,8,298
0.29,0.27,0.26,0.9310344827586207,0.9401451027811366,0.9353254195661074,0.7714285714285715,0.7893401015228426,0.7838765008576329,0.9818181818181818,0.9873015873015873,0.9827956989247312,3,4,8,48,83,126,0.9346258561268728,0.7815483912696823,0.9839718226815002,15,257
0.3,0.27,0.2,0.933179723502304,0.9401451027811366,0.9299027552674232,0.7788461538461539,0.7893401015228426,0.7549342105263158,0.9818181818181818,0.9873015873015873,0.9870967741935484,3,4,6,46,83,149,0.9346139436389777,0.7743734886317708,0.9854055144377725,13,278
0.28,0.28,0.2,0.9324942791762013,0.9412832929782083,0.9299027552674232,0.7616822429906542,0.7933673469387755,0.7549342105263158,0.9878787878787879,0.9873015873015873,0.9870967741935484,2,4,6,51,81,149,0.9346126785350478,0.7699946001519152,0.9874257164579744,12,281
0.29,0.29,0.18,0.9310344827586207,0.9424242424242424,0.9318273497377975,0.7714285714285715,0.7974358974358975,0.7463651050080775,0.9818181818181818,0.9873015873015873,0.9935483870967742,3,4,3,48,79,157,0.9346099840541425,0.7717431912908488,0.9875560520721812,10,284
0.27,0.26,0.21,0.9324942791762013,0.9397590361445785,0.9321689683184401,0.7616822429906542,0.78,0.7624584717607974,0.9878787878787879,0.9904761904761905,0.9870967741935484,2,3,6,51,88,143,0.9346086440951623,0.7680469049171506,0.9884839175161755,11,282
0.28,0.26,0.21,0.9324942791762013,0.9397590361445785,0.9321689683184401,0.7616822429906542,0.78,0.7624584717607974,0.9878787878787879,0.9904761904761905,0.9870967741935484,2,3,6,51,88,143,0.9346086440951623,0.7680469049171506,0.9884839175161755,11,282
0.27,0.27,0.17,0.9324942791762013,0.9401451027811366,0.9315895372233401,0.7616822429906542,0.7893401015228426,0.7408,0.9878787878787879,0.9873015873015873,0.9956989247311828,2,4,2,51,83,162,0.9346085778671097,0.7639407815044991,0.9902930999705193,8,296
0.28,0.27,0.17,0.9324942791762013,0.9401451027811366,0.9315895372233401,0.7616822429906542,0.7893401015228426,0.7408,0.9878787878787879,0.9873015873015873,0.9956989247311828,2,4,2,51,83,162,0.9346085778671097,0.7639407815044991,0.9902930999705193,8,296
0.3,0.29,0.15,0.933179723502304,0.9424242424242424,0.9263705482192878,0.7788461538461539,0.7974358974358975,0.7245696400625978,0.9818181818181818,0.9873015873015873,0.9956989247311828,3,4,2,46,79,176,0.9345912441222823,0.7669505637815498,0.9882728979503174,9,301
0.27,0.26,0.19,0.9324942791762013,0.9397590361445785,0.9320663162151235,0.7616822429906542,0.78,0.7520391517128875,0.9878787878787879,0.9904761904761905,0.9913978494623656,2,3,4,51,88,152,0.9345881136744989,0.7645737982345139,0.9899176092724481,9,291
0.28,0.26,0.19,0.9324942791762013,0.9397590361445785,0.9320663162151235,0.7616822429906542,0.78,0.7520391517128875,0.9878787878787879,0.9904761904761905,0.9913978494623656,2,3,4,51,88,152,0.9345881136744989,0.7645737982345139,0.9899176092724481,9,291
0.29,0.29,0.17,0.9310344827586207,0.9424242424242424,0.9315895372233401,0.7714285714285715,0.7974358974358975,0.7408,0.9818181818181818,0.9873015873015873,0.9956989247311828,3,4,2,48,79,162,0.934562421551251,0.7698881562881564,0.9882728979503174,9,289
0.27,0.27,0.22,0.9324942791762013,0.9401451027811366,0.931272875152501,0.7616822429906542,0.7893401015228426,0.7646076794657763,0.9878787878787879,0.9873015873015873,0.9849462365591398,2,4,7,51,83,141,0.9345452454529419,0.7718766746597577,0.9867088705798382,13,275
0.28,0.27,0.22,0.9324942791762013,0.9401451027811366,0.931272875152501,0.7616822429906542,0.7893401015228426,0.7646076794657763,0.9878787878787879,0.9873015873015873,0.9849462365591398,2,4,7,51,83,141,0.9345452454529419,0.7718766746597577,0.9867088705798382,13,275
0.27,0.26,0.18,0.9324942791762013,0.9397590361445785,0.9318273497377975,0.7616822429906542,0.78,0.7463651050080775,0.9878787878787879,0.9904761904761905,0.9935483870967742,2,3,3,51,88,157,0.9345403203790338,0.7626824493329106,0.9906344551505842,8,296
0.28,0.26,0.18,0.9324942791762013,0.9397590361445785,0.9318273497377975,0.7616822429906542,0.78,0.7463651050080775,0.9878787878787879,0.9904761904761905,0.9935483870967742,2,3,3,51,88,157,0.9345403203790338,0.7626824493329106,0.9906344551505842,8,296
0.3,0.26,0.16,0.933179723502304,0.9397590361445785,0.9300924065889916,0.7788461538461539,0.78,0.7360890302066773,0.9818181818181818,0.9904761904761905,0.9956989247311828,3,3,2,46,88,166,0.9345360539123239,0.7649783946842771,0.9893310990085183,8,300
0.29,0.26,0.26,0.9310344827586207,0.9397590361445785,0.9353254195661074,0.7714285714285715,0.78,0.7838765008576329,0.9818181818181818,0.9904761904761905,0.9827956989247312,3,3,8,48,88,126,0.9345100361359053,0.7784350240954016,0.9850300237397013,14,262
0.29,0.28,0.24,0.9310344827586207,0.9412832929782083,0.9330338913842384,0.7714285714285715,0.7933673469387755,0.7758913412563667,0.9818181818181818,0.9873015873015873,0.9827956989247312,3,4,8,48,81,132,0.9345090075496205,0.7802290865412379,0.9839718226815002,15,261
0.3,0.25,0.25,0.933179723502304,0.936936936936937,0.9341782502044155,0.7788461538461539,0.7703703703703704,0.7798634812286689,0.9818181818181818,0.9904761904761905,0.9827956989247312,3,3,8,46,93,129,0.9345065928731162,0.7763600018150644,0.9850300237397013,14,268
0.29,0.29,0.22,0.9310344827586207,0.9424242424242424,0.931272875152501,0.7714285714285715,0.7974358974358975,0.7646076794657763,0.9818181818181818,0.9873015873015873,0.9849462365591398,3,4,7,48,79,141,0.9344990891370832,0.7778240494434151,0.9846886685596363,14,268
0.3,0.26,0.2,0.933179723502304,0.9397590361445785,0.9299027552674232,0.7788461538461539,0.78,0.7549342105263158,0.9818181818181818,0.9904761904761905,0.9870967741935484,3,3,6,46,88,149,0.9344981236480102,0.77126012145749,0.9864637154959736,12,283
0.27,0.26,0.17,0.9324942791762013,0.9397590361445785,0.9315895372233401,0.7616822429906542,0.78,0.7408,0.9878787878787879,0.9904761904761905,0.9956989247311828,2,3,2,51,88,162,0.9344927578761423,0.760827414330218,0.9913513010287204,7,301
0.28,0.26,0.17,0.9324942791762013,0.9397590361445785,0.9315895372233401,0.7616822429906542,0.78,0.7408,0.9878787878787879,0.9904761904761905,0.9956989247311828,2,3,2,51,88,162,0.9344927578761423,0.760827414330218,0.9913513010287204,7,301
0.26,0.26,0.25,0.9314285714285714,0.9397590361445785,0.9341782502044155,0.7581395348837209,0.78,0.7798634812286689,0.9878787878787879,0.9904761904761905,0.9827956989247312,2,3,8,52,88,129,0.9344776465985424,0.7726676720374632,0.9870502257599032,13,269
0.27,0.27,0.23,0.9324942791762013,0.9401451027811366,0.930753564154786,0.7616822429906542,0.7893401015228426,0.7680672268907563,0.9878787878787879,0.9873015873015873,0.9827956989247312,2,4,8,51,83,138,0.9344413832533989,0.773029857134751,0.9859920247017021,14,272
0.28,0.27,0.23,0.9324942791762013,0.9401451027811366,0.930753564154786,0.7616822429906542,0.7893401015228426,0.7680672268907563,0.9878787878787879,0.9873015873015873,0.9827956989247312,2,4,8,51,83,138,0.9344413832533989,0.773029857134751,0.9859920247017021,14,272
0.27,0.26,0.22,0.9324942791762013,0.9397590361445785,0.931272875152501,0.7616822429906542,0.78,0.7646076794657763,0.9878787878787879,0.9904761904761905,0.9849462365591398,2,3,7,51,88,141,0.9344294254619745,0.7687633074854769,0.9877670716380393,12,280
0.28,0.26,0.22,0.9324942791762013,0.9397590361445785,0.931272875152501,0.7616822429906542,0.78,0.7646076794657763,0.9878787878787879,0.9904761904761905,0.9849462365591398,2,3,7,51,88,141,0.9344294254619745,0.7687633074854769,0.9877670716380393,12,280
0.29,0.27,0.25,0.9310344827586207,0.9401451027811366,0.9341782502044155,0.7714285714285715,0.7893401015228426,0.7798634812286689,0.9818181818181818,0.9873015873015873,0.9827956989247312,3,4,8,48,83,129,0.9343964222545343,0.7802107180600277,0.9839718226815002,15,260
0.29,0.29,0.23,0.9310344827586207,0.9424242424242424,0.930753564154786,0.7714285714285715,0.7974358974358975,0.7680672268907563,0.9818181818181818,0.9873015873015873,0.9827956989247312,3,4,8,48,79,138,0.9343952269375402,0.7789772319184084,0.9839718226815002,15,265
0.3,0.3,0.15,0.933179723502304,0.9416767922235723,0.9263705482192878,0.7788461538461539,0.8031088082901554,0.7245696400625978,0.9818181818181818,0.9841269841269841,0.9956989247311828,3,5,2,46,76,176,0.9343670090620814,0.7688415340663024,0.9872146968921163,10,298
0.29,0.28,0.21,0.9310344827586207,0.9412832929782083,0.9321689683184401,0.7714285714285715,0.7933673469387755,0.7624584717607974,0.9818181818181818,0.9873015873015873,0.9870967741935484,3,4,6,48,81,143,0.9343360229364609,0.7757514633760482,0.9854055144377725,13,272
0.27,0.26,0.23,0.9324942791762013,0.9397590361445785,0.930753564154786,0.7616822429906542,0.78,0.7680672268907563,0.9878787878787879,0.9904761904761905,0.9827956989247312,2,3,8,51,88,138,0.9343255632624314,0.7699164899604702,0.9870502257599032,13,277
0.28,0.26,0.23,0.9324942791762013,0.9397590361445785,0.930753564154786,0.7616822429906542,0.78,0.7680672268907563,0.9878787878787879,0.9904761904761905,0.9827956989247312,2,3,8,51,88,138,0.9343255632624314,0.7699164899604702,0.9870502257599032,13,277
0.29,0.28,0.19,0.9310344827586207,0.9412832929782083,0.9320663162151235,0.7714285714285715,0.7933673469387755,0.7520391517128875,0.9818181818181818,0.9873015873015873,0.9913978494623656,3,4,4,48,81,152,0.9343154925157975,0.7722783566934114,0.9868392061940451,11,281
0.27,0.27,0.16,0.9324942791762013,0.9401451027811366,0.9300924065889916,0.7616822429906542,0.7893401015228426,0.7360890302066773,0.9878787878787879,0.9873015873015873,0.9956989247311828,2,4,2,51,83,166,0.93430915174024,0.7623704582400581,0.9902930999705193,8,300
0.28,0.27,0.16,0.9324942791762013,0.9401451027811366,0.9300924065889916,0.7616822429906542,0.7893401015228426,0.7360890302066773,0.9878787878787879,0.9873015873015873,0.9956989247311828,2,4,2,51,83,166,0.93430915174024,0.7623704582400581,0.9902930999705193,8,300
0.29,0.26,0.25,0.9310344827586207,0.9397590361445785,0.9341782502044155,0.7714285714285715,0.78,0.7798634812286689,0.9818181818181818,0.9904761904761905,0.9827956989247312,3,3,8,48,88,129,0.9342806022635669,0.7770973508857469,0.9850300237397013,14,265
0.3,0.25,0.24,0.933179723502304,0.936936936936937,0.9330338913842384,0.7788461538461539,0.7703703703703704,0.7758913412563667,0.9818181818181818,0.9904761904761905,0.9827956989247312,3,3,8,46,93,132,0.9342777211090808,0.7750359551576304,0.9850300237397013,14,271
0.27,0.27,0.2,0.9324942791762013,0.9401451027811366,0.9299027552674232,0.7616822429906542,0.7893401015228426,0.7549342105263158,0.9878787878787879,0.9873015873015873,0.9870967741935484,2,4,6,51,83,149,0.9342712214759263,0.7686521850132709,0.9874257164579744,12,283
0.28,0.27,0.2,0.9324942791762013,0.9401451027811366,0.9299027552674232,0.7616822429906542,0.7893401015228426,0.7549342105263158,0.9878787878787879,0.9873015873015873,0.9870967741935484,2,4,6,51,83,149,0.9342712214759263,0.7686521850132709,0.9874257164579744,12,283
0.29,0.28,0.18,0.9310344827586207,0.9412832929782083,0.9318273497377975,0.7714285714285715,0.7933673469387755,0.7463651050080775,0.9818181818181818,0.9873015873015873,0.9935483870967742,3,4,3,48,81,157,0.9342676992203324,0.7703870077918081,0.9875560520721812,10,286
0.29,0.29,0.16,0.9310344827586207,0.9424242424242424,0.9300924065889916,0.7714285714285715,0.7974358974358975,0.7360890302066773,0.9818181818181818,0.9873015873015873,0.9956989247311828,3,4,2,48,79,166,0.9342629954243813,0.7683178330237155,0.9882728979503174,9,293
0.3,0.28,0.15,0.933179723502304,0.9412832929782083,0.9263705482192878,0.7788461538461539,0.7933673469387755,0.7245696400625978,0.9818181818181818,0.9873015873015873,0.9956989247311828,3,4,2,46,81,176,0.9342489592884721,0.765594380282509,0.9882728979503174,9,303
0.26,0.26,0.24,0.9314285714285714,0.9397590361445785,0.9330338913842384,0.7581395348837209,0.78,0.7758913412563667,0.9878787878787879,0.9904761904761905,0.9827956989247312,2,3,8,52,88,132,0.934248774834507,0.7713436253800293,0.9870502257599032,13,272
0.29,0.29,0.2,0.9310344827586207,0.9424242424242424,0.9299027552674232,0.7714285714285715,0.7974358974358975,0.7549342105263158,0.9818181818181818,0.9873015873015873,0.9870967741935484,3,4,6,48,79,149,0.9342250651600676,0.7745995597969283,0.9854055144377725,13,276
0.29,0.28,0.17,0.9310344827586207,0.9412832929782083,0.9315895372233401,0.7714285714285715,0.7933673469387755,0.7408,0.9818181818181818,0.9873015873015873,0.9956989247311828,3,4,2,48,81,162,0.9342201367174409,0.7685319727891157,0.9882728979503174,9,291
0.27,0.26,0.16,0.9324942791762013,0.9397590361445785,0.9300924065889916,0.7616822429906542,0.78,0.7360890302066773,0.9878787878787879,0.9904761904761905,0.9956989247311828,2,3,2,51,88,166,0.9341933317492725,0.7592570910657771,0.9913513010287204,7,305
0.28,0.26,0.16,0.9324942791762013,0.9397590361445785,0.9300924065889916,0.7616822429906542,0.78,0.7360890302066773,0.9878787878787879,0.9904761904761905,0.9956989247311828,2,3,2,51,88,166,0.9341933317492725,0.7592570910657771,0.9913513010287204,7,305
0.29,0.27,0.24,0.9310344827586207,0.9401451027811366,0.9330338913842384,0.7714285714285715,0.7893401015228426,0.7758913412563667,0.9818181818181818,0.9873015873015873,0.9827956989247312,3,4,8,48,83,132,0.9341675504904989,0.7788866714025936,0.9839718226815002,15,263
0.27,0.25,0.25,0.9324942791762013,0.936936936936937,0.9341782502044155,0.7616822429906542,0.7703703703703704,0.7798634812286689,0.9878787878787879,0.9904761904761905,0.9827956989247312,2,3,8,51,93,129,0.9341638707100649,0.7706386981965645,0.9870502257599032,13,273
0.28,0.25,0.25,0.9324942791762013,0.936936936936937,0.9341782502044155,0.7616822429906542,0.7703703703703704,0.7798634812286689,0.9878787878787879,0.9904761904761905,0.9827956989247312,2,3,8,51,93,129,0.9341638707100649,0.7706386981965645,0.9870502257599032,13,273
0.29,0.28,0.22,0.9310344827586207,0.9412832929782083,0.931272875152501,0.7714285714285715,0.7933673469387755,0.7646076794657763,0.9818181818181818,0.9873015873015873,0.9849462365591398,3,4,7,48,81,141,0.9341568043032731,0.7764678659443746,0.9846886685596363,14,270
0.27,0.26,0.2,0.9324942791762013,0.9397590361445785,0.9299027552674232,0.7616822429906542,0.78,0.7549342105263158,0.9878787878787879,0.9904761904761905,0.9870967741935484,2,3,6,51,88,149,0.9341554014849589,0.76553881783899,0.9884839175161755,11,288
0.28,0.26,0.2,0.9324942791762013,0.9397590361445785,0.9299027552674232,0.7616822429906542,0.78,0.7549342105263158,0.9878787878787879,0.9904761904761905,0.9870967741935484,2,3,6,51,88,149,0.9341554014849589,0.76553881783899,0.9884839175161755,11,288
0.3,0.29,0.14,0.933179723502304,0.9424242424242424,0.9241516966067865,0.7788461538461539,0.7974358974358975,0.7178294573643411,0.9818181818181818,0.9873015873015873,0.9956989247311828,3,4,2,46,79,182,0.934147473799782,0.7647038362154642,0.9882728979503174,9,307
0.3,0.25,0.21,0.933179723502304,0.936936936936937,0.9321689683184401,0.7788461538461539,0.7703703703703704,0.7624584717607974,0.9818181818181818,0.9904761904761905,0.9870967741935484,3,3,6,46,93,143,0.9341047364959212,0.7705583319924406,0.9864637154959736,12,282
0.3,0.25,0.19,0.933179723502304,0.936936936936937,0.9320663162151235,0.7788461538461539,0.7703703703703704,0.7520391517128875,0.9818181818181818,0.9904761904761905,0.9913978494623656,3,3,4,46,93,152,0.9340842060752579,0.7670852253098039,0.9878974072522461,10,291
0.26,0.26,0.21,0.9314285714285714,0.9397590361445785,0.9321689683184401,0.7581395348837209,0.78,0.7624584717607974,0.9878787878787879,0.9904761904761905,0.9870967741935484,2,3,6,52,88,143,0.9340757902213473,0.7668660022148396,0.9884839175161755,11,283
0.26,0.26,0.19,0.9314285714285714,0.9397590361445785,0.9320663162151235,0.7581395348837209,0.78,0.7520391517128875,0.9878787878787879,0.9904761904761905,0.9913978494623656,2,3,4,52,88,152,0.9340552598006839,0.7633928955322028,0.9899176092724481,9,292
0.29,0.28,0.23,0.9310344827586207,0.9412832929782083,0.930753564154786,0.7714285714285715,0.7933673469387755,0.7680672268907563,0.9818181818181818,0.9873015873015873,0.9827956989247312,3,4,8,48,81,138,0.93405294210373,0.7776210484193679,0.9839718226815002,15,267
0.29,0.26,0.24,0.9310344827586207,0.9397590361445785,0.9330338913842384,0.7714285714285715,0.78,0.7758913412563667,0.9818181818181818,0.9904761904761905,0.9827956989247312,3,3,8,48,88,132,0.9340517304995315,0.7757733042283128,0.9850300237397013,14,268
0.3,0.25,0.18,0.933179723502304,0.936936936936937,0.9318273497377975,0.7788461538461539,0.7703703703703704,0.7463651050080775,0.9818181818181818,0.9904761904761905,0.9935483870967742,3,3,3,46,93,157,0.9340364127797927,0.7651938764082006,0.9886142531303822,9,296
0.26,0.26,0.18,0.9314285714285714,0.9397590361445785,0.9318273497377975,0.7581395348837209,0.78,0.7463651050080775,0.9878787878787879,0.9904761904761905,0.9935483870967742,2,3,3,52,88,157,0.9340074665052188,0.7615015466305994,0.9906344551505842,8,297
0.29,0.27,0.21,0.9310344827586207,0.9401451027811366,0.9321689683184401,0.7714285714285715,0.7893401015228426,0.7624584717607974,0.9818181818181818,0.9873015873015873,0.9870967741935484,3,4,6,48,83,143,0.9339945658773393,0.7744090482374038,0.9854055144377725,13,274
0.3,0.25,0.17,0.933179723502304,0.936936936936937,0.9315895372233401,0.7788461538461539,0.7703703703703704,0.7408,0.9818181818181818,0.9904761904761905,0.9956989247311828,3,3,2,46,93,162,0.9339888502769012,0.7633388414055081,0.9893310990085183,8,301
0.29,0.27,0.19,0.9310344827586207,0.9401451027811366,0.9320663162151235,0.7714285714285715,0.7893401015228426,0.7520391517128875,0.9818181818181818,0.9873015873015873,0.9913978494623656,3,4,4,48,83,152,0.9339740354566759,0.7709359415547672,0.9868392061940451,11,283
0.26,0.26,0.17,0.9314285714285714,0.9397590361445785,0.9315895372233401,0.7581395348837209,0.78,0.7408,0.9878787878787879,0.9904761904761905,0.9956989247311828,2,3,2,52,88,162,0.9339599040023273,0.7596465116279071,0.9913513010287204,7,302
0.3,0.24,0.24,0.933179723502304,0.9358128374325134,0.9330338913842384,0.7788461538461539,0.7665847665847666,0.7758913412563667,0.9818181818181818,0.9904761904761905,0.9827956989247312,3,3,8,46,95,132,0.9339404912577538,0.7737740872290958,0.9850300237397013,14,273
0.27,0.25,0.24,0.9324942791762013,0.936936936936937,0.9330338913842384,0.7616822429906542,0.7703703703703704,0.7758913412563667,0.9878787878787879,0.9904761904761905,0.9827956989247312,2,3,8,51,93,132,0.9339349989460295,0.7693146515391304,0.9870502257599032,13,276
0.28,0.25,0.24,0.9324942791762013,0.936936936936937,0.9330338913842384,0.7616822429906542,0.7703703703703704,0.7758913412563667,0.9878787878787879,0.9904761904761905,0.9827956989247312,2,3,8,51,93,132,0.9339349989460295,0.7693146515391304,0.9870502257599032,13,276
0.29,0.27,0.18,0.9310344827586207,0.9401451027811366,0.9318273497377975,0.7714285714285715,0.7893401015228426,0.7463651050080775,0.9818181818181818,0.9873015873015873,0.9935483870967742,3,4,3,48,83,157,0.9339262421612108,0.7690445926531639,0.9875560520721812,10,288
0.3,0.25,0.22,0.933179723502304,0.936936936936937,0.931272875152501,0.7788461538461539,0.7703703703703704,0.7646076794657763,0.9818181818181818,0.9904761904761905,0.9849462365591398,3,3,7,46,93,141,0.9339255178627334,0.7712747345607669,0.9857468696178374,13,280
0.3,0.3,0.14,0.933179723502304,0.9416767922235723,0.9241516966067865,0.7788461538461539,0.8031088082901554,0.7178294573643411,0.9818181818181818,0.9841269841269841,0.9956989247311828,3,5,2,46,76,182,0.933923238739581,0.7665948065002168,0.9872146968921163,10,304
0.29,0.28,0.16,0.9310344827586207,0.9412832929782083,0.9300924065889916,0.7714285714285715,0.7933673469387755,0.7360890302066773,0.9818181818181818,0.9873015873015873,0.9956989247311828,3,4,2,48,81,166,0.9339207105905711,0.7669616495246747,0.9882728979503174,9,295
0.3,0.27,0.15,0.933179723502304,0.9401451027811366,0.9263705482192878,0.7788461538461539,0.7893401015228426,0.7245696400625978,0.9818181818181818,0.9873015873015873,0.9956989247311828,3,4,2,46,83,176,0.9339075022293506,0.7642519651438647,0.9882728979503174,9,305
0.28,0.28,0.15,0.9324942791762013,0.9412832929782083,0.9263705482192878,0.7616822429906542,0.7933673469387755,0.7245696400625978,0.9878787878787879,0.9873015873015873,0.9956989247311828,2,4,2,51,81,176,0.9339062371254208,0.7598730766640092,0.9902930999705193,8,308
0.26,0.26,0.22,0.9314285714285714,0.9397590361445785,0.931272875152501,0.7581395348837209,0.78,0.7646076794657763,0.9878787878787879,0.9904761904761905,0.9849462365591398,2,3,7,52,88,141,0.9338965715881595,0.7675824047831658,0.9877670716380393,12,281
0.29,0.28,0.2,0.9310344827586207,0.9412832929782083,0.9299027552674232,0.7714285714285715,0.7933673469387755,0.7549342105263158,0.9818181818181818,0.9873015873015873,0.9870967741935484,3,4,6,48,81,149,0.9338827803262575,0.7732433762978875,0.9854055144377725,13,278
0.29,0.26,0.21,0.9310344827586207,0.9397590361445785,0.9321689683184401,0.7714285714285715,0.78,0.7624584717607974,0.9818181818181818,0.9904761904761905,0.9870967741935484,3,3,6,48,88,143,0.9338787458863719,0.771295681063123,0.9864637154959736,12,279
0.29,0.27,0.17,0.9310344827586207,0.9401451027811366,0.9315895372233401,0.7714285714285715,0.7893401015228426,0.7408,0.9818181818181818,0.9873015873015873,0.9956989247311828,3,4,2,48,83,162,0.9338786796583193,0.7671895576504714,0.9882728979503174,9,293
0.29,0.26,0.19,0.9310344827586207,0.9397590361445785,0.9320663162151235,0.7714285714285715,0.78,0.7520391517128875,0.9818181818181818,0.9904761904761905,0.9913978494623656,3,3,4,48,88,152,0.9338582154657085,0.7678225743804864,0.9878974072522461,10,288
0.3,0.25,0.23,0.933179723502304,0.936936936936937,0.930753564154786,0.7788461538461539,0.7703703703703704,0.7680672268907563,0.9818181818181818,0.9904761904761905,0.9827956989247312,3,3,8,46,93,138,0.9338216556631903,0.7724279170357602,0.9850300237397013,14,277
0.29,0.27,0.22,0.9310344827586207,0.9401451027811366,0.931272875152501,0.7714285714285715,0.7893401015228426,0.7646076794657763,0.9818181818181818,0.9873015873015873,0.9849462365591398,3,4,7,48,83,141,0.9338153472441515,0.7751254508057301,0.9846886685596363,14,272
0.29,0.26,0.18,0.9310344827586207,0.9397590361445785,0.9318273497377975,0.7714285714285715,0.78,0.7463651050080775,0.9818181818181818,0.9904761904761905,0.9935483870967742,3,3,3,48,88,157,0.9338104221702433,0.7659312254788831,0.9886142531303822,9,293
0.3,0.28,0.14,0.933179723502304,0.9412832929782083,0.9241516966067865,0.7788461538461539,0.7933673469387755,0.7178294573643411,0.9818181818181818,0.9873015873015873,0.9956989247311828,3,4,2,46,81,182,0.9338051889659718,0.7633476527164236,0.9882728979503174,9,309
0.26,0.26,0.23,0.9314285714285714,0.9397590361445785,0.930753564154786,0.7581395348837209,0.78,0.7680672268907563,0.9878787878787879,0.9904761904761905,0.9827956989247312,2,3,8,52,88,138,0.9337927093886165,0.768735587258159,0.9870502257599032,13,278
0.3,0.26,0.15,0.933179723502304,0.9397590361445785,0.9263705482192878,0.7788461538461539,0.78,0.7245696400625978,0.9818181818181818,0.9904761904761905,0.9956989247311828,3,3,2,46,88,176,0.9337916822383832,0.7611385979695839,0.9893310990085183,8,310
0.3,0.24,0.21,0.933179723502304,0.9358128374325134,0.9321689683184401,0.7788461538461539,0.7665847665847666,0.7624584717607974,0.9818181818181818,0.9904761904761905,0.9870967741935484,3,3,6,46,95,143,0.9337675066445942,0.7692964640639058,0.9864637154959736,12,284
0.29,0.26,0.17,0.9310344827586207,0.9397590361445785,0.9315895372233401,0.7714285714285715,0.78,0.7408,0.9818181818181818,0.9904761904761905,0.9956989247311828,3,3,2,48,88,162,0.9337628596673518,0.7640761904761906,0.9893310990085183,8,298
0.27,0.25,0.21,0.9324942791762013,0.936936936936937,0.9321689683184401,0.7616822429906542,0.7703703703703704,0.7624584717607974,0.9878787878787879,0.9904761904761905,0.9870967741935484,2,3,6,51,93,143,0.9337620143328699,0.7648370283739406,0.9884839175161755,11,287
0.28,0.25,0.21,0.9324942791762013,0.936936936936937,0.9321689683184401,0.7616822429906542,0.7703703703703704,0.7624584717607974,0.9878787878787879,0.9904761904761905,0.9870967741935484,2,3,6,51,93,143,0.9337620143328699,0.7648370283739406,0.9884839175161755,11,287
0.3,0.24,0.19,0.933179723502304,0.9358128374325134,0.9320663162151235,0.7788461538461539,0.7665847665847666,0.7520391517128875,0.9818181818181818,0.9904761904761905,0.9913978494623656,3,3,4,46,95,152,0.9337469762239308,0.7658233573812693,0.9878974072522461,10,293
0.27,0.25,0.19,0.9324942791762013,0.936936936936937,0.9320663162151235,0.7616822429906542,0.7703703703703704,0.7520391517128875,0.9878787878787879,0.9904761904761905,0.9913978494623656,2,3,4,51,93,152,0.9337414839122065,0.761363921691304,0.9899176092724481,9,296
0.28,0.25,0.19,0.9324942791762013,0.936936936936937,0.9320663162151235,0.7616822429906542,0.7703703703703704,0.7520391517128875,0.9878787878787879,0.9904761904761905,0.9913978494623656,2,3,4,51,93,152,0.9337414839122065,0.761363921691304,0.9899176092724481,9,296
0.29,0.27,0.23,0.9310344827586207,0.9401451027811366,0.930753564154786,0.7714285714285715,0.7893401015228426,0.7680672268907563,0.9818181818181818,0.9873015873015873,0.9827956989247312,3,4,8,48,83,138,0.9337114850446084,0.7762786332807234,0.9839718226815002,15,269
0.3,0.29,0.13,0.933179723502304,0.9424242424242424,0.9219434488251693,0.7788461538461539,0.7974358974358975,0.7112135176651305,0.9818181818181818,0.9873015873015873,0.9956989247311828,3,4,2,46,79,188,0.9337058242434586,0.7624985229823941,0.9882728979503174,9,313
0.29,0.26,0.22,0.9310344827586207,0.9397590361445785,0.931272875152501,0.7714285714285715,0.78,0.7646076794657763,0.9818181818181818,0.9904761904761905,0.9849462365591398,3,3,7,48,88,141,0.9336995272531841,0.7720120836314494,0.9857468696178374,13,277
0.3,0.24,0.18,0.933179723502304,0.9358128374325134,0.9318273497377975,0.7788461538461539,0.7665847665847666,0.7463651050080775,0.9818181818181818,0.9904761904761905,0.9935483870967742,3,3,3,46,95,157,0.9336991829284657,0.763932008479666,0.9886142531303822,9,298
0.27,0.25,0.18,0.9324942791762013,0.936936936936937,0.9318273497377975,0.7616822429906542,0.7703703703703704,0.7463651050080775,0.9878787878787879,0.9904761904761905,0.9935483870967742,2,3,3,51,93,157,0.9336936906167413,0.7594725727897007,0.9906344551505842,8,301
0.28,0.25,0.18,0.9324942791762013,0.936936936936937,0.9318273497377975,0.7616822429906542,0.7703703703703704,0.7463651050080775,0.9878787878787879,0.9904761904761905,0.9935483870967742,2,3,3,51,93,157,0.9336936906167413,0.7594725727897007,0.9906344551505842,8,301
0.3,0.25,0.16,0.933179723502304,0.936936936936937,0.9300924065889916,0.7788461538461539,0.7703703703703704,0.7360890302066773,0.9818181818181818,0.9904761904761905,0.9956989247311828,3,3,2,46,93,166,0.9336894241500314,0.7617685181410673,0.9893310990085183,8,305
0.26,0.26,0.16,0.9314285714285714,0.9397590361445785,0.9300924065889916,0.7581395348837209,0.78,0.7360890302066773,0.9878787878787879,0.9904761904761905,0.9956989247311828,2,3,2,52,88,166,0.9336604778754576,0.7580761883634661,0.9913513010287204,7,306
0.3,0.24,0.17,0.933179723502304,0.9358128374325134,0.9315895372233401,0.7788461538461539,0.7665847665847666,0.7408,0.9818181818181818,0.9904761904761905,0.9956989247311828,3,3,2,46,95,162,0.9336516204255741,0.7620769734769736,0.9893310990085183,8,303
0.3,0.25,0.2,0.933179723502304,0.936936936936937,0.9299027552674232,0.7788461538461539,0.7703703703703704,0.7549342105263158,0.9818181818181818,0.9904761904761905,0.9870967741935484,3,3,6,46,93,149,0.9336514938857178,0.7680502449142801,0.9864637154959736,12,288
0.27,0.25,0.17,0.9324942791762013,0.936936936936937,0.9315895372233401,0.7616822429906542,0.7703703703703704,0.7408,0.9878787878787879,0.9904761904761905,0.9956989247311828,2,3,2,51,93,162,0.9336461281138498,0.7576175377870081,0.9913513010287204,7,306
0.28,0.25,0.17,0.9324942791762013,0.936936936936937,0.9315895372233401,0.7616822429906542,0.7703703703703704,0.7408,0.9878787878787879,0.9904761904761905,0.9956989247311828,2,3,2,51,93,162,0.9336461281138498,0.7576175377870081,0.9913513010287204,7,306
0.26,0.25,0.25,0.9314285714285714,0.936936936936937,0.9341782502044155,0.7581395348837209,0.7703703703703704,0.7798634812286689,0.9878787878787879,0.9904761904761905,0.9827956989247312,2,3,8,52,93,129,0.9336310168362499,0.7694577954942533,0.9870502257599032,13,274
0.26,0.26,0.2,0.9314285714285714,0.9397590361445785,0.9299027552674232,0.7581395348837209,0.78,0.7549342105263158,0.9878787878787879,0.9904761904761905,0.9870967741935484,2,3,6,52,88,149,0.9336225476111439,0.764357915136679,0.9884839175161755,11,289
0.27,0.24,0.24,0.9324942791762013,0.9358128374325134,0.9330338913842384,0.7616822429906542,0.7665847665847666,0.7758913412563667,0.9878787878787879,0.9904761904761905,0.9827956989247312,2,3,8,51,95,132,0.9335977690947024,0.7680527836105959,0.9870502257599032,13,278
0.28,0.24,0.24,0.9324942791762013,0.9358128374325134,0.9330338913842384,0.7616822429906542,0.7665847665847666,0.7758913412563667,0.9878787878787879,0.9904761904761905,0.9827956989247312,2,3,8,51,95,132,0.9335977690947024,0.7680527836105959,0.9870502257599032,13,278
0.29,0.26,0.23,0.9310344827586207,0.9397590361445785,0.930753564154786,0.7714285714285715,0.78,0.7680672268907563,0.9818181818181818,0.9904761904761905,0.9827956989247312,3,3,8,48,88,138,0.933595665053641,0.7731652661064427,0.9850300237397013,14,274
0.3,0.24,0.22,0.933179723502304,0.9358128374325134,0.931272875152501,0.7788461538461539,0.7665847665847666,0.7646076794657763,0.9818181818181818,0.9904761904761905,0.9849462365591398,3,3,7,46,95,141,0.9335882880114064,0.7700128666322322,0.9857468696178374,13,282
0.27,0.25,0.22,0.9324942791762013,0.936936936936937,0.931272875152501,0.7616822429906542,0.7703703703703704,0.7646076794657763,0.9878787878787879,0.9904761904761905,0.9849462365591398,2,3,7,51,93,141,0.933582795699682,0.765553430942267,0.9877670716380393,12,285
0.28,0.25,0.22,0.9324942791762013,0.936936936936937,0.931272875152501,0.7616822429906542,0.7703703703703704,0.7646076794657763,0.9878787878787879,0.9904761904761905,0.9849462365591398,2,3,7,51,93,141,0.933582795699682,0.765553430942267,0.9877670716380393,12,285
0.29,0.27,0.16,0.9310344827586207,0.9401451027811366,0.9300924065889916,0.7714285714285715,0.7893401015228426,0.7360890302066773,0.9818181818181818,0.9873015873015873,0.9956989247311828,3,4,2,48,83,166,0.9335792535314495,0.7656192343860305,0.9882728979503174,9,297
0.27,0.27,0.15,0.9324942791762013,0.9401451027811366,0.9263705482192878,0.7616822429906542,0.7893401015228426,0.7245696400625978,0.9878787878787879,0.9873015873015873,0.9956989247311828,2,4,2,51,83,176,0.9335647800662993,0.758530661525365,0.9902930999705193,8,310
0.28,0.27,0.15,0.9324942791762013,0.9401451027811366,0.9263705482192878,0.7616822429906542,0.7893401015228426,0.7245696400625978,0.9878787878787879,0.9873015873015873,0.9956989247311828,2,4,2,51,83,176,0.9335647800662993,0.758530661525365,0.9902930999705193,8,310
0.29,0.27,0.2,0.9310344827586207,0.9401451027811366,0.9299027552674232,0.7714285714285715,0.7893401015228426,0.7549342105263158,0.9818181818181818,0.9873015873015873,0.9870967741935484,3,4,6,48,83,149,0.9335413232671359,0.7719009611592433,0.9854055144377725,13,280
0.29,0.29,0.15,0.9310344827586207,0.9424242424242424,0.9263705482192878,0.7714285714285715,0.7974358974358975,0.7245696400625978,0.9818181818181818,0.9873015873015873,0.9956989247311828,3,4,2,48,79,176,0.9335186237504406,0.7644780363090223,0.9882728979503174,9,303
0.3,0.24,0.23,0.933179723502304,0.9358128374325134,0.930753564154786,0.7788461538461539,0.7665847665847666,0.7680672268907563,0.9818181818181818,0.9904761904761905,0.9827956989247312,3,3,8,46,95,138,0.9334844258118633,0.7711660491072255,0.9850300237397013,14,279
0.3,0.3,0.13,0.933179723502304,0.9416767922235723,0.9219434488251693,0.7788461538461539,0.8031088082901554,0.7112135176651305,0.9818181818181818,0.9841269841269841,0.9956989247311828,3,5,2,46,76,188,0.9334815891832576,0.7643894932671467,0.9872146968921163,10,310
0.27,0.25,0.23,0.9324942791762013,0.936936936936937,0.930753564154786,0.7616822429906542,0.7703703703703704,0.7680672268907563,0.9878787878787879,0.9904761904761905,0.9827956989247312,2,3,8,51,93,138,0.933478933500139,0.7667066134172603,0.9870502257599032,13,282
0.28,0.25,0.23,0.9324942791762013,0.936936936936937,0.930753564154786,0.7616822429906542,0.7703703703703704,0.7680672268907563,0.9878787878787879,0.9904761904761905,0.9827956989247312,2,3,8,51,93,138,0.933478933500139,0.7667066134172603,0.9870502257599032,13,282
0.3,0.27,0.14,0.933179723502304,0.9401451027811366,0.9241516966067865,0.7788461538461539,0.7893401015228426,0.7178294573643411,0.9818181818181818,0.9873015873015873,0.9956989247311828,3,4,2,46,83,182,0.9334637319068503,0.7620052375777792,0.9882728979503174,9,311
0.29,0.26,0.16,0.9310344827586207,0.9397590361445785,0.9300924065889916,0.7714285714285715,0.78,0.7360890302066773,0.9818181818181818,0.9904761904761905,0.9956989247311828,3,3,2,48,88,166,0.9334634335404821,0.7625058672117496,0.9893310990085183,8,302
0.28,0.28,0.14,0.9324942791762013,0.9412832929782083,0.9241516966067865,0.7616822429906542,0.7933673469387755,0.7178294573643411,0.9878787878787879,0.9873015873015873,0.9956989247311828,2,4,2,51,81,182,0.9334624668029204,0.7576263490979236,0.9902930999705193,8,314
0.27,0.26,0.15,0.9324942791762013,0.9397590361445785,0.9263705482192878,0.7616822429906542,0.78,0.7245696400625978,0.9878787878787879,0.9904761904761905,0.9956989247311828,2,3,2,51,88,176,0.9334489600753318,0.7554172943510841,0.9913513010287204,7,315
0.28,0.26,0.15,0.9324942791762013,0.9397590361445785,0.9263705482192878,0.7616822429906542,0.78,0.7245696400625978,0.9878787878787879,0.9904761904761905,0.9956989247311828,2,3,2,51,88,176,0.9334489600753318,0.7554172943510841,0.9913513010287204,7,315
0.3,0.29,0.12,0.933179723502304,0.9424242424242424,0.9206349206349207,0.7788461538461539,0.7974358974358975,0.703030303030303,0.9818181818181818,0.9873015873015873,0.9978494623655914,3,4,1,46,79,196,0.9334441186054089,0.7597707847707849,0.9889897438284535,8,321
0.29,0.25,0.25,0.9310344827586207,0.936936936936937,0.9341782502044155,0.7714285714285715,0.7703703703703704,0.7798634812286689,0.9818181818181818,0.9904761904761905,0.9827956989247312,3,3,8,48,93,129,0.9334339725012745,0.773887474342537,0.9850300237397013,14,270
0.29,0.26,0.2,0.9310344827586207,0.9397590361445785,0.9299027552674232,0.7714285714285715,0.78,0.7549342105263158,0.9818181818181818,0.9904761904761905,0.9870967741935484,3,3,6,48,88,149,0.9334255032761685,0.7687875939849625,0.9864637154959736,12,285
0.27,0.24,0.21,0.9324942791762013,0.9358128374325134,0.9321689683184401,0.7616822429906542,0.7665847665847666,0.7624584717607974,0.9878787878787879,0.9904761904761905,0.9870967741935484,2,3,6,51,95,143,0.9334247844815428,0.7635751604454061,0.9884839175161755,11,289
0.28,0.24,0.21,0.9324942791762013,0.9358128374325134,0.9321689683184401,0.7616822429906542,0.7665847665847666,0.7624584717607974,0.9878787878787879,0.9904761904761905,0.9870967741935484,2,3,6,51,95,143,0.9334247844815428,0.7635751604454061,0.9884839175161755,11,289
0.27,0.24,0.19,0.9324942791762013,0.9358128374325134,0.9320663162151235,0.7616822429906542,0.7665847665847666,0.7520391517128875,0.9878787878787879,0.9904761904761905,0.9913978494623656,2,3,4,51,95,152,0.9334042540608793,0.7601020537627695,0.9899176092724481,9,298
0.28,0.24,0.19,0.9324942791762013,0.9358128374325134,0.9320663162151235,0.7616822429906542,0.7665847665847666,0.7520391517128875,0.9878787878787879,0.9904761904761905,0.9913978494623656,2,3,4,51,95,152,0.9334042540608793,0.7601020537627695,0.9899176092724481,9,298
0.26,0.25,0.24,0.9314285714285714,0.936936936936937,0.9330338913842384,0.7581395348837209,0.7703703703703704,0.7758913412563667,0.9878787878787879,0.9904761904761905,0.9827956989247312,2,3,8,52,93,132,0.9334021450722145,0.7681337488368194,0.9870502257599032,13,277
0.3,0.28,0.13,0.933179723502304,0.9412832929782083,0.9219434488251693,0.7788461538461539,0.7933673469387755,0.7112135176651305,0.9818181818181818,0.9873015873015873,0.9956989247311828,3,4,2,46,81,188,0.9333635394096483,0.7611423394833533,0.9882728979503174,9,315
0.27,0.24,0.18,0.9324942791762013,0.9358128374325134,0.9318273497377975,0.7616822429906542,0.7665847665847666,0.7463651050080775,0.9878787878787879,0.9904761904761905,0.9935483870967742,2,3,3,51,95,157,0.9333564607654142,0.7582107048611663,0.9906344551505842,8,303
0.28,0.24,0.18,0.9324942791762013,0.9358128374325134,0.9318273497377975,0.7616822429906542,0.7665847665847666,0.7463651050080775,0.9878787878787879,0.9904761904761905,0.9935483870967742,2,3,3,51,95,157,0.9333564607654142,0.7582107048611663,0.9906344551505842,8,303
0.3,0.24,0.16,0.933179723502304,0.9358128374325134,0.9300924065889916,0.7788461538461539,0.7665847665847666,0.7360890302066773,0.9818181818181818,0.9904761904761905,0.9956989247311828,3,3,2,46,95,166,0.9333521942987044,0.7605066502125326,0.9893310990085183,8,307
0.3,0.26,0.14,0.933179723502304,0.9397590361445785,0.9241516966067865,0.7788461538461539,0.78,0.7178294573643411,0.9818181818181818,0.9904761904761905,0.9956989247311828,3,3,2,46,88,182,0.9333479119158828,0.7588918704034984,0.9893310990085183,8,316
0.27,0.25,0.16,0.9324942791762013,0.936936936936937,0.9300924065889916,0.7616822429906542,0.7703703703703704,0.7360890302066773,0.9878787878787879,0.9904761904761905,0.9956989247311828,2,3,2,51,93,166,0.9333467019869801,0.7560472145225673,0.9913513010287204,7,310
0.28,0.25,0.16,0.9324942791762013,0.936936936936937,0.9300924065889916,0.7616822429906542,0.7703703703703704,0.7360890302066773,0.9878787878787879,0.9904761904761905,0.9956989247311828,2,3,2,51,93,166,0.9333467019869801,0.7560472145225673,0.9913513010287204,7,310
0.3,0.24,0.2,0.933179723502304,0.9358128374325134,0.9299027552674232,0.7788461538461539,0.7665847665847666,0.7549342105263158,0.9818181818181818,0.9904761904761905,0.9870967741935484,3,3,6,46,95,149,0.9333142640343908,0.7667883769857454,0.9864637154959736,12,290
0.27,0.24,0.17,0.9324942791762013,0.9358128374325134,0.9315895372233401,0.7616822429906542,0.7665847665847666,0.7408,0.9878787878787879,0.9904761904761905,0.9956989247311828,2,3,2,51,95,162,0.9333088982625227,0.7563556698584737,0.9913513010287204,7,308
0.28,0.24,0.17,0.9324942791762013,0.9358128374325134,0.9315895372233401,0.7616822429906542,0.7665847665847666,0.7408,0.9878787878787879,0.9904761904761905,0.9956989247311828,2,3,2,51,95,162,0.9333088982625227,0.7563556698584737,0.9913513010287204,7,308
0.27,0.25,0.2,0.9324942791762013,0.936936936936937,0.9299027552674232,0.7616822429906542,0.7703703703703704,0.7549342105263158,0.9878787878787879,0.9904761904761905,0.9870967741935484,2,3,6,51,93,149,0.9333087717226665,0.7623289412957801,0.9884839175161755,11,293
0.28,0.25,0.2,0.9324942791762013,0.936936936936937,0.9299027552674232,0.7616822429906542,0.7703703703703704,0.7549342105263158,0.9878787878787879,0.9904761904761905,0.9870967741935484,2,3,6,51,93,149,0.9333087717226665,0.7623289412957801,0.9884839175161755,11,293
0.3,0.23,0.21,0.933179723502304,0.934131736526946,0.9321689683184401,0.7788461538461539,0.7609756097560976,0.7624584717607974,0.9818181818181818,0.9904761904761905,0.9870967741935484,3,3,6,46,98,143,0.9332631763729239,0.7674267451210163,0.9864637154959736,12,287
0.27,0.24,0.22,0.9324942791762013,0.9358128374325134,0.931272875152501,0.7616822429906542,0.7665847665847666,0.7646076794657763,0.9878787878787879,0.9904761904761905,0.9849462365591398,2,3,7,51,95,141,0.9332455658483549,0.7642915630137325,0.9877670716380393,12,287
0.28,0.24,0.22,0.9324942791762013,0.9358128374325134,0.931272875152501,0.7616822429906542,0.7665847665847666,0.7646076794657763,0.9878787878787879,0.9904761904761905,0.9849462365591398,2,3,7,51,95,141,0.9332455658483549,0.7642915630137325,0.9877670716380393,12,287
0.3,0.23,0.19,0.933179723502304,0.934131736526946,0.9320663162151235,0.7788461538461539,0.7609756097560976,0.7520391517128875,0.9818181818181818,0.9904761904761905,0.9913978494623656,3,3,4,46,98,152,0.9332426459522605,0.7639536384383797,0.9878974072522461,10,296
0.26,0.25,0.21,0.9314285714285714,0.936936936936937,0.9321689683184401,0.7581395348837209,0.7703703703703704,0.7624584717607974,0.9878787878787879,0.9904761904761905,0.9870967741935484,2,3,6,52,93,143,0.9332291604590549,0.7636561256716297,0.9884839175161755,11,288
0.3,0.3,0.12,0.933179723502304,0.9416767922235723,0.9206349206349207,0.7788461538461539,0.8031088082901554,0.703030303030303,0.9818181818181818,0.9841269841269841,0.9978494623655914,3,5,1,46,76,196,0.9332198835452079,0.7616617550555375,0.9879315427702524,9,318
0.26,0.25,0.19,0.9314285714285714,0.936936936936937,0.9320663162151235,0.7581395348837209,0.7703703703703704,0.7520391517128875,0.9878787878787879,0.9904761904761905,0.9913978494623656,2,3,4,52,93,152,0.9332086300383915,0.760183018988993,0.9899176092724481,9,297
0.29,0.25,0.24,0.9310344827586207,0.936936936936937,0.9330338913842384,0.7714285714285715,0.7703703703703704,0.7758913412563667,0.9818181818181818,0.9904761904761905,0.9827956989247312,3,3,8,48,93,132,0.9332051007372391,0.7725634276851029,0.9850300237397013,14,273
0.3,0.23,0.18,0.933179723502304,0.934131736526946,0.9318273497377975,0.7788461538461539,0.7609756097560976,0.7463651050080775,0.9818181818181818,0.9904761904761905,0.9935483870967742,3,3,3,46,98,157,0.9331948526567954,0.7620622895367765,0.9886142531303822,9,301
0.29,0.28,0.15,0.9310344827586207,0.9412832929782083,0.9263705482192878,0.7714285714285715,0.7933673469387755,0.7245696400625978,0.9818181818181818,0.9873015873015873,0.9956989247311828,3,4,2,48,81,176,0.9331763389166304,0.7631218528099817,0.9882728979503174,9,305
0.26,0.25,0.18,0.9314285714285714,0.936936936936937,0.9318273497377975,0.7581395348837209,0.7703703703703704,0.7463651050080775,0.9878787878787879,0.9904761904761905,0.9935483870967742,2,3,3,52,93,157,0.9331608367429264,0.7582916700873895,0.9906344551505842,8,302
0.3,0.23,0.17,0.933179723502304,0.934131736526946,0.9315895372233401,0.7788461538461539,0.7609756097560976,0.7408,0.9818181818181818,0.9904761904761905,0.9956989247311828,3,3,2,46,98,162,0.9331472901539039,0.7602072545340839,0.9893310990085183,8,306
0.27,0.24,0.23,0.9324942791762013,0.9358128374325134,0.930753564154786,0.7616822429906542,0.7665847665847666,0.7680672268907563,0.9878787878787879,0.9904761904761905,0.9827956989247312,2,3,8,51,95,138,0.9331417036488119,0.7654447454887258,0.9870502257599032,13,284
0.28,0.24,0.23,0.9324942791762013,0.9358128374325134,0.930753564154786,0.7616822429906542,0.7665847665847666,0.7680672268907563,0.9878787878787879,0.9904761904761905,0.9827956989247312,2,3,8,51,95,138,0.9331417036488119,0.7654447454887258,0.9870502257599032,13,284
0.27,0.27,0.14,0.9324942791762013,0.9401451027811366,0.9241516966067865,0.7616822429906542,0.7893401015228426,0.7178294573643411,0.9878787878787879,0.9873015873015873,0.9956989247311828,2,4,2,51,83,182,0.933121009743799,0.7562839339592794,0.9902930999705193,8,316
0.28,0.27,0.14,0.9324942791762013,0.9401451027811366,0.9241516966067865,0.7616822429906542,0.7893401015228426,0.7178294573643411,0.9878787878787879,0.9873015873015873,0.9956989247311828,2,4,2,51,83,182,0.933121009743799,0.7562839339592794,0.9902930999705193,8,316
0.26,0.25,0.17,0.9314285714285714,0.936936936936937,0.9315895372233401,0.7581395348837209,0.7703703703703704,0.7408,0.9878787878787879,0.9904761904761905,0.9956989247311828,2,3,2,52,93,162,0.9331132742400349,0.7564366350846972,0.9913513010287204,7,307
0.3,0.28,0.12,0.933179723502304,0.9412832929782083,0.9206349206349207,0.7788461538461539,0.7933673469387755,0.703030303030303,0.9818181818181818,0.9873015873015873,0.9978494623655914,3,4,1,46,81,196,0.9331018337715986,0.7584146012717441,0.9889897438284535,8,323
0.3,0.22,0.21,0.933179723502304,0.933572710951526,0.9321689683184401,0.7788461538461539,0.7591240875912408,0.7624584717607974,0.9818181818181818,0.9904761904761905,0.9870967741935484,3,3,6,46,99,143,0.9330954687002979,0.7668095710660641,0.9864637154959736,12,288
0.3,0.23,0.22,0.933179723502304,0.934131736526946,0.931272875152501,0.7788461538461539,0.7609756097560976,0.7646076794657763,0.9818181818181818,0.9904761904761905,0.9849462365591398,3,3,7,46,98,141,0.9330839577397361,0.7681431476893427,0.9857468696178374,13,285
0.3,0.22,0.19,0.933179723502304,0.933572710951526,0.9320663162151235,0.7788461538461539,0.7591240875912408,0.7520391517128875,0.9818181818181818,0.9904761904761905,0.9913978494623656,3,3,4,46,99,152,0.9330749382796346,0.7633364643834274,0.9878974072522461,10,297
0.29,0.29,0.14,0.9310344827586207,0.9424242424242424,0.9241516966067865,0.7714285714285715,0.7974358974358975,0.7178294573643411,0.9818181818181818,0.9873015873015873,0.9956989247311828,3,4,2,48,79,182,0.9330748534279403,0.7622313087429368,0.9882728979503174,9,309
0.26,0.24,0.24,0.9314285714285714,0.9358128374325134,0.9330338913842384,0.7581395348837209,0.7665847665847666,0.7758913412563667,0.9878787878787879,0.9904761904761905,0.9827956989247312,2,3,8,52,95,132,0.9330649152208874,0.7668718809082847,0.9870502257599032,13,279
0.26,0.25,0.22,0.9314285714285714,0.936936936936937,0.931272875152501,0.7581395348837209,0.7703703703703704,0.7646076794657763,0.9878787878787879,0.9904761904761905,0.9849462365591398,2,3,7,52,93,141,0.9330499418258671,0.7643725282399559,0.9877670716380393,12,286
0.29,0.25,0.21,0.9310344827586207,0.936936936936937,0.9321689683184401,0.7714285714285715,0.7703703703703704,0.7624584717607974,0.9818181818181818,0.9904761904761905,0.9870967741935484,3,3,6,48,93,143,0.9330321161240794,0.768085804519913,0.9864637154959736,12,284
0.3,0.22,0.18,0.933179723502304,0.933572710951526,0.9318273497377975,0.7788461538461539,0.7591240875912408,0.7463651050080775,0.9818181818181818,0.9904761904761905,0.9935483870967742,3,3,3,46,99,157,0.9330271449841694,0.7614451154818239,0.9886142531303822,9,302
0.3,0.27,0.13,0.933179723502304,0.9401451027811366,0.9219434488251693,0.7788461538461539,0.7893401015228426,0.7112135176651305,0.9818181818181818,0.9873015873015873,0.9956989247311828,3,4,2,46,83,188,0.9330220823505269,0.759799924344709,0.9882728979503174,9,317
0.28,0.28,0.13,0.9324942791762013,0.9412832929782083,0.9219434488251693,0.7616822429906542,0.7933673469387755,0.7112135176651305,0.9878787878787879,0.9873015873015873,0.9956989247311828,2,4,2,51,81,188,0.933020817246597,0.7554210358648534,0.9902930999705193,8,320
0.29,0.25,0.19,0.9310344827586207,0.936936936936937,0.9320663162151235,0.7714285714285715,0.7703703703703704,0.7520391517128875,0.9818181818181818,0.9904761904761905,0.9913978494623656,3,3,4,48,93,152,0.933011585703416,0.7646126978372765,0.9878974072522461,10,293
0.27,0.24,0.16,0.9324942791762013,0.9358128374325134,0.9300924065889916,0.7616822429906542,0.7665847665847666,0.7360890302066773,0.9878787878787879,0.9904761904761905,0.9956989247311828,2,3,2,51,95,166,0.933009472135653,0.7547853465940327,0.9913513010287204,7,312
0.28,0.24,0.16,0.9324942791762013,0.9358128374325134,0.9300924065889916,0.7616822429906542,0.7665847665847666,0.7360890302066773,0.9878787878787879,0.9904761904761905,0.9956989247311828,2,3,2,51,95,166,0.933009472135653,0.7547853465940327,0.9913513010287204,7,312
0.27,0.26,0.14,0.9324942791762013,0.9397590361445785,0.9241516966067865,0.7616822429906542,0.78,0.7178294573643411,0.9878787878787879,0.9904761904761905,0.9956989247311828,2,3,2,51,88,182,0.9330051897528315,0.7531705667849984,0.9913513010287204,7,321
0.28,0.26,0.14,0.9324942791762013,0.9397590361445785,0.9241516966067865,0.7616822429906542,0.78,0.7178294573643411,0.9878787878787879,0.9904761904761905,0.9956989247311828,2,3,2,51,88,182,0.9330051897528315,0.7531705667849984,0.9913513010287204,7,321
0.3,0.23,0.23,0.933179723502304,0.934131736526946,0.930753564154786,0.7788461538461539,0.7609756097560976,0.7680672268907563,0.9818181818181818,0.9904761904761905,0.9827956989247312,3,3,8,46,98,138,0.932980095540193,0.769296330164336,0.9850300237397013,14,282
0.3,0.22,0.17,0.933179723502304,0.933572710951526,0.9315895372233401,0.7788461538461539,0.7591240875912408,0.7408,0.9818181818181818,0.9904761904761905,0.9956989247311828,3,3,2,46,99,162,0.9329795824812779,0.7595900804791316,0.9893310990085183,8,307
0.27,0.24,0.2,0.9324942791762013,0.9358128374325134,0.9299027552674232,0.7616822429906542,0.7665847665847666,0.7549342105263158,0.9878787878787879,0.9904761904761905,0.9870967741935484,2,3,6,51,95,149,0.9329715418713393,0.7610670733672457,0.9884839175161755,11,295
0.28,0.24,0.2,0.9324942791762013,0.9358128374325134,0.9299027552674232,0.7616822429906542,0.7665847665847666,0.7549342105263158,0.9878787878787879,0.9904761904761905,0.9870967741935484,2,3,6,51,95,149,0.9329715418713393,0.7610670733672457,0.9884839175161755,11,295
0.29,0.25,0.18,0.9310344827586207,0.936936936936937,0.9318273497377975,0.7714285714285715,0.7703703703703704,0.7463651050080775,0.9818181818181818,0.9904761904761905,0.9935483870967742,3,3,3,48,93,157,0.9329637924079509,0.7627213489356732,0.9886142531303822,9,298
0.26,0.25,0.23,0.9314285714285714,0.936936936936937,0.930753564154786,0.7581395348837209,0.7703703703703704,0.7680672268907563,0.9878787878787879,0.9904761904761905,0.9827956989247312,2,3,8,52,93,138,0.932946079626324,0.7655257107149492,0.9870502257599032,13,283
0.3,0.25,0.15,0.933179723502304,0.936936936936937,0.9263705482192878,0.7788461538461539,0.7703703703703704,0.7245696400625978,0.9818181818181818,0.9904761904761905,0.9956989247311828,3,3,2,46,93,176,0.9329450524760907,0.757928721426374,0.9893310990085183,8,315
0.27,0.23,0.21,0.9324942791762013,0.934131736526946,0.9321689683184401,0.7616822429906542,0.7609756097560976,0.7624584717607974,0.9878787878787879,0.9904761904761905,0.9870967741935484,2,3,6,51,98,143,0.9329204542098725,0.7617054415025164,0.9884839175161755,11,292
0.28,0.23,0.21,0.9324942791762013,0.934131736526946,0.9321689683184401,0.7616822429906542,0.7609756097560976,0.7624584717607974,0.9878787878787879,0.9904761904761905,0.9870967741935484,2,3,6,51,98,143,0.9329204542098725,0.7617054415025164,0.9884839175161755,11,292
0.3,0.22,0.22,0.933179723502304,0.933572710951526,0.931272875152501,0.7788461538461539,0.7591240875912408,0.7646076794657763,0.9818181818181818,0.9904761904761905,0.9849462365591398,3,3,7,46,99,141,0.9329162500671101,0.7675259736343903,0.9857468696178374,13,286
0.29,0.25,0.17,0.9310344827586207,0.936936936936937,0.9315895372233401,0.7714285714285715,0.7703703703703704,0.7408,0.9818181818181818,0.9904761904761905,0.9956989247311828,3,3,2,48,93,162,0.9329162299050594,0.7608663139329807,0.9893310990085183,8,303
0.26,0.26,0.15,0.9314285714285714,0.9397590361445785,0.9263705482192878,0.7581395348837209,0.78,0.7245696400625978,0.9878787878787879,0.9904761904761905,0.9956989247311828,2,3,2,52,88,176,0.9329161062015169,0.754236391648773,0.9913513010287204,7,316
0.3,0.26,0.13,0.933179723502304,0.9397590361445785,0.9219434488251693,0.7788461538461539,0.78,0.7112135176651305,0.9818181818181818,0.9904761904761905,0.9956989247311828,3,3,2,46,88,188,0.9329062623595594,0.7566865571704282,0.9893310990085183,8,322
0.27,0.23,0.19,0.9324942791762013,0.934131736526946,0.9320663162151235,0.7616822429906542,0.7609756097560976,0.7520391517128875,0.9878787878787879,0.9904761904761905,0.9913978494623656,2,3,4,51,98,152,0.932899923789209,0.7582323348198798,0.9899176092724481,9,301
0.28,0.23,0.19,0.9324942791762013,0.934131736526946,0.9320663162151235,0.7616822429906542,0.7609756097560976,0.7520391517128875,0.9878787878787879,0.9904761904761905,0.9913978494623656,2,3,4,51,98,152,0.932899923789209,0.7582323348198798,0.9899176092724481,9,301
0.26,0.24,0.21,0.9314285714285714,0.9358128374325134,0.9321689683184401,0.7581395348837209,0.7665847665847666,0.7624584717607974,0.9878787878787879,0.9904761904761905,0.9870967741935484,2,3,6,52,95,143,0.9328919306077278,0.7623942577430949,0.9884839175161755,11,290
0.26,0.24,0.19,0.9314285714285714,0.9358128374325134,0.9320663162151235,0.7581395348837209,0.7665847665847666,0.7520391517128875,0.9878787878787879,0.9904761904761905,0.9913978494623656,2,3,4,52,95,152,0.9328714001870644,0.7589211510604583,0.9899176092724481,9,299
0.29,0.24,0.24,0.9310344827586207,0.9358128374325134,0.9330338913842384,0.7714285714285715,0.7665847665847666,0.7758913412563667,0.9818181818181818,0.9904761904761905,0.9827956989247312,3,3,8,48,95,132,0.932867870885912,0.7713015597565683,0.9850300237397013,14,275
0.29,0.25,0.22,0.9310344827586207,0.936936936936937,0.931272875152501,0.7714285714285715,0.7703703703703704,0.7646076794657763,0.9818181818181818,0.9904761904761905,0.9849462365591398,3,3,7,48,93,141,0.9328528974908916,0.7688022070882394,0.9857468696178374,13,282
0.27,0.23,0.18,0.9324942791762013,0.934131736526946,0.9318273497377975,0.7616822429906542,0.7609756097560976,0.7463651050080775,0.9878787878787879,0.9904761904761905,0.9935483870967742,2,3,3,51,98,157,0.9328521304937439,0.7563409859182765,0.9906344551505842,8,306
0.28,0.23,0.18,0.9324942791762013,0.934131736526946,0.9318273497377975,0.7616822429906542,0.7609756097560976,0.7463651050080775,0.9878787878787879,0.9904761904761905,0.9935483870967742,2,3,3,51,98,157,0.9328521304937439,0.7563409859182765,0.9906344551505842,8,306
0.3,0.23,0.16,0.933179723502304,0.934131736526946,0.9300924065889916,0.7788461538461539,0.7609756097560976,0.7360890302066773,0.9818181818181818,0.9904761904761905,0.9956989247311828,3,3,2,46,98,166,0.9328478640270341,0.7586369312696429,0.9893310990085183,8,310
0.29,0.27,0.15,0.9310344827586207,0.9401451027811366,0.9263705482192878,0.7714285714285715,0.7893401015228426,0.7245696400625978,0.9818181818181818,0.9873015873015873,0.9956989247311828,3,4,2,48,83,176,0.9328348818575088,0.7617794376713373,0.9882728979503174,9,307
0.26,0.24,0.18,0.9314285714285714,0.9358128374325134,0.9318273497377975,0.7581395348837209,0.7665847665847666,0.7463651050080775,0.9878787878787879,0.9904761904761905,0.9935483870967742,2,3,3,52,95,157,0.9328236068915993,0.7570298021588551,0.9906344551505842,8,304
0.26,0.25,0.16,0.9314285714285714,0.936936936936937,0.9300924065889916,0.7581395348837209,0.7703703703703704,0.7360890302066773,0.9878787878787879,0.9904761904761905,0.9956989247311828,2,3,2,52,93,166,0.9328138481131651,0.7548663118202562,0.9913513010287204,7,311
0.3,0.23,0.2,0.933179723502304,0.934131736526946,0.9299027552674232,0.7788461538461539,0.7609756097560976,0.7549342105263158,0.9818181818181818,0.9904761904761905,0.9870967741935484,3,3,6,46,98,149,0.9328099337627205,0.7649186580428559,0.9864637154959736,12,293
0.27,0.23,0.17,0.9324942791762013,0.934131736526946,0.9315895372233401,0.7616822429906542,0.7609756097560976,0.7408,0.9878787878787879,0.9904761904761905,0.9956989247311828,2,3,2,51,98,162,0.9328045679908524,0.7544859509155839,0.9913513010287204,7,311
0.28,0.23,0.17,0.9324942791762013,0.934131736526946,0.9315895372233401,0.7616822429906542,0.7609756097560976,0.7408,0.9878787878787879,0.9904761904761905,0.9956989247311828,2,3,2,51,98,162,0.9328045679908524,0.7544859509155839,0.9913513010287204,7,311
0.26,0.24,0.17,0.9314285714285714,0.9358128374325134,0.9315895372233401,0.7581395348837209,0.7665847665847666,0.7408,0.9878787878787879,0.9904761904761905,0.9956989247311828,2,3,2,52,95,162,0.9327760443887078,0.7551747671561625,0.9913513010287204,7,309
0.26,0.25,0.2,0.9314285714285714,0.936936936936937,0.9299027552674232,0.7581395348837209,0.7703703703703704,0.7549342105263158,0.9878787878787879,0.9904761904761905,0.9870967741935484,2,3,6,52,93,149,0.9327759178488515,0.7611480385934691,0.9884839175161755,11,294
0.3,0.21,0.21,0.933179723502304,0.9324566646742379,0.9321689683184401,0.7788461538461539,0.7554479418886199,0.7624584717607974,0.9818181818181818,0.9904761904761905,0.9870967741935484,3,3,6,46,101,143,0.9327606548171115,0.7655841891651903,0.9864637154959736,12,290
0.3,0.27,0.12,0.933179723502304,0.9401451027811366,0.9206349206349207,0.7788461538461539,0.7893401015228426,0.703030303030303,0.9818181818181818,0.9873015873015873,0.9978494623655914,3,4,1,46,83,196,0.9327603767124771,0.7570721861330999,0.9889897438284535,8,325
0.28,0.28,0.12,0.9324942791762013,0.9412832929782083,0.9206349206349207,0.7616822429906542,0.7933673469387755,0.703030303030303,0.9878787878787879,0.9873015873015873,0.9978494623655914,2,4,1,51,81,196,0.9327591116085473,0.7526932976532442,0.9910099458486554,7,328
0.27,0.22,0.21,0.9324942791762013,0.933572710951526,0.9321689683184401,0.7616822429906542,0.7591240875912408,0.7624584717607974,0.9878787878787879,0.9904761904761905,0.9870967741935484,2,3,6,51,99,143,0.9327527465372466,0.7610882674475642,0.9884839175161755,11,293
0.28,0.22,0.21,0.9324942791762013,0.933572710951526,0.9321689683184401,0.7616822429906542,0.7591240875912408,0.7624584717607974,0.9878787878787879,0.9904761904761905,0.9870967741935484,2,3,6,51,99,143,0.9327527465372466,0.7610882674475642,0.9884839175161755,11,293
0.29,0.25,0.23,0.9310344827586207,0.936936936936937,0.930753564154786,0.7714285714285715,0.7703703703703704,0.7680672268907563,0.9818181818181818,0.9904761904761905,0.9827956989247312,3,3,8,48,93,138,0.9327490352913486,0.7699553895632327,0.9850300237397013,14,279
0.27,0.23,0.22,0.9324942791762013,0.934131736526946,0.931272875152501,0.7616822429906542,0.7609756097560976,0.7646076794657763,0.9878787878787879,0.9904761904761905,0.9849462365591398,2,3,7,51,98,141,0.9327412355766846,0.7624218440708427,0.9877670716380393,12,290
0.28,0.23,0.22,0.9324942791762013,0.934131736526946,0.931272875152501,0.7616822429906542,0.7609756097560976,0.7646076794657763,0.9878787878787879,0.9904761904761905,0.9849462365591398,2,3,7,51,98,141,0.9327412355766846,0.7624218440708427,0.9877670716380393,12,290
0.3,0.21,0.19,0.933179723502304,0.9324566646742379,0.9320663162151235,0.7788461538461539,0.7554479418886199,0.7520391517128875,0.9818181818181818,0.9904761904761905,0.9913978494623656,3,3,4,46,101,152,0.9327401243964482,0.7621110824825538,0.9878974072522461,10,299
0.29,0.28,0.14,0.9310344827586207,0.9412832929782083,0.9241516966067865,0.7714285714285715,0.7933673469387755,0.7178294573643411,0.9818181818181818,0.9873015873015873,0.9956989247311828,3,4,2,48,81,182,0.9327325685941301,0.760875125243896,0.9882728979503174,9,311
0.27,0.22,0.19,0.9324942791762013,0.933572710951526,0.9320663162151235,0.7616822429906542,0.7591240875912408,0.7520391517128875,0.9878787878787879,0.9904761904761905,0.9913978494623656,2,3,4,51,99,152,0.9327322161165832,0.7576151607649275,0.9899176092724481,9,302
0.28,0.22,0.19,0.9324942791762013,0.933572710951526,0.9320663162151235,0.7616822429906542,0.7591240875912408,0.7520391517128875,0.9878787878787879,0.9904761904761905,0.9913978494623656,2,3,4,51,99,152,0.9327322161165832,0.7576151607649275,0.9899176092724481,9,302
0.29,0.26,0.15,0.9310344827586207,0.9397590361445785,0.9263705482192878,0.7714285714285715,0.78,0.7245696400625978,0.9818181818181818,0.9904761904761905,0.9956989247311828,3,3,2,48,88,176,0.9327190618665414,0.7586660704970565,0.9893310990085183,8,312
0.26,0.24,0.22,0.9314285714285714,0.9358128374325134,0.931272875152501,0.7581395348837209,0.7665847665847666,0.7646076794657763,0.9878787878787879,0.9904761904761905,0.9849462365591398,2,3,7,52,95,141,0.93271271197454,0.7631106603114213,0.9877670716380393,12,288
0.29,0.24,0.21,0.9310344827586207,0.9358128374325134,0.9321689683184401,0.7714285714285715,0.7665847665847666,0.7624584717607974,0.9818181818181818,0.9904761904761905,0.9870967741935484,3,3,6,48,95,143,0.9326948862727524,0.7668239365913786,0.9864637154959736,12,286
0.3,0.21,0.18,0.933179723502304,0.9324566646742379,0.9318273497377975,0.7788461538461539,0.7554479418886199,0.7463651050080775,0.9818181818181818,0.9904761904761905,0.9935483870967742,3,3,3,46,101,157,0.9326923311009829,0.7602197335809504,0.9886142531303822,9,304
0.27,0.22,0.18,0.9324942791762013,0.933572710951526,0.9318273497377975,0.7616822429906542,0.7591240875912408,0.7463651050080775,0.9878787878787879,0.9904761904761905,0.9935483870967742,2,3,3,51,99,157,0.9326844228211181,0.7557238118633242,0.9906344551505842,8,307
0.28,0.22,0.18,0.9324942791762013,0.933572710951526,0.9318273497377975,0.7616822429906542,0.7591240875912408,0.7463651050080775,0.9878787878787879,0.9904761904761905,0.9935483870967742,2,3,3,51,99,157,0.9326844228211181,0.7557238118633242,0.9906344551505842,8,307
0.3,0.22,0.16,0.933179723502304,0.933572710951526,0.9300924065889916,0.7788461538461539,0.7591240875912408,0.7360890302066773,0.9818181818181818,0.9904761904761905,0.9956989247311828,3,3,2,46,99,166,0.9326801563544082,0.7580197572146906,0.9893310990085183,8,311
0.27,0.27,0.13,0.9324942791762013,0.9401451027811366,0.9219434488251693,0.7616822429906542,0.7893401015228426,0.7112135176651305,0.9878787878787879,0.9873015873015873,0.9956989247311828,2,4,2,51,83,188,0.9326793601874755,0.7540786207262092,0.9902930999705193,8,322
0.28,0.27,0.13,0.9324942791762013,0.9401451027811366,0.9219434488251693,0.7616822429906542,0.7893401015228426,0.7112135176651305,0.9878787878787879,0.9873015873015873,0.9956989247311828,2,4,2,51,83,188,0.9326793601874755,0.7540786207262092,0.9902930999705193,8,322
0.29,0.24,0.19,0.9310344827586207,0.9358128374325134,0.9320663162151235,0.7714285714285715,0.7665847665847666,0.7520391517128875,0.9818181818181818,0.9904761904761905,0.9913978494623656,3,3,4,48,95,152,0.9326743558520891,0.7633508299087418,0.9878974072522461,10,295
0.3,0.21,0.17,0.933179723502304,0.9324566646742379,0.9315895372233401,0.7788461538461539,0.7554479418886199,0.7408,0.9818181818181818,0.9904761904761905,0.9956989247311828,3,3,2,46,101,162,0.9326447685980914,0.7583646985782578,0.9893310990085183,8,309
0.3,0.26,0.12,0.933179723502304,0.9397590361445785,0.9206349206349207,0.7788461538461539,0.78,0.703030303030303,0.9818181818181818,0.9904761904761905,0.9978494623655914,3,3,1,46,88,196,0.9326445567215097,0.753958818958819,0.9900479448866545,7,330
0.3,0.29,0.11,0.933179723502304,0.9424242424242424,0.916633741604109,0.7788461538461539,0.7974358974358975,0.6915052160953801,0.9818181818181818,0.9873015873015873,0.9978494623655914,3,4,1,46,79,207,0.9326438827992466,0.7559290891258105,0.9889897438284535,8,332
0.3,0.22,0.2,0.933179723502304,0.933572710951526,0.9299027552674232,0.7788461538461539,0.7591240875912408,0.7549342105263158,0.9818181818181818,0.9904761904761905,0.9870967741935484,3,3,6,46,99,149,0.9326422260900945,0.7643014839879035,0.9864637154959736,12,294
0.27,0.23,0.23,0.9324942791762013,0.934131736526946,0.930753564154786,0.7616822429906542,0.7609756097560976,0.7680672268907563,0.9878787878787879,0.9904761904761905,0.9827956989247312,2,3,8,51,98,138,0.9326373733771416,0.7635750265458361,0.9870502257599032,13,287
0.28,0.23,0.23,0.9324942791762013,0.934131736526946,0.930753564154786,0.7616822429906542,0.7609756097560976,0.7680672268907563,0.9878787878787879,0.9904761904761905,0.9827956989247312,2,3,8,51,98,138,0.9326373733771416,0.7635750265458361,0.9870502257599032,13,287
0.27,0.22,0.17,0.9324942791762013,0.933572710951526,0.9315895372233401,0.7616822429906542,0.7591240875912408,0.7408,0.9878787878787879,0.9904761904761905,0.9956989247311828,2,3,2,51,99,162,0.9326368603182266,0.7538687768606317,0.9913513010287204,7,312
0.28,0.22,0.17,0.9324942791762013,0.933572710951526,0.9315895372233401,0.7616822429906542,0.7591240875912408,0.7408,0.9878787878787879,0.9904761904761905,0.9956989247311828,2,3,2,51,99,162,0.9326368603182266,0.7538687768606317,0.9913513010287204,7,312
0.29,0.29,0.13,0.9310344827586207,0.9424242424242424,0.9219434488251693,0.7714285714285715,0.7974358974358975,0.7112135176651305,0.9818181818181818,0.9873015873015873,0.9956989247311828,3,4,2,48,79,188,0.9326332038716169,0.7600259955098666,0.9882728979503174,9,315
0.29,0.24,0.18,0.9310344827586207,0.9358128374325134,0.9318273497377975,0.7714285714285715,0.7665847665847666,0.7463651050080775,0.9818181818181818,0.9904761904761905,0.9935483870967742,3,3,3,48,95,157,0.9326265625566239,0.7614594810071385,0.9886142531303822,9,300
0.29,0.25,0.16,0.9310344827586207,0.936936936936937,0.9300924065889916,0.7714285714285715,0.7703703703703704,0.7360890302066773,0.9818181818181818,0.9904761904761905,0.9956989247311828,3,3,2,48,93,166,0.9326168037781897,0.7592959906685398,0.9893310990085183,8,307
0.26,0.24,0.23,0.9314285714285714,0.9358128374325134,0.930753564154786,0.7581395348837209,0.7665847665847666,0.7680672268907563,0.9878787878787879,0.9904761904761905,0.9827956989247312,2,3,8,52,95,138,0.9326088497749969,0.7642638427864146,0.9870502257599032,13,285
0.3,0.24,0.15,0.933179723502304,0.9358128374325134,0.9263705482192878,0.7788461538461539,0.7665847665847666,0.7245696400625978,0.9818181818181818,0.9904761904761905,0.9956989247311828,3,3,2,46,95,176,0.9326078226247637,0.7566668534978395,0.9893310990085183,8,317
0.27,0.25,0.15,0.9324942791762013,0.936936936936937,0.9263705482192878,0.7616822429906542,0.7703703703703704,0.7245696400625978,0.9878787878787879,0.9904761904761905,0.9956989247311828,2,3,2,51,93,176,0.9326023303130394,0.7522074178078743,0.9913513010287204,7,320
0.28,0.25,0.15,0.9324942791762013,0.936936936936937,0.9263705482192878,0.7616822429906542,0.7703703703703704,0.7245696400625978,0.9878787878787879,0.9904761904761905,0.9956989247311828,2,3,2,51,93,176,0.9326023303130394,0.7522074178078743,0.9913513010287204,7,320
0.29,0.24,0.17,0.9310344827586207,0.9358128374325134,0.9315895372233401,0.7714285714285715,0.7665847665847666,0.7408,0.9818181818181818,0.9904761904761905,0.9956989247311828,3,3,2,48,95,162,0.9325790000537324,0.7596044460044461,0.9893310990085183,8,305
0.29,0.25,0.2,0.9310344827586207,0.936936936936937,0.9299027552674232,0.7714285714285715,0.7703703703703704,0.7549342105263158,0.9818181818181818,0.9904761904761905,0.9870967741935484,3,3,6,48,93,149,0.932578873513876,0.7655777174417526,0.9864637154959736,12,290
0.27,0.22,0.22,0.9324942791762013,0.933572710951526,0.931272875152501,0.7616822429906542,0.7591240875912408,0.7646076794657763,0.9878787878787879,0.9904761904761905,0.9849462365591398,2,3,7,51,99,141,0.9325735279040588,0.7618046700158905,0.9877670716380393,12,291
0.28,0.22,0.22,0.9324942791762013,0.933572710951526,0.931272875152501,0.7616822429906542,0.7591240875912408,0.7646076794657763,0.9878787878787879,0.9904761904761905,0.9849462365591398,2,3,7,51,99,141,0.9325735279040588,0.7618046700158905,0.9877670716380393,12,291
0.27,0.26,0.13,0.9324942791762013,0.9397590361445785,0.9219434488251693,0.7616822429906542,0.78,0.7112135176651305,0.9878787878787879,0.9904761904761905,0.9956989247311828,2,3,2,51,88,188,0.9325635401965081,0.7509652535519282,0.9913513010287204,7,327
0.28,0.26,0.13,0.9324942791762013,0.9397590361445785,0.9219434488251693,0.7616822429906542,0.78,0.7112135176651305,0.9878787878787879,0.9904761904761905,0.9956989247311828,2,3,2,51,88,188,0.9325635401965081,0.7509652535519282,0.9913513010287204,7,327
0.29,0.24,0.22,0.9310344827586207,0.9358128374325134,0.931272875152501,0.7714285714285715,0.7665847665847666,0.7646076794657763,0.9818181818181818,0.9904761904761905,0.9849462365591398,3,3,7,48,95,141,0.9325156676395646,0.7675403391597048,0.9857468696178374,13,284
0.27,0.23,0.16,0.9324942791762013,0.934131736526946,0.9300924065889916,0.7616822429906542,0.7609756097560976,0.7360890302066773,0.9878787878787879,0.9904761904761905,0.9956989247311828,2,3,2,51,98,166,0.9325051418639827,0.752915627651143,0.9913513010287204,7,315
0.28,0.23,0.16,0.9324942791762013,0.934131736526946,0.9300924065889916,0.7616822429906542,0.7609756097560976,0.7360890302066773,0.9878787878787879,0.9904761904761905,0.9956989247311828,2,3,2,51,98,166,0.9325051418639827,0.752915627651143,0.9913513010287204,7,315
0.3,0.25,0.14,0.933179723502304,0.936936936936937,0.9241516966067865,0.7788461538461539,0.7703703703703704,0.7178294573643411,0.9818181818181818,0.9904761904761905,0.9956989247311828,3,3,2,46,93,182,0.9325012821535904,0.7556819938602884,0.9893310990085183,8,321
0.26,0.24,0.16,0.9314285714285714,0.9358128374325134,0.9300924065889916,0.7581395348837209,0.7665847665847666,0.7360890302066773,0.9878787878787879,0.9904761904761905,0.9956989247311828,2,3,2,52,95,166,0.932476618261838,0.7536044438917217,0.9913513010287204,7,313
0.26,0.26,0.14,0.9314285714285714,0.9397590361445785,0.9241516966067865,0.7581395348837209,0.78,0.7178294573643411,0.9878787878787879,0.9904761904761905,0.9956989247311828,2,3,2,52,88,182,0.9324723358790166,0.7519896640826874,0.9913513010287204,7,322
0.27,0.23,0.2,0.9324942791762013,0.934131736526946,0.9299027552674232,0.7616822429906542,0.7609756097560976,0.7549342105263158,0.9878787878787879,0.9904761904761905,0.9870967741935484,2,3,6,51,98,149,0.932467211599669,0.7591973544243559,0.9884839175161755,11,298
0.28,0.23,0.2,0.9324942791762013,0.934131736526946,0.9299027552674232,0.7616822429906542,0.7609756097560976,0.7549342105263158,0.9878787878787879,0.9904761904761905,0.9870967741935484,2,3,6,51,98,149,0.932467211599669,0.7591973544243559,0.9884839175161755,11,298
0.26,0.24,0.2,0.9314285714285714,0.9358128374325134,0.9299027552674232,0.7581395348837209,0.7665847665847666,0.7549342105263158,0.9878787878787879,0.9904761904761905,0.9870967741935484,2,3,6,52,95,149,0.9324386879975244,0.7598861706649345,0.9884839175161755,11,296
0.3,0.3,0.11,0.933179723502304,0.9416767922235723,0.916633741604109,0.7788461538461539,0.8031088082901554,0.6915052160953801,0.9818181818181818,0.9841269841269841,0.9978494623655914,3,5,1,46,76,207,0.9324196477390456,0.7578200594105632,0.9879315427702524,9,329
0.27,0.21,0.21,0.9324942791762013,0.9324566646742379,0.9321689683184401,0.7616822429906542,0.7554479418886199,0.7624584717607974,0.9878787878787879,0.9904761904761905,0.9870967741935484,2,3,6,51,101,143,0.9324179326540601,0.7598628855466906,0.9884839175161755,11,295
0.28,0.21,0.21,0.9324942791762013,0.9324566646742379,0.9321689683184401,0.7616822429906542,0.7554479418886199,0.7624584717607974,0.9878787878787879,0.9904761904761905,0.9870967741935484,2,3,6,51,101,143,0.9324179326540601,0.7598628855466906,0.9884839175161755,11,295
0.27,0.27,0.12,0.9324942791762013,0.9401451027811366,0.9206349206349207,0.7616822429906542,0.7893401015228426,0.703030303030303,0.9878787878787879,0.9873015873015873,0.9978494623655914,2,4,1,51,83,196,0.9324176545494258,0.7513508825146,0.9910099458486554,7,330
0.28,0.27,0.12,0.9324942791762013,0.9401451027811366,0.9206349206349207,0.7616822429906542,0.7893401015228426,0.703030303030303,0.9878787878787879,0.9873015873015873,0.9978494623655914,2,4,1,51,83,196,0.9324176545494258,0.7513508825146,0.9910099458486554,7,330
0.29,0.24,0.23,0.9310344827586207,0.9358128374325134,0.930753564154786,0.7714285714285715,0.7665847665847666,0.7680672268907563,0.9818181818181818,0.9904761904761905,0.9827956989247312,3,3,8,48,95,138,0.9324118054400216,0.7686935216346981,0.9850300237397013,14,281
0.27,0.21,0.19,0.9324942791762013,0.9324566646742379,0.9320663162151235,0.7616822429906542,0.7554479418886199,0.7520391517128875,0.9878787878787879,0.9904761904761905,0.9913978494623656,2,3,4,51,101,152,0.9323974022333967,0.7563897788640538,0.9899176092724481,9,304
0.28,0.21,0.19,0.9324942791762013,0.9324566646742379,0.9320663162151235,0.7616822429906542,0.7554479418886199,0.7520391517128875,0.9878787878787879,0.9904761904761905,0.9913978494623656,2,3,4,51,101,152,0.9323974022333967,0.7563897788640538,0.9899176092724481,9,304
0.29,0.27,0.14,0.9310344827586207,0.9401451027811366,0.9241516966067865,0.7714285714285715,0.7893401015228426,0.7178294573643411,0.9818181818181818,0.9873015873015873,0.9956989247311828,3,4,2,48,83,182,0.9323911115350085,0.7595327101052517,0.9882728979503174,9,313
0.26,0.23,0.21,0.9314285714285714,0.934131736526946,0.9321689683184401,0.7581395348837209,0.7609756097560976,0.7624584717607974,0.9878787878787879,0.9904761904761905,0.9870967741935484,2,3,6,52,98,143,0.9323876003360575,0.7605245388002052,0.9884839175161755,11,293
0.3,0.18,0.18,0.933179723502304,0.9314015375517445,0.9318273497377975,0.7788461538461539,0.7308584686774942,0.7463651050080775,0.9818181818181818,1.0,0.9935483870967742,3,0,3,46,116,157,0.9323757929642349,0.7520232425105752,0.9917888563049854,6,319
0.29,0.29,0.12,0.9310344827586207,0.9424242424242424,0.9206349206349207,0.7714285714285715,0.7974358974358975,0.703030303030303,0.9818181818181818,0.9873015873015873,0.9978494623655914,3,4,1,48,79,196,0.9323714982335671,0.7572982572982574,0.9889897438284535,8,323
0.26,0.23,0.19,0.9314285714285714,0.934131736526946,0.9320663162151235,0.7581395348837209,0.7609756097560976,0.7520391517128875,0.9878787878787879,0.9904761904761905,0.9913978494623656,2,3,4,52,98,152,0.9323670699153941,0.7570514321175686,0.9899176092724481,9,302
0.27,0.21,0.18,0.9324942791762013,0.9324566646742379,0.9318273497377975,0.7616822429906542,0.7554479418886199,0.7463651050080775,0.9878787878787879,0.9904761904761905,0.9935483870967742,2,3,3,51,101,157,0.9323496089379316,0.7544984299624504,0.9906344551505842,8,309
0.28,0.21,0.18,0.9324942791762013,0.9324566646742379,0.9318273497377975,0.7616822429906542,0.7554479418886199,0.7463651050080775,0.9878787878787879,0.9904761904761905,0.9935483870967742,2,3,3,51,101,157,0.9323496089379316,0.7544984299624504,0.9906344551505842,8,309
0.3,0.21,0.16,0.933179723502304,0.9324566646742379,0.9300924065889916,0.7788461538461539,0.7554479418886199,0.7360890302066773,0.9818181818181818,0.9904761904761905,0.9956989247311828,3,3,2,46,101,166,0.9323453424712217,0.756794375313817,0.9893310990085183,8,313
0.27,0.22,0.16,0.9324942791762013,0.933572710951526,0.9300924065889916,0.7616822429906542,0.7591240875912408,0.7360890302066773,0.9878787878787879,0.9904761904761905,0.9956989247311828,2,3,2,51,99,166,0.9323374341913568,0.7522984535961909,0.9913513010287204,7,316
0.28,0.22,0.16,0.9324942791762013,0.933572710951526,0.9300924065889916,0.7616822429906542,0.7591240875912408,0.7360890302066773,0.9878787878787879,0.9904761904761905,0.9956989247311828,2,3,2,51,99,166,0.9323374341913568,0.7522984535961909,0.9913513010287204,7,316
0.3,0.18,0.17,0.933179723502304,0.9314015375517445,0.9315895372233401,0.7788461538461539,0.7308584686774942,0.7408,0.9818181818181818,1.0,0.9956989247311828,3,0,2,46,116,162,0.9323282304613434,0.7501682075078827,0.9925057021831215,5,324
0.26,0.23,0.18,0.9314285714285714,0.934131736526946,0.9318273497377975,0.7581395348837209,0.7609756097560976,0.7463651050080775,0.9878787878787879,0.9904761904761905,0.9935483870967742,2,3,3,52,98,157,0.932319276619929,0.7551600832159654,0.9906344551505842,8,307
0.3,0.21,0.2,0.933179723502304,0.9324566646742379,0.9299027552674232,0.7788461538461539,0.7554479418886199,0.7549342105263158,0.9818181818181818,0.9904761904761905,0.9870967741935484,3,3,6,46,101,149,0.932307412206908,0.7630761020870298,0.9864637154959736,12,296
0.27,0.21,0.17,0.9324942791762013,0.9324566646742379,0.9315895372233401,0.7616822429906542,0.7554479418886199,0.7408,0.9878787878787879,0.9904761904761905,0.9956989247311828,2,3,2,51,101,162,0.9323020464350401,0.7526433949597581,0.9913513010287204,7,314
0.28,0.21,0.17,0.9324942791762013,0.9324566646742379,0.9315895372233401,0.7616822429906542,0.7554479418886199,0.7408,0.9878787878787879,0.9904761904761905,0.9956989247311828,2,3,2,51,101,162,0.9323020464350401,0.7526433949597581,0.9913513010287204,7,314
0.27,0.26,0.12,0.9324942791762013,0.9397590361445785,0.9206349206349207,0.7616822429906542,0.78,0.703030303030303,0.9878787878787879,0.9904761904761905,0.9978494623655914,2,3,1,51,88,196,0.9323018345584584,0.748237515340319,0.9920681469068565,6,335
0.28,0.26,0.12,0.9324942791762013,0.9397590361445785,0.9206349206349207,0.7616822429906542,0.78,0.703030303030303,0.9878787878787879,0.9904761904761905,0.9978494623655914,2,3,1,51,88,196,0.9323018345584584,0.748237515340319,0.9920681469068565,6,335
0.3,0.28,0.11,0.933179723502304,0.9412832929782083,0.916633741604109,0.7788461538461539,0.7933673469387755,0.6915052160953801,0.9818181818181818,0.9873015873015873,0.9978494623655914,3,4,1,46,81,207,0.9323015979654363,0.7545729056267699,0.9889897438284535,8,334
0.27,0.22,0.2,0.9324942791762013,0.933572710951526,0.9299027552674232,0.7616822429906542,0.7591240875912408,0.7549342105263158,0.9878787878787879,0.9904761904761905,0.9870967741935484,2,3,6,51,99,149,0.9322995039270432,0.7585801803694037,0.9884839175161755,11,299
0.28,0.22,0.2,0.9324942791762013,0.933572710951526,0.9299027552674232,0.7616822429906542,0.7591240875912408,0.7549342105263158,0.9878787878787879,0.9904761904761905,0.9870967741935484,2,3,6,51,99,149,0.9322995039270432,0.7585801803694037,0.9884839175161755,11,299
0.29,0.28,0.13,0.9310344827586207,0.9412832929782083,0.9219434488251693,0.7714285714285715,0.7933673469387755,0.7112135176651305,0.9818181818181818,0.9873015873015873,0.9956989247311828,3,4,2,48,81,188,0.9322909190378067,0.7586698120108258,0.9882728979503174,9,317
0.29,0.24,0.16,0.9310344827586207,0.9358128374325134,0.9300924065889916,0.7714285714285715,0.7665847665847666,0.7360890302066773,0.9818181818181818,0.9904761904761905,0.9956989247311828,3,3,2,48,95,166,0.9322795739268627,0.7580341227400051,0.9893310990085183,8,309
0.29,0.26,0.14,0.9310344827586207,0.9397590361445785,0.9241516966067865,0.7714285714285715,0.78,0.7178294573643411,0.9818181818181818,0.9904761904761905,0.9956989247311828,3,3,2,48,88,182,0.9322752915440411,0.7564193429309709,0.9893310990085183,8,318
0.26,0.23,0.17,0.9314285714285714,0.934131736526946,0.9315895372233401,0.7581395348837209,0.7609756097560976,0.7408,0.9878787878787879,0.9904761904761905,0.9956989247311828,2,3,2,52,98,162,0.9322717141170375,0.7533050482132729,0.9913513010287204,7,312
0.27,0.24,0.15,0.9324942791762013,0.9358128374325134,0.9263705482192878,0.7616822429906542,0.7665847665847666,0.7245696400625978,0.9878787878787879,0.9904761904761905,0.9956989247311828,2,3,2,51,95,176,0.9322651004617123,0.7509455498793396,0.9913513010287204,7,322
0.28,0.24,0.15,0.9324942791762013,0.9358128374325134,0.9263705482192878,0.7616822429906542,0.7665847665847666,0.7245696400625978,0.9878787878787879,0.9904761904761905,0.9956989247311828,2,3,2,51,95,176,0.9322651004617123,0.7509455498793396,0.9913513010287204,7,322
0.29,0.24,0.2,0.9310344827586207,0.9358128374325134,0.9299027552674232,0.7714285714285715,0.7665847665847666,0.7549342105263158,0.9818181818181818,0.9904761904761905,0.9870967741935484,3,3,6,48,95,149,0.932241643662549,0.764315849513218,0.9864637154959736,12,292
0.26,0.22,0.21,0.9314285714285714,0.933572710951526,0.9321689683184401,0.7581395348837209,0.7591240875912408,0.7624584717607974,0.9878787878787879,0.9904761904761905,0.9870967741935484,2,3,6,52,99,143,0.9322198926634316,0.7599073647452531,0.9884839175161755,11,294
0.26,0.23,0.22,0.9314285714285714,0.934131736526946,0.931272875152501,0.7581395348837209,0.7609756097560976,0.7646076794657763,0.9878787878787879,0.9904761904761905,0.9849462365591398,2,3,7,52,98,141,0.9322083817028697,0.7612409413685316,0.9877670716380393,12,291
0.26,0.22,0.19,0.9314285714285714,0.933572710951526,0.9320663162151235,0.7581395348837209,0.7591240875912408,0.7520391517128875,0.9878787878787879,0.9904761904761905,0.9913978494623656,2,3,4,52,99,152,0.9321993622427682,0.7564342580626163,0.9899176092724481,9,303
0.3,0.19,0.19,0.933179723502304,0.9306461173681091,0.9320663162151235,0.7788461538461539,0.7353629976580797,0.7520391517128875,0.9818181818181818,0.9968253968253968,0.9913978494623656,3,1,4,46,113,152,0.9321969602046094,0.7554161010723736,0.9900138093686482,8,311
0.29,0.23,0.21,0.9310344827586207,0.934131736526946,0.9321689683184401,0.7714285714285715,0.7609756097560976,0.7624584717607974,0.9818181818181818,0.9904761904761905,0.9870967741935484,3,3,6,48,98,143,0.9321905560010822,0.7649542176484889,0.9864637154959736,12,289
0.29,0.23,0.19,0.9310344827586207,0.934131736526946,0.9320663162151235,0.7714285714285715,0.7609756097560976,0.7520391517128875,0.9818181818181818,0.9904761904761905,0.9913978494623656,3,3,4,48,98,152,0.9321700255804188,0.7614811109658522,0.9878974072522461,10,298
0.3,0.24,0.14,0.933179723502304,0.9358128374325134,0.9241516966067865,0.7788461538461539,0.7665847665847666,0.7178294573643411,0.9818181818181818,0.9904761904761905,0.9956989247311828,3,3,2,46,95,182,0.9321640523022634,0.7544201259317539,0.9893310990085183,8,323
0.27,0.25,0.14,0.9324942791762013,0.936936936936937,0.9241516966067865,0.7616822429906542,0.7703703703703704,0.7178294573643411,0.9878787878787879,0.9904761904761905,0.9956989247311828,2,3,2,51,93,182,0.9321585599905391,0.7499606902417885,0.9913513010287204,7,326
0.28,0.25,0.14,0.9324942791762013,0.936936936936937,0.9241516966067865,0.7616822429906542,0.7703703703703704,0.7178294573643411,0.9878787878787879,0.9904761904761905,0.9956989247311828,2,3,2,51,93,182,0.9321585599905391,0.7499606902417885,0.9913513010287204,7,326
0.26,0.22,0.18,0.9314285714285714,0.933572710951526,0.9318273497377975,0.7581395348837209,0.7591240875912408,0.7463651050080775,0.9878787878787879,0.9904761904761905,0.9935483870967742,2,3,3,52,99,157,0.9321515689473031,0.754542909161013,0.9906344551505842,8,308
0.3,0.19,0.18,0.933179723502304,0.9306461173681091,0.9318273497377975,0.7788461538461539,0.7353629976580797,0.7463651050080775,0.9818181818181818,0.9968253968253968,0.9935483870967742,3,1,3,46,113,157,0.9321491669091443,0.7535247521707703,0.9907306552467844,7,316
0.3,0.2,0.19,0.933179723502304,0.9304399524375744,0.9320663162151235,0.7788461538461539,0.7417061611374408,0.7520391517128875,0.9818181818181818,0.9936507936507937,0.9913978494623656,3,2,4,46,109,152,0.932135110725449,0.7575304888988273,0.9889556083104472,9,307
0.29,0.23,0.18,0.9310344827586207,0.934131736526946,0.9318273497377975,0.7714285714285715,0.7609756097560976,0.7463651050080775,0.9818181818181818,0.9904761904761905,0.9935483870967742,3,3,3,48,98,157,0.9321222322849537,0.7595897620642488,0.9886142531303822,9,303
0.26,0.23,0.23,0.9314285714285714,0.934131736526946,0.930753564154786,0.7581395348837209,0.7609756097560976,0.7680672268907563,0.9878787878787879,0.9904761904761905,0.9827956989247312,2,3,8,52,98,138,0.9321045195033266,0.7623941238435249,0.9870502257599032,13,288
0.26,0.22,0.17,0.9314285714285714,0.933572710951526,0.9315895372233401,0.7581395348837209,0.7591240875912408,0.7408,0.9878787878787879,0.9904761904761905,0.9956989247311828,2,3,2,52,99,162,0.9321040064444116,0.7526878741583206,0.9913513010287204,7,313
0.3,0.23,0.15,0.933179723502304,0.934131736526946,0.9263705482192878,0.7788461538461539,0.7609756097560976,0.7245696400625978,0.9818181818181818,0.9904761904761905,0.9956989247311828,3,3,2,46,98,176,0.9321034923530934,0.7547971345549498,0.9893310990085183,8,320
0.3,0.19,0.17,0.933179723502304,0.9306461173681091,0.9315895372233401,0.7788461538461539,0.7353629976580797,0.7408,0.9818181818181818,0.9968253968253968,0.9956989247311828,3,1,2,46,113,162,0.9321016044062528,0.7516697171680778,0.9914475011249205,6,321
0.3,0.2,0.18,0.933179723502304,0.9304399524375744,0.9318273497377975,0.7788461538461539,0.7417061611374408,0.7463651050080775,0.9818181818181818,0.9936507936507937,0.9935483870967742,3,2,3,46,109,157,0.9320873174299839,0.755639139997224,0.9896724541885833,8,312
0.29,0.23,0.17,0.9310344827586207,0.934131736526946,0.9315895372233401,0.7714285714285715,0.7609756097560976,0.7408,0.9818181818181818,0.9904761904761905,0.9956989247311828,3,3,2,48,98,162,0.9320746697820622,0.7577347270615564,0.9893310990085183,8,308
0.26,0.25,0.15,0.9314285714285714,0.936936936936937,0.9263705482192878,0.7581395348837209,0.7703703703703704,0.7245696400625978,0.9878787878787879,0.9904761904761905,0.9956989247311828,2,3,2,52,93,176,0.9320694764392244,0.7510265151055631,0.9913513010287204,7,321
0.3,0.25,0.13,0.933179723502304,0.936936936936937,0.9219434488251693,0.7788461538461539,0.7703703703703704,0.7112135176651305,0.9818181818181818,0.9904761904761905,0.9956989247311828,3,3,2,46,93,188,0.932059632597267,0.7534766806272183,0.9893310990085183,8,327
0.26,0.22,0.22,0.9314285714285714,0.933572710951526,0.931272875152501,0.7581395348837209,0.7591240875912408,0.7646076794657763,0.9878787878787879,0.9904761904761905,0.9849462365591398,2,3,7,52,99,141,0.9320406740302438,0.7606237673135793,0.9877670716380393,12,292
0.3,0.2,0.17,0.933179723502304,0.9304399524375744,0.9315895372233401,0.7788461538461539,0.7417061611374408,0.7408,0.9818181818181818,0.9936507936507937,0.9956989247311828,3,2,2,46,109,162,0.9320397549270923,0.7537841049945316,0.9903893000667194,7,317
0.25,0.25,0.25,0.928246013667426,0.936936936936937,0.9341782502044155,0.7477064220183486,0.7703703703703704,0.7798634812286689,0.9878787878787879,0.9904761904761905,0.9827956989247312,2,3,8,55,93,129,0.9320397379556772,0.765980091205796,0.9870502257599032,13,277
0.27,0.18,0.18,0.9324942791762013,0.9314015375517445,0.9318273497377975,0.7616822429906542,0.7308584686774942,0.7463651050080775,0.9878787878787879,1.0,0.9935483870967742,2,0,3,51,116,157,0.9320330708011836,0.7463019388920754,0.9938090583251874,5,324
0.28,0.18,0.18,0.9324942791762013,0.9314015375517445,0.9318273497377975,0.7616822429906542,0.7308584686774942,0.7463651050080775,0.9878787878787879,1.0,0.9935483870967742,2,0,3,51,116,157,0.9320330708011836,0.7463019388920754,0.9938090583251874,5,324
0.26,0.26,0.13,0.9314285714285714,0.9397590361445785,0.9219434488251693,0.7581395348837209,0.78,0.7112135176651305,0.9878787878787879,0.9904761904761905,0.9956989247311828,2,3,2,52,88,188,0.9320306863226931,0.7497843508496173,0.9913513010287204,7,328
0.29,0.28,0.12,0.9310344827586207,0.9412832929782083,0.9206349206349207,0.7714285714285715,0.7933673469387755,0.703030303030303,0.9818181818181818,0.9873015873015873,0.9978494623655914,3,4,1,48,81,196,0.932029213399757,0.7559420737992166,0.9889897438284535,8,325
0.3,0.18,0.16,0.933179723502304,0.9314015375517445,0.9300924065889916,0.7788461538461539,0.7308584686774942,0.7360890302066773,0.9818181818181818,1.0,0.9956989247311828,3,0,2,46,116,166,0.9320288043344737,0.7485978842434418,0.9925057021831215,5,328
0.29,0.22,0.21,0.9310344827586207,0.933572710951526,0.9321689683184401,0.7714285714285715,0.7591240875912408,0.7624584717607974,0.9818181818181818,0.9904761904761905,0.9870967741935484,3,3,6,48,99,143,0.9320228483284562,0.7643370435935365,0.9864637154959736,12,290
0.29,0.23,0.22,0.9310344827586207,0.934131736526946,0.931272875152501,0.7714285714285715,0.7609756097560976,0.7646076794657763,0.9818181818181818,0.9904761904761905,0.9849462365591398,3,3,7,48,98,141,0.9320113373678944,0.7656706202168152,0.9857468696178374,13,287
0.27,0.21,0.16,0.9324942791762013,0.9324566646742379,0.9300924065889916,0.7616822429906542,0.7554479418886199,0.7360890302066773,0.9878787878787879,0.9904761904761905,0.9956989247311828,2,3,2,51,101,166,0.9320026203081704,0.7510730716953171,0.9913513010287204,7,318
0.28,0.21,0.16,0.9324942791762013,0.9324566646742379,0.9300924065889916,0.7616822429906542,0.7554479418886199,0.7360890302066773,0.9878787878787879,0.9904761904761905,0.9956989247311828,2,3,2,51,101,166,0.9320026203081704,0.7510730716953171,0.9913513010287204,7,318
0.29,0.22,0.19,0.9310344827586207,0.933572710951526,0.9320663162151235,0.7714285714285715,0.7591240875912408,0.7520391517128875,0.9818181818181818,0.9904761904761905,0.9913978494623656,3,3,4,48,99,152,0.9320023179077928,0.7608639369108999,0.9878974072522461,10,299
0.27,0.18,0.17,0.9324942791762013,0.9314015375517445,0.9315895372233401,0.7616822429906542,0.7308584686774942,0.7408,0.9878787878787879,1.0,0.9956989247311828,2,0,2,51,116,162,0.9319855082982921,0.7444469038893828,0.9945259042033235,4,329
0.28,0.18,0.17,0.9324942791762013,0.9314015375517445,0.9315895372233401,0.7616822429906542,0.7308584686774942,0.7408,0.9878787878787879,1.0,0.9956989247311828,2,0,2,51,116,162,0.9319855082982921,0.7444469038893828,0.9945259042033235,4,329
0.26,0.23,0.16,0.9314285714285714,0.934131736526946,0.9300924065889916,0.7581395348837209,0.7609756097560976,0.7360890302066773,0.9878787878787879,0.9904761904761905,0.9956989247311828,2,3,2,52,98,166,0.9319722879901677,0.751734724948832,0.9913513010287204,7,316
0.27,0.21,0.2,0.9324942791762013,0.9324566646742379,0.9299027552674232,0.7616822429906542,0.7554479418886199,0.7549342105263158,0.9878787878787879,0.9904761904761905,0.9870967741935484,2,3,6,51,101,149,0.9319646900438567,0.7573547984685299,0.9884839175161755,11,301
0.28,0.21,0.2,0.9324942791762013,0.9324566646742379,0.9299027552674232,0.7616822429906542,0.7554479418886199,0.7549342105263158,0.9878787878787879,0.9904761904761905,0.9870967741935484,2,3,6,51,101,149,0.9319646900438567,0.7573547984685299,0.9884839175161755,11,301
0.3,0.27,0.11,0.933179723502304,0.9401451027811366,0.916633741604109,0.7788461538461539,0.7893401015228426,0.6915052160953801,0.9818181818181818,0.9873015873015873,0.9978494623655914,3,4,1,46,83,207,0.9319601409063148,0.7532304904881255,0.9889897438284535,8,336
0.28,0.28,0.11,0.9324942791762013,0.9412832929782083,0.916633741604109,0.7616822429906542,0.7933673469387755,0.6915052160953801,0.9878787878787879,0.9873015873015873,0.9978494623655914,2,4,1,51,81,207,0.931958875802385,0.74885160200827,0.9910099458486554,7,339
0.29,0.22,0.18,0.9310344827586207,0.933572710951526,0.9318273497377975,0.7714285714285715,0.7591240875912408,0.7463651050080775,0.9818181818181818,0.9904761904761905,0.9935483870967742,3,3,3,48,99,157,0.9319545246123276,0.7589725880092967,0.9886142531303822,9,304
0.29,0.27,0.13,0.9310344827586207,0.9401451027811366,0.9219434488251693,0.7714285714285715,0.7893401015228426,0.7112135176651305,0.9818181818181818,0.9873015873015873,0.9956989247311828,3,4,2,48,83,188,0.9319494619786851,0.7573273968721815,0.9882728979503174,9,319
0.3,0.22,0.15,0.933179723502304,0.933572710951526,0.9263705482192878,0.7788461538461539,0.7591240875912408,0.7245696400625978,0.9818181818181818,0.9904761904761905,0.9956989247311828,3,3,2,46,99,176,0.9319357846804674,0.7541799604999975,0.9893310990085183,8,321
0.26,0.23,0.2,0.9314285714285714,0.934131736526946,0.9299027552674232,0.7581395348837209,0.7609756097560976,0.7549342105263158,0.9878787878787879,0.9904761904761905,0.9870967741935484,2,3,6,52,98,149,0.9319343577258541,0.7580164517220448,0.9884839175161755,11,299
0.29,0.23,0.23,0.9310344827586207,0.934131736526946,0.930753564154786,0.7714285714285715,0.7609756097560976,0.7680672268907563,0.9818181818181818,0.9904761904761905,0.9827956989247312,3,3,8,48,98,138,0.9319074751683514,0.7668238026918085,0.9850300237397013,14,284
0.29,0.22,0.17,0.9310344827586207,0.933572710951526,0.9315895372233401,0.7714285714285715,0.7591240875912408,0.7408,0.9818181818181818,0.9904761904761905,0.9956989247311828,3,3,2,48,99,162,0.9319069621094361,0.7571175530066041,0.9893310990085183,8,309
0.26,0.21,0.21,0.9314285714285714,0.9324566646742379,0.9321689683184401,0.7581395348837209,0.7554479418886199,0.7624584717607974,0.9878787878787879,0.9904761904761905,0.9870967741935484,2,3,6,52,101,143,0.9318850787802452,0.7586819828443794,0.9884839175161755,11,296
0.29,0.25,0.15,0.9310344827586207,0.936936936936937,0.9263705482192878,0.7714285714285715,0.7703703703703704,0.7245696400625978,0.9818181818181818,0.9904761904761905,0.9956989247311828,3,3,2,48,93,176,0.931872432104249,0.7554561939538466,0.9893310990085183,8,317
0.26,0.21,0.19,0.9314285714285714,0.9324566646742379,0.9320663162151235,0.7581395348837209,0.7554479418886199,0.7520391517128875,0.9878787878787879,0.9904761904761905,0.9913978494623656,2,3,4,52,101,152,0.9318645483595818,0.7552088761617428,0.9899176092724481,9,305
0.27,0.19,0.19,0.9324942791762013,0.9306461173681091,0.9320663162151235,0.7616822429906542,0.7353629976580797,0.7520391517128875,0.9878787878787879,0.9968253968253968,0.9913978494623656,2,1,4,51,113,152,0.931854238041558,0.7496947974538738,0.9920340113888502,7,316
0.28,0.19,0.19,0.9324942791762013,0.9306461173681091,0.9320663162151235,0.7616822429906542,0.7353629976580797,0.7520391517128875,0.9878787878787879,0.9968253968253968,0.9913978494623656,2,1,4,51,113,152,0.931854238041558,0.7496947974538738,0.9920340113888502,7,316
0.3,0.26,0.11,0.933179723502304,0.9397590361445785,0.916633741604109,0.7788461538461539,0.78,0.6915052160953801,0.9818181818181818,0.9904761904761905,0.9978494623655914,3,3,1,46,88,207,0.9318443209153474,0.7501171233138447,0.9900479448866545,7,341
0.29,0.22,0.22,0.9310344827586207,0.933572710951526,0.931272875152501,0.7714285714285715,0.7591240875912408,0.7646076794657763,0.9818181818181818,0.9904761904761905,0.9849462365591398,3,3,7,48,99,141,0.9318436296952683,0.7650534461618629,0.9857468696178374,13,288
0.29,0.26,0.13,0.9310344827586207,0.9397590361445785,0.9219434488251693,0.7714285714285715,0.78,0.7112135176651305,0.9818181818181818,0.9904761904761905,0.9956989247311828,3,3,2,48,88,188,0.9318336419877177,0.7542140296979007,0.9893310990085183,8,324
0.27,0.24,0.14,0.9324942791762013,0.9358128374325134,0.9241516966067865,0.7616822429906542,0.7665847665847666,0.7178294573643411,0.9878787878787879,0.9904761904761905,0.9956989247311828,2,3,2,51,95,182,0.931821330139212,0.748698822313254,0.9913513010287204,7,328
0.28,0.24,0.14,0.9324942791762013,0.9358128374325134,0.9241516966067865,0.7616822429906542,0.7665847665847666,0.7178294573643411,0.9878787878787879,0.9904761904761905,0.9956989247311828,2,3,2,51,95,182,0.931821330139212,0.748698822313254,0.9913513010287204,7,328
0.26,0.21,0.18,0.9314285714285714,0.9324566646742379,0.9318273497377975,0.7581395348837209,0.7554479418886199,0.7463651050080775,0.9878787878787879,0.9904761904761905,0.9935483870967742,2,3,3,52,101,157,0.9318167550641167,0.7533175272601395,0.9906344551505842,8,310
0.25,0.25,0.24,0.928246013667426,0.936936936936937,0.9330338913842384,0.7477064220183486,0.7703703703703704,0.7758913412563667,0.9878787878787879,0.9904761904761905,0.9827956989247312,2,3,8,55,93,132,0.9318108661916418,0.7646560445483619,0.9870502257599032,13,280
0.27,0.19,0.18,0.9324942791762013,0.9306461173681091,0.9318273497377975,0.7616822429906542,0.7353629976580797,0.7463651050080775,0.9878787878787879,0.9968253968253968,0.9935483870967742,2,1,3,51,113,157,0.9318064447460929,0.7478034485522705,0.9927508572669863,6,321
0.28,0.19,0.18,0.9324942791762013,0.9306461173681091,0.9318273497377975,0.7616822429906542,0.7353629976580797,0.7463651050080775,0.9878787878787879,0.9968253968253968,0.9935483870967742,2,1,3,51,113,157,0.9318064447460929,0.7478034485522705,0.9927508572669863,6,321
0.26,0.22,0.16,0.9314285714285714,0.933572710951526,0.9300924065889916,0.7581395348837209,0.7591240875912408,0.7360890302066773,0.9878787878787879,0.9904761904761905,0.9956989247311828,2,3,2,52,99,166,0.9318045803175419,0.7511175508938797,0.9913513010287204,7,317
0.3,0.19,0.16,0.933179723502304,0.9306461173681091,0.9300924065889916,0.7788461538461539,0.7353629976580797,0.7360890302066773,0.9818181818181818,0.9968253968253968,0.9956989247311828,3,1,2,46,113,166,0.931802178279383,0.7500993939036369,0.9914475011249205,6,325
0.3,0.25,0.12,0.933179723502304,0.936936936936937,0.9206349206349207,0.7788461538461539,0.7703703703703704,0.703030303030303,0.9818181818181818,0.9904761904761905,0.9978494623655914,3,3,1,46,93,196,0.9317979269592173,0.7507489424156092,0.9900479448866545,7,335
0.27,0.2,0.19,0.9324942791762013,0.9304399524375744,0.9320663162151235,0.7616822429906542,0.7417061611374408,0.7520391517128875,0.9878787878787879,0.9936507936507937,0.9913978494623656,2,2,4,51,109,152,0.9317923885623975,0.7518091852803276,0.9909758103306491,8,312
0.28,0.2,0.19,0.9324942791762013,0.9304399524375744,0.9320663162151235,0.7616822429906542,0.7417061611374408,0.7520391517128875,0.9878787878787879,0.9936507936507937,0.9913978494623656,2,2,4,51,109,152,0.9317923885623975,0.7518091852803276,0.9909758103306491,8,312
0.29,0.23,0.16,0.9310344827586207,0.934131736526946,0.9300924065889916,0.7714285714285715,0.7609756097560976,0.7360890302066773,0.9818181818181818,0.9904761904761905,0.9956989247311828,3,3,2,48,98,166,0.9317752436551925,0.7561644037971155,0.9893310990085183,8,312
0.26,0.21,0.17,0.9314285714285714,0.9324566646742379,0.9315895372233401,0.7581395348837209,0.7554479418886199,0.7408,0.9878787878787879,0.9904761904761905,0.9956989247311828,2,3,2,52,101,162,0.9317691925612251,0.7514624922574469,0.9913513010287204,7,315
0.26,0.26,0.12,0.9314285714285714,0.9397590361445785,0.9206349206349207,0.7581395348837209,0.78,0.703030303030303,0.9878787878787879,0.9904761904761905,0.9978494623655914,2,3,1,52,88,196,0.9317689806846434,0.747056612638008,0.9920681469068565,6,336
0.26,0.22,0.2,0.9314285714285714,0.933572710951526,0.9299027552674232,0.7581395348837209,0.7591240875912408,0.7549342105263158,0.9878787878787879,0.9904761904761905,0.9870967741935484,2,3,6,52,99,149,0.9317666500532282,0.7573992776670925,0.9884839175161755,11,300
0.27,0.23,0.15,0.9324942791762013,0.934131736526946,0.9263705482192878,0.7616822429906542,0.7609756097560976,0.7245696400625978,0.9878787878787879,0.9904761904761905,0.9956989247311828,2,3,2,51,98,176,0.931760770190042,0.7490758309364498,0.9913513010287204,7,325
0.28,0.23,0.15,0.9324942791762013,0.934131736526946,0.9263705482192878,0.7616822429906542,0.7609756097560976,0.7245696400625978,0.9878787878787879,0.9904761904761905,0.9956989247311828,2,3,2,51,98,176,0.931760770190042,0.7490758309364498,0.9913513010287204,7,325
0.27,0.19,0.17,0.9324942791762013,0.9306461173681091,0.9315895372233401,0.7616822429906542,0.7353629976580797,0.7408,0.9878787878787879,0.9968253968253968,0.9956989247311828,2,1,2,51,113,162,0.9317588822432014,0.745948413549578,0.9934677031451224,5,326
0.28,0.19,0.17,0.9324942791762013,0.9306461173681091,0.9315895372233401,0.7616822429906542,0.7353629976580797,0.7408,0.9878787878787879,0.9968253968253968,0.9956989247311828,2,1,2,51,113,162,0.9317588822432014,0.745948413549578,0.9934677031451224,5,326
0.27,0.2,0.18,0.9324942791762013,0.9304399524375744,0.9318273497377975,0.7616822429906542,0.7417061611374408,0.7463651050080775,0.9878787878787879,0.9936507936507937,0.9935483870967742,2,2,3,51,109,157,0.9317445952669324,0.7499178363787241,0.9916926562087852,7,317
0.28,0.2,0.18,0.9324942791762013,0.9304399524375744,0.9318273497377975,0.7616822429906542,0.7417061611374408,0.7463651050080775,0.9878787878787879,0.9936507936507937,0.9935483870967742,2,2,3,51,109,157,0.9317445952669324,0.7499178363787241,0.9916926562087852,7,317
0.3,0.2,0.16,0.933179723502304,0.9304399524375744,0.9300924065889916,0.7788461538461539,0.7417061611374408,0.7360890302066773,0.9818181818181818,0.9936507936507937,0.9956989247311828,3,2,2,46,109,166,0.9317403288002226,0.7522137817300907,0.9903893000667194,7,321
0.29,0.23,0.2,0.9310344827586207,0.934131736526946,0.9299027552674232,0.7714285714285715,0.7609756097560976,0.7549342105263158,0.9818181818181818,0.9904761904761905,0.9870967741935484,3,3,6,48,98,149,0.9317373133908788,0.7624461305703284,0.9864637154959736,12,295
0.26,0.24,0.15,0.9314285714285714,0.9358128374325134,0.9263705482192878,0.7581395348837209,0.7665847665847666,0.7245696400625978,0.9878787878787879,0.9904761904761905,0.9956989247311828,2,3,2,52,95,176,0.9317322465878973,0.7497646471770284,0.9913513010287204,7,323
0.3,0.24,0.13,0.933179723502304,0.9358128374325134,0.9219434488251693,0.7788461538461539,0.7665847665847666,0.7112135176651305,0.9818181818181818,0.9904761904761905,0.9956989247311828,3,3,2,46,95,188,0.93172240274594,0.7522148126986837,0.9893310990085183,8,329
0.27,0.25,0.13,0.9324942791762013,0.936936936936937,0.9219434488251693,0.7616822429906542,0.7703703703703704,0.7112135176651305,0.9878787878787879,0.9904761904761905,0.9956989247311828,2,3,2,51,93,188,0.9317169104342157,0.7477553770087183,0.9913513010287204,7,332
0.28,0.25,0.13,0.9324942791762013,0.936936936936937,0.9219434488251693,0.7616822429906542,0.7703703703703704,0.7112135176651305,0.9878787878787879,0.9904761904761905,0.9956989247311828,2,3,2,51,93,188,0.9317169104342157,0.7477553770087183,0.9913513010287204,7,332
0.3,0.29,0.1,0.933179723502304,0.9424242424242424,0.911949685534591,0.7788461538461539,0.7974358974358975,0.6783625730994152,0.9818181818181818,0.9873015873015873,0.9978494623655914,3,4,1,46,79,220,0.9317070715853429,0.7515482081271555,0.9889897438284535,8,345
0.3,0.2,0.2,0.933179723502304,0.9304399524375744,0.9299027552674232,0.7788461538461539,0.7417061611374408,0.7549342105263158,0.9818181818181818,0.9936507936507937,0.9870967741935484,3,2,6,46,109,149,0.931702398535909,0.7584955085033035,0.9875219165541745,11,304
0.27,0.2,0.17,0.9324942791762013,0.9304399524375744,0.9315895372233401,0.7616822429906542,0.7417061611374408,0.7408,0.9878787878787879,0.9936507936507937,0.9956989247311828,2,2,2,51,109,162,0.9316970327640409,0.7480628013760318,0.9924095020869214,6,322
0.28,0.2,0.17,0.9324942791762013,0.9304399524375744,0.9315895372233401,0.7616822429906542,0.7417061611374408,0.7408,0.9878787878787879,0.9936507936507937,0.9956989247311828,2,2,2,51,109,162,0.9316970327640409,0.7480628013760318,0.9924095020869214,6,322
0.29,0.21,0.21,0.9310344827586207,0.9324566646742379,0.9321689683184401,0.7714285714285715,0.7554479418886199,0.7624584717607974,0.9818181818181818,0.9904761904761905,0.9870967741935484,3,3,6,48,101,143,0.9316880344452697,0.7631116616926629,0.9864637154959736,12,292
0.29,0.27,0.12,0.9310344827586207,0.9401451027811366,0.9206349206349207,0.7714285714285715,0.7893401015228426,0.703030303030303,0.9818181818181818,0.9873015873015873,0.9978494623655914,3,4,1,48,83,196,0.9316877563406354,0.7545996586605724,0.9889897438284535,8,327
0.27,0.18,0.16,0.9324942791762013,0.9314015375517445,0.9300924065889916,0.7616822429906542,0.7308584686774942,0.7360890302066773,0.9878787878787879,1.0,0.9956989247311828,2,0,2,51,116,166,0.9316860821714223,0.7428765806249419,0.9945259042033235,4,333
0.28,0.18,0.16,0.9324942791762013,0.9314015375517445,0.9300924065889916,0.7616822429906542,0.7308584686774942,0.7360890302066773,0.9878787878787879,1.0,0.9956989247311828,2,0,2,51,116,166,0.9316860821714223,0.7428765806249419,0.9945259042033235,4,333
0.3,0.17,0.17,0.933179723502304,0.9292035398230089,0.9315895372233401,0.7788461538461539,0.7241379310344828,0.7408,0.9818181818181818,1.0,0.9956989247311828,3,0,2,46,120,162,0.9316688311427227,0.7479280282935455,0.9925057021831215,5,328
0.29,0.21,0.19,0.9310344827586207,0.9324566646742379,0.9320663162151235,0.7714285714285715,0.7554479418886199,0.7520391517128875,0.9818181818181818,0.9904761904761905,0.9913978494623656,3,3,4,48,101,152,0.9316675040246063,0.7596385550100262,0.9878974072522461,10,301
0.3,0.23,0.14,0.933179723502304,0.934131736526946,0.9241516966067865,0.7788461538461539,0.7609756097560976,0.7178294573643411,0.9818181818181818,0.9904761904761905,0.9956989247311828,3,3,2,46,98,182,0.9316597220305931,0.7525504069888642,0.9893310990085183,8,326
0.25,0.25,0.21,0.928246013667426,0.936936936936937,0.9321689683184401,0.7477064220183486,0.7703703703703704,0.7624584717607974,0.9878787878787879,0.9904761904761905,0.9870967741935484,2,3,6,55,93,143,0.9316378815784822,0.760178421383172,0.9884839175161755,11,291
0.26,0.25,0.14,0.9314285714285714,0.936936936936937,0.9241516966067865,0.7581395348837209,0.7703703703703704,0.7178294573643411,0.9878787878787879,0.9904761904761905,0.9956989247311828,2,3,2,52,93,182,0.9316257061167241,0.7487797875394775,0.9913513010287204,7,327
0.29,0.21,0.18,0.9310344827586207,0.9324566646742379,0.9318273497377975,0.7714285714285715,0.7554479418886199,0.7463651050080775,0.9818181818181818,0.9904761904761905,0.9935483870967742,3,3,3,48,101,157,0.9316197107291412,0.7577472061084229,0.9886142531303822,9,306
0.27,0.27,0.11,0.9324942791762013,0.9401451027811366,0.916633741604109,0.7616822429906542,0.7893401015228426,0.6915052160953801,0.9878787878787879,0.9873015873015873,0.9978494623655914,2,4,1,51,83,207,0.9316174187432635,0.7475091868696256,0.9910099458486554,7,341
0.28,0.27,0.11,0.9324942791762013,0.9401451027811366,0.916633741604109,0.7616822429906542,0.7893401015228426,0.6915052160953801,0.9878787878787879,0.9873015873015873,0.9978494623655914,2,4,1,51,83,207,0.9316174187432635,0.7475091868696256,0.9910099458486554,7,341
0.25,0.25,0.19,0.928246013667426,0.936936936936937,0.9320663162151235,0.7477064220183486,0.7703703703703704,0.7520391517128875,0.9878787878787879,0.9904761904761905,0.9913978494623656,2,3,4,55,93,152,0.9316173511578187,0.7567053147005355,0.9899176092724481,9,300
0.29,0.22,0.16,0.9310344827586207,0.933572710951526,0.9300924065889916,0.7714285714285715,0.7591240875912408,0.7360890302066773,0.9818181818181818,0.9904761904761905,0.9956989247311828,3,3,2,48,99,166,0.9316075359825664,0.7555472297421632,0.9893310990085183,8,313
0.3,0.21,0.15,0.933179723502304,0.9324566646742379,0.9263705482192878,0.7788461538461539,0.7554479418886199,0.7245696400625978,0.9818181818181818,0.9904761904761905,0.9956989247311828,3,3,2,46,101,176,0.931600970797281,0.7529545785991237,0.9893310990085183,8,323
0.27,0.22,0.15,0.9324942791762013,0.933572710951526,0.9263705482192878,0.7616822429906542,0.7591240875912408,0.7245696400625978,0.9878787878787879,0.9904761904761905,0.9956989247311828,2,3,2,51,99,176,0.9315930625174161,0.7484586568814976,0.9913513010287204,7,326
0.28,0.22,0.15,0.9324942791762013,0.933572710951526,0.9263705482192878,0.7616822429906542,0.7591240875912408,0.7245696400625978,0.9878787878787879,0.9904761904761905,0.9956989247311828,2,3,2,51,99,176,0.9315930625174161,0.7484586568814976,0.9913513010287204,7,326
0.29,0.21,0.17,0.9310344827586207,0.9324566646742379,0.9315895372233401,0.7714285714285715,0.7554479418886199,0.7408,0.9818181818181818,0.9904761904761905,0.9956989247311828,3,3,2,48,101,162,0.9315721482262497,0.7558921711057304,0.9893310990085183,8,311
0.29,0.26,0.12,0.9310344827586207,0.9397590361445785,0.9206349206349207,0.7714285714285715,0.78,0.703030303030303,0.9818181818181818,0.9904761904761905,0.9978494623655914,3,3,1,48,88,196,0.931571936349668,0.7514862914862915,0.9900479448866545,7,332
0.29,0.29,0.11,0.9310344827586207,0.9424242424242424,0.916633741604109,0.7714285714285715,0.7974358974358975,0.6915052160953801,0.9818181818181818,0.9873015873015873,0.9978494623655914,3,4,1,48,79,207,0.9315712624274048,0.753456561653283,0.9889897438284535,8,334
0.29,0.22,0.2,0.9310344827586207,0.933572710951526,0.9299027552674232,0.7714285714285715,0.7591240875912408,0.7549342105263158,0.9818181818181818,0.9904761904761905,0.9870967741935484,3,3,6,48,99,149,0.9315696057182528,0.7618289565153761,0.9864637154959736,12,296
0.25,0.25,0.18,0.928246013667426,0.936936936936937,0.9318273497377975,0.7477064220183486,0.7703703703703704,0.7463651050080775,0.9878787878787879,0.9904761904761905,0.9935483870967742,2,3,3,55,93,157,0.9315695578623536,0.7548139657989322,0.9906344551505842,8,305
0.29,0.24,0.15,0.9310344827586207,0.9358128374325134,0.9263705482192878,0.7714285714285715,0.7665847665847666,0.7245696400625978,0.9818181818181818,0.9904761904761905,0.9956989247311828,3,3,2,48,95,176,0.931535202252922,0.754194326025312,0.9893310990085183,8,319
0.25,0.25,0.17,0.928246013667426,0.936936936936937,0.9315895372233401,0.7477064220183486,0.7703703703703704,0.7408,0.9878787878787879,0.9904761904761905,0.9956989247311828,2,3,2,55,93,162,0.9315219953594621,0.7529589307962397,0.9913513010287204,7,310
0.27,0.26,0.11,0.9324942791762013,0.9397590361445785,0.916633741604109,0.7616822429906542,0.78,0.6915052160953801,0.9878787878787879,0.9904761904761905,0.9978494623655914,2,3,1,51,88,207,0.9315015987522961,0.7443958196953447,0.9920681469068565,6,346
0.28,0.26,0.11,0.9324942791762013,0.9397590361445785,0.916633741604109,0.7616822429906542,0.78,0.6915052160953801,0.9878787878787879,0.9904761904761905,0.9978494623655914,2,3,1,51,88,207,0.9315015987522961,0.7443958196953447,0.9920681469068565,6,346
0.26,0.18,0.18,0.9314285714285714,0.9314015375517445,0.9318273497377975,0.7581395348837209,0.7308584686774942,0.7463651050080775,0.9878787878787879,1.0,0.9935483870967742,2,0,3,52,116,157,0.9315002169273686,0.7451210361897642,0.9938090583251874,5,325
0.3,0.22,0.14,0.933179723502304,0.933572710951526,0.9241516966067865,0.7788461538461539,0.7591240875912408,0.7178294573643411,0.9818181818181818,0.9904761904761905,0.9956989247311828,3,3,2,46,99,182,0.9314920143579671,0.7519332329339119,0.9893310990085183,8,327
0.3,0.3,0.1,0.933179723502304,0.9416767922235723,0.911949685534591,0.7788461538461539,0.8031088082901554,0.6783625730994152,0.9818181818181818,0.9841269841269841,0.9978494623655914,3,5,1,46,76,220,0.931482836525142,0.7534391784119082,0.9879315427702524,9,342
0.25,0.24,0.24,0.928246013667426,0.9358128374325134,0.9330338913842384,0.7477064220183486,0.7665847665847666,0.7758913412563667,0.9878787878787879,0.9904761904761905,0.9827956989247312,2,3,8,55,95,132,0.9314736363403147,0.7633941766198272,0.9870502257599032,13,282
0.26,0.21,0.16,0.9314285714285714,0.9324566646742379,0.9300924065889916,0.7581395348837209,0.7554479418886199,0.7360890302066773,0.9878787878787879,0.9904761904761905,0.9956989247311828,2,3,2,52,101,166,0.9314697664343554,0.7498921689930059,0.9913513010287204,7,319
0.3,0.24,0.12,0.933179723502304,0.9358128374325134,0.9206349206349207,0.7788461538461539,0.7665847665847666,0.703030303030303,0.9818181818181818,0.9904761904761905,0.9978494623655914,3,3,1,46,95,196,0.9314606971078903,0.7494870744870745,0.9900479448866545,7,337
0.27,0.19,0.16,0.9324942791762013,0.9306461173681091,0.9300924065889916,0.7616822429906542,0.7353629976580797,0.7360890302066773,0.9878787878787879,0.9968253968253968,0.9956989247311828,2,1,2,51,113,166,0.9314594561163316,0.744378090285137,0.9934677031451224,5,330
0.28,0.19,0.16,0.9324942791762013,0.9306461173681091,0.9300924065889916,0.7616822429906542,0.7353629976580797,0.7360890302066773,0.9878787878787879,0.9968253968253968,0.9956989247311828,2,1,2,51,113,166,0.9314594561163316,0.744378090285137,0.9934677031451224,5,330
0.25,0.25,0.22,0.928246013667426,0.936936936936937,0.931272875152501,0.7477064220183486,0.7703703703703704,0.7646076794657763,0.9878787878787879,0.9904761904761905,0.9849462365591398,2,3,7,55,93,141,0.9314586629452943,0.7608948239514984,0.9877670716380393,12,289
0.27,0.25,0.12,0.9324942791762013,0.936936936936937,0.9206349206349207,0.7616822429906542,0.7703703703703704,0.703030303030303,0.9878787878787879,0.9904761904761905,0.9978494623655914,2,3,1,51,93,196,0.931455204796166,0.7450276387971092,0.9920681469068565,6,340
0.28,0.25,0.12,0.9324942791762013,0.936936936936937,0.9206349206349207,0.7616822429906542,0.7703703703703704,0.703030303030303,0.9878787878787879,0.9904761904761905,0.9978494623655914,2,3,1,51,93,196,0.931455204796166,0.7450276387971092,0.9920681469068565,6,340
0.26,0.18,0.17,0.9314285714285714,0.9314015375517445,0.9315895372233401,0.7581395348837209,0.7308584686774942,0.7408,0.9878787878787879,1.0,0.9956989247311828,2,0,2,52,116,162,0.9314526544244771,0.7432660011870716,0.9945259042033235,4,330
0.26,0.21,0.2,0.9314285714285714,0.9324566646742379,0.9299027552674232,0.7581395348837209,0.7554479418886199,0.7549342105263158,0.9878787878787879,0.9904761904761905,0.9870967741935484,2,3,6,52,101,149,0.9314318361700418,0.7561738957662189,0.9884839175161755,11,302
0.29,0.25,0.14,0.9310344827586207,0.936936936936937,0.9241516966067865,0.7714285714285715,0.7703703703703704,0.7178294573643411,0.9818181818181818,0.9904761904761905,0.9956989247311828,3,3,2,48,93,182,0.9314286617817487,0.753209466387761,0.9893310990085183,8,323
0.27,0.2,0.16,0.9324942791762013,0.9304399524375744,0.9300924065889916,0.7616822429906542,0.7417061611374408,0.7360890302066773,0.9878787878787879,0.9936507936507937,0.9956989247311828,2,2,2,51,109,166,0.9313976066371712,0.7464924781115908,0.9924095020869214,6,326
0.28,0.2,0.16,0.9324942791762013,0.9304399524375744,0.9300924065889916,0.7616822429906542,0.7417061611374408,0.7360890302066773,0.9878787878787879,0.9936507936507937,0.9956989247311828,2,2,2,51,109,166,0.9313976066371712,0.7464924781115908,0.9924095020869214,6,326
0.3,0.29,0.09,0.933179723502304,0.9424242424242424,0.9103367267032106,0.7788461538461539,0.7974358974358975,0.670028818443804,0.9818181818181818,0.9873015873015873,1.0,3,4,0,46,79,229,0.9313844798190669,0.7487702899086185,0.9897065897065898,7,354
0.27,0.24,0.13,0.9324942791762013,0.9358128374325134,0.9219434488251693,0.7616822429906542,0.7665847665847666,0.7112135176651305,0.9878787878787879,0.9904761904761905,0.9956989247311828,2,3,2,51,95,188,0.9313796805828886,0.7464935090801839,0.9913513010287204,7,334
0.28,0.24,0.13,0.9324942791762013,0.9358128374325134,0.9219434488251693,0.7616822429906542,0.7665847665847666,0.7112135176651305,0.9878787878787879,0.9904761904761905,0.9956989247311828,2,3,2,51,95,188,0.9313796805828886,0.7464935090801839,0.9913513010287204,7,334
0.3,0.17,0.16,0.933179723502304,0.9292035398230089,0.9300924065889916,0.7788461538461539,0.7241379310344828,0.7360890302066773,0.9818181818181818,1.0,0.9956989247311828,3,0,2,46,120,166,0.931369405015853,0.7463577050291046,0.9925057021831215,5,332
0.3,0.28,0.1,0.933179723502304,0.9412832929782083,0.911949685534591,0.7788461538461539,0.7933673469387755,0.6783625730994152,0.9818181818181818,0.9873015873015873,0.9978494623655914,3,4,1,46,81,220,0.9313647867515327,0.7501920246281149,0.9889897438284535,8,347
0.27,0.2,0.2,0.9324942791762013,0.9304399524375744,0.9299027552674232,0.7616822429906542,0.7417061611374408,0.7549342105263158,0.9878787878787879,0.9936507936507937,0.9870967741935484,2,2,6,51,109,149,0.9313596763728575,0.7527742048848037,0.9895421185743766,10,309
0.28,0.2,0.2,0.9324942791762013,0.9304399524375744,0.9299027552674232,0.7616822429906542,0.7417061611374408,0.7549342105263158,0.9878787878787879,0.9936507936507937,0.9870967741935484,2,2,6,51,109,149,0.9313596763728575,0.7527742048848037,0.9895421185743766,10,309
0.25,0.25,0.23,0.928246013667426,0.936936936936937,0.930753564154786,0.7477064220183486,0.7703703703703704,0.7680672268907563,0.9878787878787879,0.9904761904761905,0.9827956989247312,2,3,8,55,93,138,0.9313548007457513,0.7620480064264917,0.9870502257599032,13,286
0.27,0.17,0.17,0.9324942791762013,0.9292035398230089,0.9315895372233401,0.7616822429906542,0.7241379310344828,0.7408,0.9878787878787879,1.0,0.9956989247311828,2,0,2,51,120,162,0.9313261089796713,0.7422067246750457,0.9945259042033235,4,333
0.28,0.17,0.17,0.9324942791762013,0.9292035398230089,0.9315895372233401,0.7616822429906542,0.7241379310344828,0.7408,0.9878787878787879,1.0,0.9956989247311828,2,0,2,51,120,162,0.9313261089796713,0.7422067246750457,0.9945259042033235,4,333
0.26,0.19,0.19,0.9314285714285714,0.9306461173681091,0.9320663162151235,0.7581395348837209,0.7353629976580797,0.7520391517128875,0.9878787878787879,0.9968253968253968,0.9913978494623656,2,1,4,52,113,152,0.931321384167743,0.7485138947515626,0.9920340113888502,7,317
0.27,0.23,0.14,0.9324942791762013,0.934131736526946,0.9241516966067865,0.7616822429906542,0.7609756097560976,0.7178294573643411,0.9878787878787879,0.9904761904761905,0.9956989247311828,2,3,2,51,98,182,0.9313169998675417,0.7468291033703643,0.9913513010287204,7,331
0.28,0.23,0.14,0.9324942791762013,0.934131736526946,0.9241516966067865,0.7616822429906542,0.7609756097560976,0.7178294573643411,0.9878787878787879,0.9904761904761905,0.9956989247311828,2,3,2,51,98,182,0.9313169998675417,0.7468291033703643,0.9913513010287204,7,331
0.29,0.18,0.18,0.9310344827586207,0.9314015375517445,0.9318273497377975,0.7714285714285715,0.7308584686774942,0.7463651050080775,0.9818181818181818,1.0,0.9935483870967742,3,0,3,48,116,157,0.9313031725923931,0.7495507150380476,0.9917888563049854,6,321
0.25,0.24,0.21,0.928246013667426,0.9358128374325134,0.9321689683184401,0.7477064220183486,0.7665847665847666,0.7624584717607974,0.9878787878787879,0.9904761904761905,0.9870967741935484,2,3,6,55,95,143,0.931300651727155,0.7589165534546375,0.9884839175161755,11,293
0.26,0.24,0.14,0.9314285714285714,0.9358128374325134,0.9241516966067865,0.7581395348837209,0.7665847665847666,0.7178294573643411,0.9878787878787879,0.9904761904761905,0.9956989247311828,2,3,2,52,95,182,0.931288476265397,0.7475179196109428,0.9913513010287204,7,329
0.3,0.18,0.15,0.933179723502304,0.9314015375517445,0.9263705482192878,0.7788461538461539,0.7308584686774942,0.7245696400625978,0.9818181818181818,1.0,0.9956989247311828,3,0,2,46,116,176,0.931284432660533,0.7447580875287486,0.9925057021831215,5,338
0.25,0.24,0.19,0.928246013667426,0.9358128374325134,0.9320663162151235,0.7477064220183486,0.7665847665847666,0.7520391517128875,0.9878787878787879,0.9904761904761905,0.9913978494623656,2,3,4,55,95,152,0.9312801213064916,0.7554434467720009,0.9899176092724481,9,302
0.26,0.19,0.18,0.9314285714285714,0.9306461173681091,0.9318273497377975,0.7581395348837209,0.7353629976580797,0.7463651050080775,0.9878787878787879,0.9968253968253968,0.9935483870967742,2,1,3,52,113,157,0.9312735908722779,0.7466225458499594,0.9927508572669863,6,322
0.29,0.21,0.16,0.9310344827586207,0.9324566646742379,0.9300924065889916,0.7714285714285715,0.7554479418886199,0.7360890302066773,0.9818181818181818,0.9904761904761905,0.9956989247311828,3,3,2,48,101,166,0.93127272209938,0.7543218478412895,0.9893310990085183,8,315
0.26,0.2,0.19,0.9314285714285714,0.9304399524375744,0.9320663162151235,0.7581395348837209,0.7417061611374408,0.7520391517128875,0.9878787878787879,0.9936507936507937,0.9913978494623656,2,2,4,52,109,152,0.9312595346885826,0.7506282825780164,0.9909758103306491,8,313
0.27,0.21,0.15,0.9324942791762013,0.9324566646742379,0.9263705482192878,0.7616822429906542,0.7554479418886199,0.7245696400625978,0.9878787878787879,0.9904761904761905,0.9956989247311828,2,3,2,51,101,176,0.9312582486342297,0.747233274980624,0.9913513010287204,7,328
0.28,0.21,0.15,0.9324942791762013,0.9324566646742379,0.9263705482192878,0.7616822429906542,0.7554479418886199,0.7245696400625978,0.9878787878787879,0.9904761904761905,0.9956989247311828,2,3,2,51,101,176,0.9312582486342297,0.747233274980624,0.9913513010287204,7,328
0.29,0.18,0.17,0.9310344827586207,0.9314015375517445,0.9315895372233401,0.7714285714285715,0.7308584686774942,0.7408,0.9818181818181818,1.0,0.9956989247311828,3,0,2,48,116,162,0.9312556100895016,0.7476956800353552,0.9925057021831215,5,326
0.29,0.21,0.2,0.9310344827586207,0.9324566646742379,0.9299027552674232,0.7714285714285715,0.7554479418886199,0.7549342105263158,0.9818181818181818,0.9904761904761905,0.9870967741935484,3,3,6,48,101,149,0.9312347918350663,0.7606035746145023,0.9864637154959736,12,298
0.25,0.24,0.18,0.928246013667426,0.9358128374325134,0.9318273497377975,0.7477064220183486,0.7665847665847666,0.7463651050080775,0.9878787878787879,0.9904761904761905,0.9935483870967742,2,3,3,55,95,157,0.9312323280110265,0.7535520978703976,0.9906344551505842,8,307
0.29,0.28,0.11,0.9310344827586207,0.9412832929782083,0.916633741604109,0.7714285714285715,0.7933673469387755,0.6915052160953801,0.9818181818181818,0.9873015873015873,0.9978494623655914,3,4,1,48,81,207,0.9312289775935947,0.7521003781542422,0.9889897438284535,8,336
0.26,0.23,0.15,0.9314285714285714,0.934131736526946,0.9263705482192878,0.7581395348837209,0.7609756097560976,0.7245696400625978,0.9878787878787879,0.9904761904761905,0.9956989247311828,2,3,2,52,98,176,0.931227916316227,0.7478949282341388,0.9913513010287204,7,326
0.26,0.19,0.17,0.9314285714285714,0.9306461173681091,0.9315895372233401,0.7581395348837209,0.7353629976580797,0.7408,0.9878787878787879,0.9968253968253968,0.9956989247311828,2,1,2,52,113,162,0.9312260283693864,0.7447675108472668,0.9934677031451224,5,327
0.25,0.25,0.16,0.928246013667426,0.936936936936937,0.9300924065889916,0.7477064220183486,0.7703703703703704,0.7360890302066773,0.9878787878787879,0.9904761904761905,0.9956989247311828,2,3,2,55,93,166,0.9312225692325924,0.7513886075317987,0.9913513010287204,7,314
0.3,0.23,0.13,0.933179723502304,0.934131736526946,0.9219434488251693,0.7788461538461539,0.7609756097560976,0.7112135176651305,0.9818181818181818,0.9904761904761905,0.9956989247311828,3,3,2,46,98,188,0.9312180724742697,0.7503450937557941,0.9893310990085183,8,332
0.26,0.2,0.18,0.9314285714285714,0.9304399524375744,0.9318273497377975,0.7581395348837209,0.7417061611374408,0.7463651050080775,0.9878787878787879,0.9936507936507937,0.9935483870967742,2,2,3,52,109,157,0.9312117413931175,0.748736933676413,0.9916926562087852,7,318
0.25,0.24,0.17,0.928246013667426,0.9358128374325134,0.9315895372233401,0.7477064220183486,0.7665847665847666,0.7408,0.9878787878787879,0.9904761904761905,0.9956989247311828,2,3,2,55,95,162,0.931184765508135,0.751697062867705,0.9913513010287204,7,312
0.25,0.25,0.2,0.928246013667426,0.936936936936937,0.9299027552674232,0.7477064220183486,0.7703703703703704,0.7549342105263158,0.9878787878787879,0.9904761904761905,0.9870967741935484,2,3,6,55,93,149,0.9311846389682787,0.7576703343050116,0.9884839175161755,11,297
0.26,0.25,0.13,0.9314285714285714,0.936936936936937,0.9219434488251693,0.7581395348837209,0.7703703703703704,0.7112135176651305,0.9878787878787879,0.9904761904761905,0.9956989247311828,2,3,2,52,93,188,0.9311840565604007,0.7465744743064073,0.9913513010287204,7,333
0.26,0.2,0.17,0.9314285714285714,0.9304399524375744,0.9315895372233401,0.7581395348837209,0.7417061611374408,0.7408,0.9878787878787879,0.9936507936507937,0.9956989247311828,2,2,2,52,109,162,0.931164178890226,0.7468818986737206,0.9924095020869214,6,323
0.3,0.3,0.09,0.933179723502304,0.9416767922235723,0.9103367267032106,0.7788461538461539,0.8031088082901554,0.670028818443804,0.9818181818181818,0.9841269841269841,1.0,3,5,0,46,76,229,0.9311602447588659,0.7506612601933712,0.9886483886483886,8,351
0.3,0.21,0.14,0.933179723502304,0.9324566646742379,0.9241516966067865,0.7788461538461539,0.7554479418886199,0.7178294573643411,0.9818181818181818,0.9904761904761905,0.9956989247311828,3,3,2,46,101,182,0.9311572004747807,0.7507078510330384,0.9893310990085183,8,329
0.26,0.18,0.16,0.9314285714285714,0.9314015375517445,0.9300924065889916,0.7581395348837209,0.7308584686774942,0.7360890302066773,0.9878787878787879,1.0,0.9956989247311828,2,0,2,52,116,166,0.9311532282976074,0.7416956779226308,0.9945259042033235,4,334
0.27,0.22,0.14,0.9324942791762013,0.933572710951526,0.9241516966067865,0.7616822429906542,0.7591240875912408,0.7178294573643411,0.9878787878787879,0.9904761904761905,0.9956989247311828,2,3,2,51,99,182,0.9311492921949158,0.746211929315412,0.9913513010287204,7,332
0.28,0.22,0.14,0.9324942791762013,0.933572710951526,0.9241516966067865,0.7616822429906542,0.7591240875912408,0.7178294573643411,0.9878787878787879,0.9904761904761905,0.9956989247311828,2,3,2,51,99,182,0.9311492921949158,0.746211929315412,0.9913513010287204,7,332
0.29,0.19,0.19,0.9310344827586207,0.9306461173681091,0.9320663162151235,0.7714285714285715,0.7353629976580797,0.7520391517128875,0.9818181818181818,0.9968253968253968,0.9913978494623656,3,1,4,48,113,152,0.9311243398327678,0.7529435735998463,0.9900138093686482,8,313
0.25,0.24,0.22,0.928246013667426,0.9358128374325134,0.931272875152501,0.7477064220183486,0.7665847665847666,0.7646076794657763,0.9878787878787879,0.9904761904761905,0.9849462365591398,2,3,7,55,95,141,0.9311214330939672,0.7596329560229638,0.9877670716380393,12,291
0.27,0.24,0.12,0.9324942791762013,0.9358128374325134,0.9206349206349207,0.7616822429906542,0.7665847665847666,0.703030303030303,0.9878787878787879,0.9904761904761905,0.9978494623655914,2,3,1,51,95,196,0.9311179749448388,0.7437657708685746,0.9920681469068565,6,342
0.28,0.24,0.12,0.9324942791762013,0.9358128374325134,0.9206349206349207,0.7616822429906542,0.7665847665847666,0.703030303030303,0.9878787878787879,0.9904761904761905,0.9978494623655914,2,3,1,51,95,196,0.9311179749448388,0.7437657708685746,0.9920681469068565,6,342
0.29,0.24,0.14,0.9310344827586207,0.9358128374325134,0.9241516966067865,0.7714285714285715,0.7665847665847666,0.7178294573643411,0.9818181818181818,0.9904761904761905,0.9956989247311828,3,3,2,48,95,182,0.9310914319304217,0.7519475984592264,0.9893310990085183,8,325
0.29,0.19,0.18,0.9310344827586207,0.9306461173681091,0.9318273497377975,0.7714285714285715,0.7353629976580797,0.7463651050080775,0.9818181818181818,0.9968253968253968,0.9935483870967742,3,1,3,48,113,157,0.9310765465373027,0.7510522246982428,0.9907306552467844,7,318
0.29,0.2,0.19,0.9310344827586207,0.9304399524375744,0.9320663162151235,0.7714285714285715,0.7417061611374408,0.7520391517128875,0.9818181818181818,0.9936507936507937,0.9913978494623656,3,2,4,48,109,152,0.9310624903536073,0.7550579614262999,0.9889556083104472,9,309
0.26,0.22,0.15,0.9314285714285714,0.933572710951526,0.9263705482192878,0.7581395348837209,0.7591240875912408,0.7245696400625978,0.9878787878787879,0.9904761904761905,0.9956989247311828,2,3,2,52,99,176,0.9310602086436012,0.7472777541791865,0.9913513010287204,7,327
0.3,0.19,0.15,0.933179723502304,0.9306461173681091,0.9263705482192878,0.7788461538461539,0.7353629976580797,0.7245696400625978,0.9818181818181818,0.9968253968253968,0.9956989247311828,3,1,2,46,113,176,0.9310578066054424,0.7462595971889439,0.9914475011249205,6,335
0.3,0.22,0.13,0.933179723502304,0.933572710951526,0.9219434488251693,0.7788461538461539,0.7591240875912408,0.7112135176651305,0.9818181818181818,0.9904761904761905,0.9956989247311828,3,3,2,46,99,188,0.9310503648016437,0.7497279197008417,0.9893310990085183,8,333
0.3,0.28,0.09,0.933179723502304,0.9412832929782083,0.9103367267032106,0.7788461538461539,0.7933673469387755,0.670028818443804,0.9818181818181818,0.9873015873015873,1.0,3,4,0,46,81,229,0.9310421949852566,0.7474141064095777,0.9897065897065898,7,356
0.29,0.23,0.15,0.9310344827586207,0.934131736526946,0.9263705482192878,0.7714285714285715,0.7609756097560976,0.7245696400625978,0.9818181818181818,0.9904761904761905,0.9956989247311828,3,3,2,48,98,176,0.9310308719812518,0.7523246070824223,0.9893310990085183,8,322
0.29,0.19,0.17,0.9310344827586207,0.9306461173681091,0.9315895372233401,0.7714285714285715,0.7353629976580797,0.7408,0.9818181818181818,0.9968253968253968,0.9956989247311828,3,1,2,48,113,162,0.9310289840344111,0.7491971896955504,0.9914475011249205,6,323
0.27,0.17,0.16,0.9324942791762013,0.9292035398230089,0.9300924065889916,0.7616822429906542,0.7241379310344828,0.7360890302066773,0.9878787878787879,1.0,0.9956989247311828,2,0,2,51,120,166,0.9310266828528015,0.7406364014106047,0.9945259042033235,4,337
0.28,0.17,0.16,0.9324942791762013,0.9292035398230089,0.9300924065889916,0.7616822429906542,0.7241379310344828,0.7360890302066773,0.9878787878787879,1.0,0.9956989247311828,2,0,2,51,120,166,0.9310266828528015,0.7406364014106047,0.9945259042033235,4,337
0.3,0.27,0.1,0.933179723502304,0.9401451027811366,0.911949685534591,0.7788461538461539,0.7893401015228426,0.6783625730994152,0.9818181818181818,0.9873015873015873,0.9978494623655914,3,4,1,46,83,220,0.9310233296924112,0.7488496094894707,0.9889897438284535,8,349
0.28,0.28,0.1,0.9324942791762013,0.9412832929782083,0.911949685534591,0.7616822429906542,0.7933673469387755,0.6783625730994152,0.9878787878787879,0.9873015873015873,0.9978494623655914,2,4,1,51,81,220,0.9310220645884814,0.744470721009615,0.9910099458486554,7,352
0.25,0.24,0.23,0.928246013667426,0.9358128374325134,0.930753564154786,0.7477064220183486,0.7665847665847666,0.7680672268907563,0.9878787878787879,0.9904761904761905,0.9827956989247312,2,3,8,55,95,138,0.9310175708944242,0.7607861384979572,0.9870502257599032,13,288
0.29,0.2,0.18,0.9310344827586207,0.9304399524375744,0.9318273497377975,0.7714285714285715,0.7417061611374408,0.7463651050080775,0.9818181818181818,0.9936507936507937,0.9935483870967742,3,2,3,48,109,157,0.9310146970581422,0.7531666125246966,0.9896724541885833,8,314
0.3,0.25,0.11,0.933179723502304,0.936936936936937,0.916633741604109,0.7788461538461539,0.7703703703703704,0.6915052160953801,0.9818181818181818,0.9904761904761905,0.9978494623655914,3,3,1,46,93,207,0.930997691153055,0.7469072467706348,0.9900479448866545,7,346
0.3,0.2,0.15,0.933179723502304,0.9304399524375744,0.9263705482192878,0.7788461538461539,0.7417061611374408,0.7245696400625978,0.9818181818181818,0.9936507936507937,0.9956989247311828,3,2,2,46,109,176,0.9309959571262819,0.7483739850153975,0.9903893000667194,7,331
0.29,0.25,0.13,0.9310344827586207,0.936936936936937,0.9219434488251693,0.7714285714285715,0.7703703703703704,0.7112135176651305,0.9818181818181818,0.9904761904761905,0.9956989247311828,3,3,2,48,93,188,0.9309870122254252,0.7510041531546908,0.9893310990085183,8,329
0.26,0.26,0.11,0.9314285714285714,0.9397590361445785,0.916633741604109,0.7581395348837209,0.78,0.6915052160953801,0.9878787878787879,0.9904761904761905,0.9978494623655914,2,3,1,52,88,207,0.9309687448784811,0.7432149169930337,0.9920681469068565,6,347
0.29,0.2,0.17,0.9310344827586207,0.9304399524375744,0.9315895372233401,0.7714285714285715,0.7417061611374408,0.7408,0.9818181818181818,0.9936507936507937,0.9956989247311828,3,2,2,48,109,162,0.9309671345552507,0.7513115775220042,0.9903893000667194,7,319
0.3,0.23,0.12,0.933179723502304,0.934131736526946,0.9206349206349207,0.7788461538461539,0.7609756097560976,0.703030303030303,0.9818181818181818,0.9904761904761905,0.9978494623655914,3,3,1,46,98,196,0.93095636683622,0.7476173555441848,0.9900479448866545,7,340
0.29,0.18,0.16,0.9310344827586207,0.9314015375517445,0.9300924065889916,0.7714285714285715,0.7308584686774942,0.7360890302066773,0.9818181818181818,1.0,0.9956989247311828,3,0,2,48,116,166,0.9309561839626319,0.7461253567709143,0.9925057021831215,5,330
0.27,0.18,0.15,0.9324942791762013,0.9314015375517445,0.9263705482192878,0.7616822429906542,0.7308584686774942,0.7245696400625978,0.9878787878787879,1.0,0.9956989247311828,2,0,2,51,116,176,0.9309417104974816,0.7390367839102487,0.9945259042033235,4,343
0.28,0.18,0.15,0.9324942791762013,0.9314015375517445,0.9263705482192878,0.7616822429906542,0.7308584686774942,0.7245696400625978,0.9878787878787879,1.0,0.9956989247311828,2,0,2,51,116,176,0.9309417104974816,0.7390367839102487,0.9945259042033235,4,343
0.26,0.19,0.16,0.9314285714285714,0.9306461173681091,0.9300924065889916,0.7581395348837209,0.7353629976580797,0.7360890302066773,0.9878787878787879,0.9968253968253968,0.9956989247311828,2,1,2,52,113,166,0.9309266022425167,0.7431971875828259,0.9934677031451224,5,331
0.26,0.25,0.12,0.9314285714285714,0.936936936936937,0.9206349206349207,0.7581395348837209,0.7703703703703704,0.703030303030303,0.9878787878787879,0.9904761904761905,0.9978494623655914,2,3,1,52,93,196,0.930922350922351,0.7438467360947981,0.9920681469068565,6,341
0.3,0.26,0.1,0.933179723502304,0.9397590361445785,0.911949685534591,0.7788461538461539,0.78,0.6783625730994152,0.9818181818181818,0.9904761904761905,0.9978494623655914,3,3,1,46,88,220,0.9309075097014438,0.7457362423151898,0.9900479448866545,7,354
0.29,0.27,0.11,0.9310344827586207,0.9401451027811366,0.916633741604109,0.7714285714285715,0.7893401015228426,0.6915052160953801,0.9818181818181818,0.9873015873015873,0.9978494623655914,3,4,1,48,83,207,0.9308875205344731,0.750757963015598,0.9889897438284535,8,338
0.25,0.24,0.16,0.928246013667426,0.9358128374325134,0.9300924065889916,0.7477064220183486,0.7665847665847666,0.7360890302066773,0.9878787878787879,0.9904761904761905,0.9956989247311828,2,3,2,55,95,166,0.9308853393812653,0.7501267396032641,0.9913513010287204,7,316
0.27,0.23,0.13,0.9324942791762013,0.934131736526946,0.9219434488251693,0.7616822429906542,0.7609756097560976,0.7112135176651305,0.9878787878787879,0.9904761904761905,0.9956989247311828,2,3,2,51,98,188,0.9308753503112183,0.7446237901372941,0.9913513010287204,7,337
0.28,0.23,0.13,0.9324942791762013,0.934131736526946,0.9219434488251693,0.7616822429906542,0.7609756097560976,0.7112135176651305,0.9878787878787879,0.9904761904761905,0.9956989247311828,2,3,2,51,98,188,0.9308753503112183,0.7446237901372941,0.9913513010287204,7,337
0.26,0.2,0.16,0.9314285714285714,0.9304399524375744,0.9300924065889916,0.7581395348837209,0.7417061611374408,0.7360890302066773,0.9878787878787879,0.9936507936507937,0.9956989247311828,2,2,2,52,109,166,0.9308647527633562,0.7453115754092797,0.9924095020869214,6,327
0.29,0.22,0.15,0.9310344827586207,0.933572710951526,0.9263705482192878,0.7714285714285715,0.7591240875912408,0.7245696400625978,0.9818181818181818,0.9904761904761905,0.9956989247311828,3,3,2,48,99,176,0.9308631643086257,0.75170743302747,0.9893310990085183,8,323
0.25,0.24,0.2,0.928246013667426,0.9358128374325134,0.9299027552674232,0.7477064220183486,0.7665847665847666,0.7549342105263158,0.9878787878787879,0.9904761904761905,0.9870967741935484,2,3,6,55,95,149,0.9308474091169516,0.756408466376477,0.9884839175161755,11,299
0.26,0.24,0.13,0.9314285714285714,0.9358128374325134,0.9219434488251693,0.7581395348837209,0.7665847665847666,0.7112135176651305,0.9878787878787879,0.9904761904761905,0.9956989247311828,2,3,2,52,95,188,0.9308468267090736,0.7453126063778727,0.9913513010287204,7,335
0.3,0.18,0.14,0.933179723502304,0.9314015375517445,0.9241516966067865,0.7788461538461539,0.7308584686774942,0.7178294573643411,0.9818181818181818,1.0,0.9956989247311828,3,0,2,46,116,182,0.9308406623380326,0.742511359962663,0.9925057021831215,5,344
0.26,0.2,0.2,0.9314285714285714,0.9304399524375744,0.9299027552674232,0.7581395348837209,0.7417061611374408,0.7549342105263158,0.9878787878787879,0.9936507936507937,0.9870967741935484,2,2,6,52,109,149,0.9308268224990426,0.7515933021824925,0.9895421185743766,10,310
0.27,0.21,0.14,0.9324942791762013,0.9324566646742379,0.9241516966067865,0.7616822429906542,0.7554479418886199,0.7178294573643411,0.9878787878787879,0.9904761904761905,0.9956989247311828,2,3,2,51,101,182,0.9308144783117294,0.7449865474145384,0.9913513010287204,7,334
0.28,0.21,0.14,0.9324942791762013,0.9324566646742379,0.9241516966067865,0.7616822429906542,0.7554479418886199,0.7178294573643411,0.9878787878787879,0.9904761904761905,0.9956989247311828,2,3,2,51,101,182,0.9308144783117294,0.7449865474145384,0.9913513010287204,7,334
0.25,0.23,0.21,0.928246013667426,0.934131736526946,0.9321689683184401,0.7477064220183486,0.7609756097560976,0.7624584717607974,0.9878787878787879,0.9904761904761905,0.9870967741935484,2,3,6,55,98,143,0.9307963214554849,0.7570468345117479,0.9884839175161755,11,296
0.26,0.17,0.17,0.9314285714285714,0.9292035398230089,0.9315895372233401,0.7581395348837209,0.7241379310344828,0.7408,0.9878787878787879,1.0,0.9956989247311828,2,0,2,52,120,162,0.9307932551058563,0.7410258219727345,0.9945259042033235,4,334
0.3,0.22,0.12,0.933179723502304,0.933572710951526,0.9206349206349207,0.7788461538461539,0.7591240875912408,0.703030303030303,0.9818181818181818,0.9904761904761905,0.9978494623655914,3,3,1,46,99,196,0.930788659163594,0.7470001814892325,0.9900479448866545,7,341
0.26,0.23,0.14,0.9314285714285714,0.934131736526946,0.9241516966067865,0.7581395348837209,0.7609756097560976,0.7178294573643411,0.9878787878787879,0.9904761904761905,0.9956989247311828,2,3,2,52,98,182,0.9307841459937267,0.7456482006680533,0.9913513010287204,7,332
0.25,0.23,0.19,0.928246013667426,0.934131736526946,0.9320663162151235,0.7477064220183486,0.7609756097560976,0.7520391517128875,0.9878787878787879,0.9904761904761905,0.9913978494623656,2,3,4,55,98,152,0.9307757910348216,0.7535737278291111,0.9899176092724481,9,305
0.29,0.26,0.11,0.9310344827586207,0.9397590361445785,0.916633741604109,0.7714285714285715,0.78,0.6915052160953801,0.9818181818181818,0.9904761904761905,0.9978494623655914,3,3,1,48,88,207,0.9307717005435057,0.7476445958413173,0.9900479448866545,7,343
0.29,0.19,0.16,0.9310344827586207,0.9306461173681091,0.9300924065889916,0.7714285714285715,0.7353629976580797,0.7360890302066773,0.9818181818181818,0.9968253968253968,0.9956989247311828,3,1,2,48,113,166,0.9307295579075414,0.7476268664311094,0.9914475011249205,6,327
0.25,0.23,0.18,0.928246013667426,0.934131736526946,0.9318273497377975,0.7477064220183486,0.7609756097560976,0.7463651050080775,0.9878787878787879,0.9904761904761905,0.9935483870967742,2,3,3,55,98,157,0.9307279977393563,0.7516823789275078,0.9906344551505842,8,310
0.26,0.21,0.15,0.9314285714285714,0.9324566646742379,0.9263705482192878,0.7581395348837209,0.7554479418886199,0.7245696400625978,0.9878787878787879,0.9904761904761905,0.9956989247311828,2,3,2,52,101,176,0.9307253947604147,0.7460523722783128,0.9913513010287204,7,329
0.29,0.25,0.12,0.9310344827586207,0.936936936936937,0.9206349206349207,0.7714285714285715,0.7703703703703704,0.703030303030303,0.9818181818181818,0.9904761904761905,0.9978494623655914,3,3,1,48,93,196,0.9307253065873755,0.7482764149430817,0.9900479448866545,7,337
0.3,0.21,0.13,0.933179723502304,0.9324566646742379,0.9219434488251693,0.7788461538461539,0.7554479418886199,0.7112135176651305,0.9818181818181818,0.9904761904761905,0.9956989247311828,3,3,2,46,101,188,0.9307155509184573,0.748502537799968,0.9893310990085183,8,335
0.27,0.19,0.15,0.9324942791762013,0.9306461173681091,0.9263705482192878,0.7616822429906542,0.7353629976580797,0.7245696400625978,0.9878787878787879,0.9968253968253968,0.9956989247311828,2,1,2,51,113,176,0.9307150844423909,0.7405382935704439,0.9934677031451224,5,340
0.28,0.19,0.15,0.9324942791762013,0.9306461173681091,0.9263705482192878,0.7616822429906542,0.7353629976580797,0.7245696400625978,0.9878787878787879,0.9968253968253968,0.9956989247311828,2,1,2,51,113,176,0.9307150844423909,0.7405382935704439,0.9934677031451224,5,340
0.27,0.22,0.13,0.9324942791762013,0.933572710951526,0.9219434488251693,0.7616822429906542,0.7591240875912408,0.7112135176651305,0.9878787878787879,0.9904761904761905,0.9956989247311828,2,3,2,51,99,188,0.9307076426385924,0.7440066160823419,0.9913513010287204,7,338
0.28,0.22,0.13,0.9324942791762013,0.933572710951526,0.9219434488251693,0.7616822429906542,0.7591240875912408,0.7112135176651305,0.9878787878787879,0.9904761904761905,0.9956989247311828,2,3,2,51,99,188,0.9307076426385924,0.7440066160823419,0.9913513010287204,7,338
0.3,0.27,0.09,0.933179723502304,0.9401451027811366,0.9103367267032106,0.7788461538461539,0.7893401015228426,0.670028818443804,0.9818181818181818,0.9873015873015873,1.0,3,4,0,46,83,229,0.9307007379261352,0.7460716912709335,0.9897065897065898,7,358
0.28,0.28,0.09,0.9324942791762013,0.9412832929782083,0.9103367267032106,0.7616822429906542,0.7933673469387755,0.670028818443804,0.9878787878787879,0.9873015873015873,1.0,2,4,0,51,81,229,0.9306994728222053,0.741692802791078,0.9917267917267917,6,361
0.27,0.27,0.1,0.9324942791762013,0.9401451027811366,0.911949685534591,0.7616822429906542,0.7893401015228426,0.6783625730994152,0.9878787878787879,0.9873015873015873,0.9978494623655914,2,4,1,51,83,220,0.9306806075293599,0.7431283058709708,0.9910099458486554,7,354
0.28,0.27,0.1,0.9324942791762013,0.9401451027811366,0.911949685534591,0.7616822429906542,0.7893401015228426,0.6783625730994152,0.9878787878787879,0.9873015873015873,0.9978494623655914,2,4,1,51,83,220,0.9306806075293599,0.7431283058709708,0.9910099458486554,7,354
0.25,0.23,0.17,0.928246013667426,0.934131736526946,0.9315895372233401,0.7477064220183486,0.7609756097560976,0.7408,0.9878787878787879,0.9904761904761905,0.9956989247311828,2,3,2,55,98,162,0.9306804352364648,0.7498273439248154,0.9913513010287204,7,315
0.3,0.29,0.08,0.933179723502304,0.9424242424242424,0.9067862714508581,0.7788461538461539,0.7974358974358975,0.6605113636363636,0.9818181818181818,0.9873015873015873,1.0,3,4,0,46,79,239,0.9306743887685964,0.745597804972805,0.9897065897065898,7,364
0.29,0.2,0.16,0.9310344827586207,0.9304399524375744,0.9300924065889916,0.7714285714285715,0.7417061611374408,0.7360890302066773,0.9818181818181818,0.9936507936507937,0.9956989247311828,3,2,2,48,109,166,0.930667708428381,0.7497412542575632,0.9903893000667194,7,323
0.3,0.24,0.11,0.933179723502304,0.9358128374325134,0.916633741604109,0.7788461538461539,0.7665847665847666,0.6915052160953801,0.9818181818181818,0.9904761904761905,0.9978494623655914,3,3,1,46,95,207,0.930660461301728,0.7456453788421001,0.9900479448866545,7,348
0.27,0.25,0.11,0.9324942791762013,0.936936936936937,0.916633741604109,0.7616822429906542,0.7703703703703704,0.6915052160953801,0.9878787878787879,0.9904761904761905,0.9978494623655914,2,3,1,51,93,207,0.9306549689900037,0.7411859431521348,0.9920681469068565,6,351
0.28,0.25,0.11,0.9324942791762013,0.936936936936937,0.916633741604109,0.7616822429906542,0.7703703703703704,0.6915052160953801,0.9878787878787879,0.9904761904761905,0.9978494623655914,2,3,1,51,93,207,0.9306549689900037,0.7411859431521348,0.9920681469068565,6,351
0.27,0.2,0.15,0.9324942791762013,0.9304399524375744,0.9263705482192878,0.7616822429906542,0.7417061611374408,0.7245696400625978,0.9878787878787879,0.9936507936507937,0.9956989247311828,2,2,2,51,109,176,0.9306532349632305,0.7426526813968977,0.9924095020869214,6,336
0.28,0.2,0.15,0.9324942791762013,0.9304399524375744,0.9263705482192878,0.7616822429906542,0.7417061611374408,0.7245696400625978,0.9878787878787879,0.9936507936507937,0.9956989247311828,2,2,2,51,109,176,0.9306532349632305,0.7426526813968977,0.9924095020869214,6,336
0.29,0.24,0.13,0.9310344827586207,0.9358128374325134,0.9219434488251693,0.7714285714285715,0.7665847665847666,0.7112135176651305,0.9818181818181818,0.9904761904761905,0.9956989247311828,3,3,2,48,95,188,0.9306497823740982,0.7497422852261563,0.9893310990085183,8,331
0.29,0.29,0.1,0.9310344827586207,0.9424242424242424,0.911949685534591,0.7714285714285715,0.7974358974358975,0.6783625730994152,0.9818181818181818,0.9873015873015873,0.9978494623655914,3,4,1,48,79,220,0.9306344512135012,0.7490756806546282,0.9889897438284535,8,347
0.29,0.2,0.2,0.9310344827586207,0.9304399524375744,0.9299027552674232,0.7714285714285715,0.7417061611374408,0.7549342105263158,0.9818181818181818,0.9936507936507937,0.9870967741935484,3,2,6,48,109,149,0.9306297781640673,0.756022981030776,0.9875219165541745,11,306
0.25,0.22,0.21,0.928246013667426,0.933572710951526,0.9321689683184401,0.7477064220183486,0.7591240875912408,0.7624584717607974,0.9878787878787879,0.9904761904761905,0.9870967741935484,2,3,6,55,99,143,0.9306286137828589,0.7564296604567957,0.9884839175161755,11,297
0.3,0.17,0.15,0.933179723502304,0.9292035398230089,0.9263705482192878,0.7788461538461539,0.7241379310344828,0.7245696400625978,0.9818181818181818,1.0,0.9956989247311828,3,0,2,46,120,176,0.9306250333419123,0.7425179083144116,0.9925057021831215,5,342
0.25,0.23,0.22,0.928246013667426,0.934131736526946,0.931272875152501,0.7477064220183486,0.7609756097560976,0.7646076794657763,0.9878787878787879,0.9904761904761905,0.9849462365591398,2,3,7,55,98,141,0.930617102822297,0.7577632370800741,0.9877670716380393,12,294
0.26,0.22,0.14,0.9314285714285714,0.933572710951526,0.9241516966067865,0.7581395348837209,0.7591240875912408,0.7178294573643411,0.9878787878787879,0.9904761904761905,0.9956989247311828,2,3,2,52,99,182,0.9306164383211009,0.7450310266131009,0.9913513010287204,7,333
0.3,0.19,0.14,0.933179723502304,0.9306461173681091,0.9241516966067865,0.7788461538461539,0.7353629976580797,0.7178294573643411,0.9818181818181818,0.9968253968253968,0.9956989247311828,3,1,2,46,113,182,0.930614036282942,0.7440128696228582,0.9914475011249205,6,341
0.27,0.23,0.12,0.9324942791762013,0.934131736526946,0.9206349206349207,0.7616822429906542,0.7609756097560976,0.703030303030303,0.9878787878787879,0.9904761904761905,0.9978494623655914,2,3,1,51,98,196,0.9306136446731685,0.7418960519256849,0.9920681469068565,6,345
0.28,0.23,0.12,0.9324942791762013,0.934131736526946,0.9206349206349207,0.7616822429906542,0.7609756097560976,0.703030303030303,0.9878787878787879,0.9904761904761905,0.9978494623655914,2,3,1,51,98,196,0.9306136446731685,0.7418960519256849,0.9920681469068565,6,345
0.25,0.22,0.19,0.928246013667426,0.933572710951526,0.9320663162151235,0.7477064220183486,0.7591240875912408,0.7520391517128875,0.9878787878787879,0.9904761904761905,0.9913978494623656,2,3,4,55,99,152,0.9306080833621955,0.752956553774159,0.9899176092724481,9,306
0.29,0.17,0.17,0.9310344827586207,0.9292035398230089,0.9315895372233401,0.7714285714285715,0.7241379310344828,0.7408,0.9818181818181818,1.0,0.9956989247311828,3,0,2,48,120,162,0.9305962107708811,0.7454555008210181,0.9925057021831215,5,330
0.29,0.23,0.14,0.9310344827586207,0.934131736526946,0.9241516966067865,0.7714285714285715,0.7609756097560976,0.7178294573643411,0.9818181818181818,0.9904761904761905,0.9956989247311828,3,3,2,48,98,182,0.9305871016587515,0.7500778795163368,0.9893310990085183,8,328
0.26,0.24,0.12,0.9314285714285714,0.9358128374325134,0.9206349206349207,0.7581395348837209,0.7665847665847666,0.703030303030303,0.9878787878787879,0.9904761904761905,0.9978494623655914,2,3,1,52,95,196,0.9305851210710239,0.7425848681662636,0.9920681469068565,6,343
0.3,0.26,0.09,0.933179723502304,0.9397590361445785,0.9103367267032106,0.7788461538461539,0.78,0.670028818443804,0.9818181818181818,0.9904761904761905,1.0,3,3,0,46,88,229,0.9305849179351677,0.7429583240966527,0.9907647907647908,6,363
0.27,0.26,0.1,0.9324942791762013,0.9397590361445785,0.911949685534591,0.7616822429906542,0.78,0.6783625730994152,0.9878787878787879,0.9904761904761905,0.9978494623655914,2,3,1,51,88,220,0.9305647875383924,0.7400149386966898,0.9920681469068565,6,359
0.28,0.26,0.1,0.9324942791762013,0.9397590361445785,0.911949685534591,0.7616822429906542,0.78,0.6783625730994152,0.9878787878787879,0.9904761904761905,0.9978494623655914,2,3,1,51,88,220,0.9305647875383924,0.7400149386966898,0.9920681469068565,6,359
0.25,0.22,0.18,0.928246013667426,0.933572710951526,0.9318273497377975,0.7477064220183486,0.7591240875912408,0.7463651050080775,0.9878787878787879,0.9904761904761905,0.9935483870967742,2,3,3,55,99,157,0.9305602900667304,0.7510652048725556,0.9906344551505842,8,311
0.3,0.2,0.14,0.933179723502304,0.9304399524375744,0.9241516966067865,0.7788461538461539,0.7417061611374408,0.7178294573643411,0.9818181818181818,0.9936507936507937,0.9956989247311828,3,2,2,46,109,182,0.9305521868037816,0.746127257449312,0.9903893000667194,7,337
0.3,0.16,0.16,0.933179723502304,0.926470588235294,0.9300924065889916,0.7788461538461539,0.7159090909090909,0.7360890302066773,0.9818181818181818,1.0,0.9956989247311828,3,0,2,46,125,166,0.9305495195395386,0.7436147583206406,0.9925057021831215,5,337
0.29,0.21,0.15,0.9310344827586207,0.9324566646742379,0.9263705482192878,0.7714285714285715,0.7554479418886199,0.7245696400625978,0.9818181818181818,0.9904761904761905,0.9956989247311828,3,3,2,48,101,176,0.9305283504254392,0.7504820511265965,0.9893310990085183,8,325
0.25,0.23,0.23,0.928246013667426,0.934131736526946,0.930753564154786,0.7477064220183486,0.7609756097560976,0.7680672268907563,0.9878787878787879,0.9904761904761905,0.9827956989247312,2,3,8,55,98,138,0.930513240622754,0.7589164195550674,0.9870502257599032,13,291
0.25,0.22,0.17,0.928246013667426,0.933572710951526,0.9315895372233401,0.7477064220183486,0.7591240875912408,0.7408,0.9878787878787879,0.9904761904761905,0.9956989247311828,2,3,2,55,99,162,0.9305127275638388,0.7492101698698632,0.9913513010287204,7,316
0.27,0.18,0.14,0.9324942791762013,0.9314015375517445,0.9241516966067865,0.7616822429906542,0.7308584686774942,0.7178294573643411,0.9878787878787879,1.0,0.9956989247311828,2,0,2,51,116,182,0.9304979401749813,0.7367900563441632,0.9945259042033235,4,349
0.28,0.18,0.14,0.9324942791762013,0.9314015375517445,0.9241516966067865,0.7616822429906542,0.7308584686774942,0.7178294573643411,0.9878787878787879,1.0,0.9956989247311828,2,0,2,51,116,182,0.9304979401749813,0.7367900563441632,0.9945259042033235,4,349
0.26,0.17,0.16,0.9314285714285714,0.9292035398230089,0.9300924065889916,0.7581395348837209,0.7241379310344828,0.7360890302066773,0.9878787878787879,1.0,0.9956989247311828,2,0,2,52,120,166,0.9304938289789866,0.7394554987082936,0.9945259042033235,4,338
0.25,0.25,0.15,0.928246013667426,0.936936936936937,0.9263705482192878,0.7477064220183486,0.7703703703703704,0.7245696400625978,0.9878787878787879,0.9904761904761905,0.9956989247311828,2,3,2,55,93,176,0.9304781975586517,0.7475488108171056,0.9913513010287204,7,324
0.3,0.21,0.12,0.933179723502304,0.9324566646742379,0.9206349206349207,0.7788461538461539,0.7554479418886199,0.703030303030303,0.9818181818181818,0.9904761904761905,0.9978494623655914,3,3,1,46,101,196,0.9304538452804075,0.7457747995883589,0.9900479448866545,7,343
0.3,0.3,0.08,0.933179723502304,0.9416767922235723,0.9067862714508581,0.7788461538461539,0.8031088082901554,0.6605113636363636,0.9818181818181818,0.9841269841269841,1.0,3,5,0,46,76,239,0.9304501537083953,0.7474887752575577,0.9886483886483886,8,361
0.25,0.22,0.22,0.928246013667426,0.933572710951526,0.931272875152501,0.7477064220183486,0.7591240875912408,0.7646076794657763,0.9878787878787879,0.9904761904761905,0.9849462365591398,2,3,7,55,99,141,0.9304493951496711,0.757146063025122,0.9877670716380393,12,295
0.27,0.22,0.12,0.9324942791762013,0.933572710951526,0.9206349206349207,0.7616822429906542,0.7591240875912408,0.703030303030303,0.9878787878787879,0.9904761904761905,0.9978494623655914,2,3,1,51,99,196,0.9304459370005427,0.7412788778707328,0.9920681469068565,6,346
0.28,0.22,0.12,0.9324942791762013,0.933572710951526,0.9206349206349207,0.7616822429906542,0.7591240875912408,0.703030303030303,0.9878787878787879,0.9904761904761905,0.9978494623655914,2,3,1,51,99,196,0.9304459370005427,0.7412788778707328,0.9920681469068565,6,346
0.29,0.22,0.14,0.9310344827586207,0.933572710951526,0.9241516966067865,0.7714285714285715,0.7591240875912408,0.7178294573643411,0.9818181818181818,0.9904761904761905,0.9956989247311828,3,3,2,48,99,182,0.9304193939861254,0.7494607054613844,0.9893310990085183,8,329
0.24,0.24,0.24,0.9261363636363638,0.9358128374325134,0.9330338913842384,0.740909090909091,0.7665847665847666,0.7758913412563667,0.9878787878787879,0.9904761904761905,0.9827956989247312,2,3,8,57,95,132,0.9304188113247835,0.761128399583408,0.9870502257599032,13,284
0.26,0.18,0.15,0.9314285714285714,0.9314015375517445,0.9263705482192878,0.7581395348837209,0.7308584686774942,0.7245696400625978,0.9878787878787879,1.0,0.9956989247311828,2,0,2,52,116,176,0.9304088566236667,0.7378558812079375,0.9945259042033235,4,344
0.3,0.18,0.13,0.933179723502304,0.9314015375517445,0.9219434488251693,0.7788461538461539,0.7308584686774942,0.7112135176651305,0.9818181818181818,1.0,0.9956989247311828,3,0,2,46,116,188,0.9303990127817092,0.7403060467295929,0.9925057021831215,5,350
0.29,0.24,0.12,0.9310344827586207,0.9358128374325134,0.9206349206349207,0.7714285714285715,0.7665847665847666,0.703030303030303,0.9818181818181818,0.9904761904761905,0.9978494623655914,3,3,1,48,95,196,0.9303880767360485,0.7470145470145471,0.9900479448866545,7,339
0.25,0.23,0.16,0.928246013667426,0.934131736526946,0.9300924065889916,0.7477064220183486,0.7609756097560976,0.7360890302066773,0.9878787878787879,0.9904761904761905,0.9956989247311828,2,3,2,55,98,166,0.9303810091095951,0.7482570206603745,0.9913513010287204,7,319
0.27,0.21,0.13,0.9324942791762013,0.9324566646742379,0.9219434488251693,0.7616822429906542,0.7554479418886199,0.7112135176651305,0.9878787878787879,0.9904761904761905,0.9956989247311828,2,3,2,51,101,188,0.930372828755406,0.7427812341814682,0.9913513010287204,7,340
0.28,0.21,0.13,0.9324942791762013,0.9324566646742379,0.9219434488251693,0.7616822429906542,0.7554479418886199,0.7112135176651305,0.9878787878787879,0.9904761904761905,0.9956989247311828,2,3,2,51,101,188,0.930372828755406,0.7427812341814682,0.9913513010287204,7,340
0.27,0.27,0.09,0.9324942791762013,0.9401451027811366,0.9103367267032106,0.7616822429906542,0.7893401015228426,0.670028818443804,0.9878787878787879,0.9873015873015873,1.0,2,4,0,51,83,229,0.9303580157630839,0.7403503876524337,0.9917267917267917,6,363
0.28,0.27,0.09,0.9324942791762013,0.9401451027811366,0.9103367267032106,0.7616822429906542,0.7893401015228426,0.670028818443804,0.9878787878787879,0.9873015873015873,1.0,2,4,0,51,83,229,0.9303580157630839,0.7403503876524337,0.9917267917267917,6,363
0.25,0.23,0.2,0.928246013667426,0.934131736526946,0.9299027552674232,0.7477064220183486,0.7609756097560976,0.7549342105263158,0.9878787878787879,0.9904761904761905,0.9870967741935484,2,3,6,55,98,149,0.9303430788452814,0.7545387474335873,0.9884839175161755,11,302
0.26,0.23,0.13,0.9314285714285714,0.934131736526946,0.9219434488251693,0.7581395348837209,0.7609756097560976,0.7112135176651305,0.9878787878787879,0.9904761904761905,0.9956989247311828,2,3,2,52,98,188,0.9303424964374033,0.7434428874349831,0.9913513010287204,7,338
0.3,0.28,0.08,0.933179723502304,0.9412832929782083,0.9067862714508581,0.7788461538461539,0.7933673469387755,0.6605113636363636,0.9818181818181818,0.9873015873015873,1.0,3,4,0,46,81,239,0.930332103934786,0.7442416214737643,0.9897065897065898,7,366
0.27,0.24,0.11,0.9324942791762013,0.9358128374325134,0.916633741604109,0.7616822429906542,0.7665847665847666,0.6915052160953801,0.9878787878787879,0.9904761904761905,0.9978494623655914,2,3,1,51,95,207,0.9303177391386765,0.7399240752236004,0.9920681469068565,6,353
0.28,0.24,0.11,0.9324942791762013,0.9358128374325134,0.916633741604109,0.7616822429906542,0.7665847665847666,0.6915052160953801,0.9878787878787879,0.9904761904761905,0.9978494623655914,2,3,1,51,95,207,0.9303177391386765,0.7399240752236004,0.9920681469068565,6,353
0.29,0.29,0.09,0.9310344827586207,0.9424242424242424,0.9103367267032106,0.7714285714285715,0.7974358974358975,0.670028818443804,0.9818181818181818,0.9873015873015873,1.0,3,4,0,48,79,229,0.9303118594472252,0.746297762436091,0.9897065897065898,7,356
0.29,0.17,0.16,0.9310344827586207,0.9292035398230089,0.9300924065889916,0.7714285714285715,0.7241379310344828,0.7360890302066773,0.9818181818181818,1.0,0.9956989247311828,3,0,2,48,120,166,0.9302967846440113,0.7438851775565771,0.9925057021831215,5,334
0.25,0.21,0.21,0.928246013667426,0.9324566646742379,0.9321689683184401,0.7477064220183486,0.7554479418886199,0.7624584717607974,0.9878787878787879,0.9904761904761905,0.9870967741935484,2,3,6,55,101,143,0.9302937998996724,0.755204278555922,0.9884839175161755,11,299
0.29,0.28,0.1,0.9310344827586207,0.9412832929782083,0.911949685534591,0.7714285714285715,0.7933673469387755,0.6783625730994152,0.9818181818181818,0.9873015873015873,0.9978494623655914,3,4,1,48,81,220,0.930292166379691,0.7477194971555874,0.9889897438284535,8,349
0.27,0.17,0.15,0.9324942791762013,0.9292035398230089,0.9263705482192878,0.7616822429906542,0.7241379310344828,0.7245696400625978,0.9878787878787879,1.0,0.9956989247311828,2,0,2,51,120,176,0.9302823111788608,0.7367966046959116,0.9945259042033235,4,347
0.28,0.17,0.15,0.9324942791762013,0.9292035398230089,0.9263705482192878,0.7616822429906542,0.7241379310344828,0.7245696400625978,0.9878787878787879,1.0,0.9956989247311828,2,0,2,51,120,176,0.9302823111788608,0.7367966046959116,0.9945259042033235,4,347
0.26,0.21,0.14,0.9314285714285714,0.9324566646742379,0.9241516966067865,0.7581395348837209,0.7554479418886199,0.7178294573643411,0.9878787878787879,0.9904761904761905,0.9956989247311828,2,3,2,52,101,182,0.9302816244379144,0.7438056447122273,0.9913513010287204,7,335
0.25,0.21,0.19,0.928246013667426,0.9324566646742379,0.9320663162151235,0.7477064220183486,0.7554479418886199,0.7520391517128875,0.9878787878787879,0.9904761904761905,0.9913978494623656,2,3,4,55,101,152,0.930273269479009,0.7517311718732853,0.9899176092724481,9,308
0.27,0.19,0.14,0.9324942791762013,0.9306461173681091,0.9241516966067865,0.7616822429906542,0.7353629976580797,0.7178294573643411,0.9878787878787879,0.9968253968253968,0.9956989247311828,2,1,2,51,113,182,0.9302713141198906,0.7382915660043583,0.9934677031451224,5,346
0.28,0.19,0.14,0.9324942791762013,0.9306461173681091,0.9241516966067865,0.7616822429906542,0.7353629976580797,0.7178294573643411,0.9878787878787879,0.9968253968253968,0.9956989247311828,2,1,2,51,113,182,0.9302713141198906,0.7382915660043583,0.9934677031451224,5,346
0.24,0.24,0.21,0.9261363636363638,0.9358128374325134,0.9321689683184401,0.740909090909091,0.7665847665847666,0.7624584717607974,0.9878787878787879,0.9904761904761905,0.9870967741935484,2,3,6,57,95,143,0.9302458267116239,0.7566507764182182,0.9884839175161755,11,295
0.27,0.26,0.09,0.9324942791762013,0.9397590361445785,0.9103367267032106,0.7616822429906542,0.78,0.670028818443804,0.9878787878787879,0.9904761904761905,1.0,2,3,0,51,88,229,0.9302421957721164,0.7372370204781528,0.9927849927849928,5,368
0.28,0.26,0.09,0.9324942791762013,0.9397590361445785,0.9103367267032106,0.7616822429906542,0.78,0.670028818443804,0.9878787878787879,0.9904761904761905,1.0,2,3,0,51,88,229,0.9302421957721164,0.7372370204781528,0.9927849927849928,5,368
0.25,0.21,0.18,0.928246013667426,0.9324566646742379,0.9318273497377975,0.7477064220183486,0.7554479418886199,0.7463651050080775,0.9878787878787879,0.9904761904761905,0.9935483870967742,2,3,3,55,101,157,0.9302254761835439,0.749839822971682,0.9906344551505842,8,313
0.24,0.24,0.19,0.9261363636363638,0.9358128374325134,0.9320663162151235,0.740909090909091,0.7665847665847666,0.7520391517128875,0.9878787878787879,0.9904761904761905,0.9913978494623656,2,3,4,57,95,152,0.9302252962909605,0.7531776697355816,0.9899176092724481,9,304
0.25,0.22,0.16,0.928246013667426,0.933572710951526,0.9300924065889916,0.7477064220183486,0.7591240875912408,0.7360890302066773,0.9878787878787879,0.9904761904761905,0.9956989247311828,2,3,2,55,99,166,0.9302133014369691,0.7476398466054223,0.9913513010287204,7,320
0.29,0.18,0.15,0.9310344827586207,0.9314015375517445,0.9263705482192878,0.7714285714285715,0.7308584686774942,0.7245696400625978,0.9818181818181818,1.0,0.9956989247311828,3,0,2,48,116,176,0.9302118122886912,0.7422855600562211,0.9925057021831215,5,340
0.27,0.2,0.14,0.9324942791762013,0.9304399524375744,0.9241516966067865,0.7616822429906542,0.7417061611374408,0.7178294573643411,0.9878787878787879,0.9936507936507937,0.9956989247311828,2,2,2,51,109,182,0.9302094646407302,0.7404059538308121,0.9924095020869214,6,342
0.28,0.2,0.14,0.9324942791762013,0.9304399524375744,0.9241516966067865,0.7616822429906542,0.7417061611374408,0.7178294573643411,0.9878787878787879,0.9936507936507937,0.9956989247311828,2,2,2,51,109,182,0.9302094646407302,0.7404059538308121,0.9924095020869214,6,342
0.27,0.16,0.16,0.9324942791762013,0.926470588235294,0.9300924065889916,0.7616822429906542,0.7159090909090909,0.7360890302066773,0.9878787878787879,1.0,0.9956989247311828,2,0,2,51,125,166,0.9302067973764871,0.7378934547021408,0.9945259042033235,4,342
0.28,0.16,0.16,0.9324942791762013,0.926470588235294,0.9300924065889916,0.7616822429906542,0.7159090909090909,0.7360890302066773,0.9878787878787879,1.0,0.9956989247311828,2,0,2,51,125,166,0.9302067973764871,0.7378934547021408,0.9945259042033235,4,342
0.26,0.19,0.15,0.9314285714285714,0.9306461173681091,0.9263705482192878,0.7581395348837209,0.7353629976580797,0.7245696400625978,0.9878787878787879,0.9968253968253968,0.9956989247311828,2,1,2,52,113,176,0.930182230568576,0.7393573908681329,0.9934677031451224,5,341
0.3,0.17,0.14,0.933179723502304,0.9292035398230089,0.9241516966067865,0.7788461538461539,0.7241379310344828,0.7178294573643411,0.9818181818181818,1.0,0.9956989247311828,3,0,2,46,120,182,0.930181263019412,0.7402711807483259,0.9925057021831215,5,348
0.25,0.21,0.17,0.928246013667426,0.9324566646742379,0.9315895372233401,0.7477064220183486,0.7554479418886199,0.7408,0.9878787878787879,0.9904761904761905,0.9956989247311828,2,3,2,55,101,162,0.9301779136806524,0.7479847879689895,0.9913513010287204,7,318
0.24,0.24,0.18,0.9261363636363638,0.9358128374325134,0.9318273497377975,0.740909090909091,0.7665847665847666,0.7463651050080775,0.9878787878787879,0.9904761904761905,0.9935483870967742,2,3,3,57,95,157,0.9301775029954954,0.7512863208339784,0.9906344551505842,8,309
0.25,0.22,0.2,0.928246013667426,0.933572710951526,0.9299027552674232,0.7477064220183486,0.7591240875912408,0.7549342105263158,0.9878787878787879,0.9904761904761905,0.9870967741935484,2,3,6,55,99,149,0.9301753711726555,0.7539215733786352,0.9884839175161755,11,303
0.26,0.22,0.13,0.9314285714285714,0.933572710951526,0.9219434488251693,0.7581395348837209,0.7591240875912408,0.7112135176651305,0.9878787878787879,0.9904761904761905,0.9956989247311828,2,3,2,52,99,188,0.9301747887647774,0.7428257133800308,0.9913513010287204,7,339
0.3,0.19,0.13,0.933179723502304,0.9306461173681091,0.9219434488251693,0.7788461538461539,0.7353629976580797,0.7112135176651305,0.9818181818181818,0.9968253968253968,0.9956989247311828,3,1,2,46,113,188,0.9301723867266186,0.741807556389788,0.9914475011249205,6,347
0.3,0.23,0.11,0.933179723502304,0.934131736526946,0.916633741604109,0.7788461538461539,0.7609756097560976,0.6915052160953801,0.9818181818181818,0.9904761904761905,0.9978494623655914,3,3,1,46,98,207,0.9301561310300577,0.7437756598992106,0.9900479448866545,7,351
0.29,0.23,0.13,0.9310344827586207,0.934131736526946,0.9219434488251693,0.7714285714285715,0.7609756097560976,0.7112135176651305,0.9818181818181818,0.9904761904761905,0.9956989247311828,3,3,2,48,98,188,0.930145452102428,0.7478725662832666,0.9893310990085183,8,334
0.25,0.24,0.15,0.928246013667426,0.9358128374325134,0.9263705482192878,0.7477064220183486,0.7665847665847666,0.7245696400625978,0.9878787878787879,0.9904761904761905,0.9956989247311828,2,3,2,55,95,176,0.9301409677073246,0.7462869428885709,0.9913513010287204,7,326
0.3,0.18,0.12,0.933179723502304,0.9314015375517445,0.9206349206349207,0.7788461538461539,0.7308584686774942,0.703030303030303,0.9818181818181818,1.0,0.9978494623655914,3,0,1,46,116,196,0.9301373071436595,0.7375783085179837,0.9932225480612576,4,358
0.24,0.24,0.17,0.9261363636363638,0.9358128374325134,0.9315895372233401,0.740909090909091,0.7665847665847666,0.7408,0.9878787878787879,0.9904761904761905,0.9956989247311828,2,3,2,57,95,162,0.9301299404926039,0.7494312858312858,0.9913513010287204,7,314
0.26,0.25,0.11,0.9314285714285714,0.936936936936937,0.916633741604109,0.7581395348837209,0.7703703703703704,0.6915052160953801,0.9878787878787879,0.9904761904761905,0.9978494623655914,2,3,1,52,93,207,0.9301221151161887,0.7400050404498238,0.9920681469068565,6,352
0.26,0.2,0.15,0.9314285714285714,0.9304399524375744,0.9263705482192878,0.7581395348837209,0.7417061611374408,0.7245696400625978,0.9878787878787879,0.9936507936507937,0.9956989247311828,2,2,2,52,109,176,0.9301203810894155,0.7414717786945865,0.9924095020869214,6,337
0.27,0.21,0.12,0.9324942791762013,0.9324566646742379,0.9206349206349207,0.7616822429906542,0.7554479418886199,0.703030303030303,0.9878787878787879,0.9904761904761905,0.9978494623655914,2,3,1,51,101,196,0.9301111231173562,0.740053495969859,0.9920681469068565,6,348
0.28,0.21,0.12,0.9324942791762013,0.9324566646742379,0.9206349206349207,0.7616822429906542,0.7554479418886199,0.703030303030303,0.9878787878787879,0.9904761904761905,0.9978494623655914,2,3,1,51,101,196,0.9301111231173562,0.740053495969859,0.9920681469068565,6,348
0.3,0.2,0.13,0.933179723502304,0.9304399524375744,0.9219434488251693,0.7788461538461539,0.7417061611374408,0.7112135176651305,0.9818181818181818,0.9936507936507937,0.9956989247311828,3,2,2,46,109,188,0.9301105372474582,0.7439219442162418,0.9903893000667194,7,343
0.29,0.21,0.14,0.9310344827586207,0.9324566646742379,0.9241516966067865,0.7714285714285715,0.7554479418886199,0.7178294573643411,0.9818181818181818,0.9904761904761905,0.9956989247311828,3,3,2,48,101,182,0.9300845801029389,0.7482353235605107,0.9893310990085183,8,331
0.26,0.23,0.12,0.9314285714285714,0.934131736526946,0.9206349206349207,0.7581395348837209,0.7609756097560976,0.703030303030303,0.9878787878787879,0.9904761904761905,0.9978494623655914,2,3,1,52,98,196,0.9300807907993536,0.7407151492233739,0.9920681469068565,6,346
0.24,0.24,0.22,0.9261363636363638,0.9358128374325134,0.931272875152501,0.740909090909091,0.7665847665847666,0.7646076794657763,0.9878787878787879,0.9904761904761905,0.9849462365591398,2,3,7,57,95,141,0.9300666080784361,0.7573671789865446,0.9877670716380393,12,293
0.3,0.25,0.1,0.933179723502304,0.936936936936937,0.911949685534591,0.7788461538461539,0.7703703703703704,0.6783625730994152,0.9818181818181818,0.9904761904761905,0.9978494623655914,3,3,1,46,93,220,0.9300608799391513,0.74252636577198,0.9900479448866545,7,359
0.27,0.18,0.13,0.9324942791762013,0.9314015375517445,0.9219434488251693,0.7616822429906542,0.7308584686774942,0.7112135176651305,0.9878787878787879,1.0,0.9956989247311828,2,0,2,51,116,188,0.9300562906186579,0.734584743111093,0.9945259042033235,4,355
0.28,0.18,0.13,0.9324942791762013,0.9314015375517445,0.9219434488251693,0.7616822429906542,0.7308584686774942,0.7112135176651305,0.9878787878787879,1.0,0.9956989247311828,2,0,2,51,116,188,0.9300562906186579,0.734584743111093,0.9945259042033235,4,355
0.25,0.25,0.14,0.928246013667426,0.936936936936937,0.9241516966067865,0.7477064220183486,0.7703703703703704,0.7178294573643411,0.9878787878787879,0.9904761904761905,0.9956989247311828,2,3,2,55,93,182,0.9300344272361514,0.74530208325102,0.9913513010287204,7,330
0.26,0.26,0.1,0.9314285714285714,0.9397590361445785,0.911949685534591,0.7581395348837209,0.78,0.6783625730994152,0.9878787878787879,0.9904761904761905,0.9978494623655914,2,3,1,52,88,220,0.9300319336645775,0.7388340359943788,0.9920681469068565,6,360
0.3,0.27,0.08,0.933179723502304,0.9401451027811366,0.9067862714508581,0.7788461538461539,0.7893401015228426,0.6605113636363636,0.9818181818181818,0.9873015873015873,1.0,3,4,0,46,83,239,0.9299906468756647,0.7428992063351201,0.9897065897065898,7,368
0.28,0.28,0.08,0.9324942791762013,0.9412832929782083,0.9067862714508581,0.7616822429906542,0.7933673469387755,0.6605113636363636,0.9878787878787879,0.9873015873015873,1.0,2,4,0,51,81,239,0.9299893817717348,0.7385203178552645,0.9917267917267917,6,371
0.3,0.22,0.11,0.933179723502304,0.933572710951526,0.916633741604109,0.7788461538461539,0.7591240875912408,0.6915052160953801,0.9818181818181818,0.9904761904761905,0.9978494623655914,3,3,1,46,99,207,0.9299884233574317,0.7431584858442583,0.9900479448866545,7,352
0.29,0.19,0.15,0.9310344827586207,0.9306461173681091,0.9263705482192878,0.7714285714285715,0.7353629976580797,0.7245696400625978,0.9818181818181818,0.9968253968253968,0.9956989247311828,3,1,2,48,113,176,0.9299851862336007,0.7437870697164163,0.9914475011249205,6,337
0.29,0.22,0.13,0.9310344827586207,0.933572710951526,0.9219434488251693,0.7714285714285715,0.7591240875912408,0.7112135176651305,0.9818181818181818,0.9904761904761905,0.9956989247311828,3,3,2,48,99,188,0.929977744429802,0.7472553922283143,0.9893310990085183,8,335
0.29,0.28,0.09,0.9310344827586207,0.9412832929782083,0.9103367267032106,0.7714285714285715,0.7933673469387755,0.670028818443804,0.9818181818181818,0.9873015873015873,1.0,3,4,0,48,81,229,0.929969574613415,0.7449415789370503,0.9897065897065898,7,358
0.26,0.18,0.14,0.9314285714285714,0.9314015375517445,0.9241516966067865,0.7581395348837209,0.7308584686774942,0.7178294573643411,0.9878787878787879,1.0,0.9956989247311828,2,0,2,52,116,182,0.9299650863011664,0.735609153641852,0.9945259042033235,4,350
0.24,0.24,0.23,0.9261363636363638,0.9358128374325134,0.930753564154786,0.740909090909091,0.7665847665847666,0.7680672268907563,0.9878787878787879,0.9904761904761905,0.9827956989247312,2,3,8,57,95,138,0.929962745878893,0.7585203614615379,0.9870502257599032,13,290
0.29,0.27,0.1,0.9310344827586207,0.9401451027811366,0.911949685534591,0.7714285714285715,0.7893401015228426,0.6783625730994152,0.9818181818181818,0.9873015873015873,0.9978494623655914,3,4,1,48,83,220,0.9299507093205694,0.746377082016943,0.9889897438284535,8,351
0.29,0.25,0.11,0.9310344827586207,0.936936936936937,0.916633741604109,0.7714285714285715,0.7703703703703704,0.6915052160953801,0.9818181818181818,0.9904761904761905,0.9978494623655914,3,3,1,48,93,207,0.9299250707812132,0.7444347192981073,0.9900479448866545,7,348
0.29,0.2,0.15,0.9310344827586207,0.9304399524375744,0.9263705482192878,0.7714285714285715,0.7417061611374408,0.7245696400625978,0.9818181818181818,0.9936507936507937,0.9956989247311828,3,2,2,48,109,176,0.9299233367544403,0.7459014575428701,0.9903893000667194,7,333
0.26,0.22,0.12,0.9314285714285714,0.933572710951526,0.9206349206349207,0.7581395348837209,0.7591240875912408,0.703030303030303,0.9878787878787879,0.9904761904761905,0.9978494623655914,2,3,1,52,99,196,0.9299130831267277,0.7400979751684216,0.9920681469068565,6,347
0.3,0.19,0.12,0.933179723502304,0.9306461173681091,0.9206349206349207,0.7788461538461539,0.7353629976580797,0.703030303030303,0.9818181818181818,0.9968253968253968,0.9978494623655914,3,1,1,46,113,196,0.9299106810885689,0.7390798181781788,0.9921643470030567,5,355
0.25,0.18,0.18,0.928246013667426,0.9314015375517445,0.9318273497377975,0.7477064220183486,0.7308584686774942,0.7463651050080775,0.9878787878787879,1.0,0.9935483870967742,2,0,3,55,116,157,0.9299089380467959,0.7416433319013068,0.9938090583251874,5,328
0.29,0.23,0.12,0.9310344827586207,0.934131736526946,0.9206349206349207,0.7714285714285715,0.7609756097560976,0.703030303030303,0.9818181818181818,0.9904761904761905,0.9978494623655914,3,3,1,48,98,196,0.9298837464643783,0.7451448280716574,0.9900479448866545,7,342
0.25,0.21,0.16,0.928246013667426,0.9324566646742379,0.9300924065889916,0.7477064220183486,0.7554479418886199,0.7360890302066773,0.9878787878787879,0.9904761904761905,0.9956989247311828,2,3,2,55,101,166,0.9298784875537827,0.7464144647045486,0.9913513010287204,7,322
0.3,0.26,0.08,0.933179723502304,0.9397590361445785,0.9067862714508581,0.7788461538461539,0.78,0.6605113636363636,0.9818181818181818,0.9904761904761905,1.0,3,3,0,46,88,239,0.9298748268846972,0.7397858391608393,0.9907647907647908,6,373
0.25,0.18,0.17,0.928246013667426,0.9314015375517445,0.9315895372233401,0.7477064220183486,0.7308584686774942,0.7408,0.9878787878787879,1.0,0.9956989247311828,2,0,2,55,116,162,0.9298613755439044,0.7397882968986144,0.9945259042033235,4,333
0.3,0.2,0.12,0.933179723502304,0.9304399524375744,0.9206349206349207,0.7788461538461539,0.7417061611374408,0.703030303030303,0.9818181818181818,0.9936507936507937,0.9978494623655914,3,2,1,46,109,196,0.9298488316094085,0.7411942060046326,0.9911061459448556,6,351
0.25,0.21,0.2,0.928246013667426,0.9324566646742379,0.9299027552674232,0.7477064220183486,0.7554479418886199,0.7549342105263158,0.9878787878787879,0.9904761904761905,0.9870967741935484,2,3,6,55,101,149,0.929840557289469,0.7526961914777615,0.9884839175161755,11,305
0.26,0.21,0.13,0.9314285714285714,0.9324566646742379,0.9219434488251693,0.7581395348837209,0.7554479418886199,0.7112135176651305,0.9878787878787879,0.9904761904761905,0.9956989247311828,2,3,2,52,101,188,0.929839974881591,0.741600331479157,0.9913513010287204,7,341
0.27,0.17,0.14,0.9324942791762013,0.9292035398230089,0.9241516966067865,0.7616822429906542,0.7241379310344828,0.7178294573643411,0.9878787878787879,1.0,0.9956989247311828,2,0,2,51,120,182,0.9298385408563605,0.734549877129826,0.9945259042033235,4,353
0.28,0.17,0.14,0.9324942791762013,0.9292035398230089,0.9241516966067865,0.7616822429906542,0.7241379310344828,0.7178294573643411,0.9878787878787879,1.0,0.9956989247311828,2,0,2,51,120,182,0.9298385408563605,0.734549877129826,0.9945259042033235,4,353
0.29,0.26,0.1,0.9310344827586207,0.9397590361445785,0.911949685534591,0.7714285714285715,0.78,0.6783625730994152,0.9818181818181818,0.9904761904761905,0.9978494623655914,3,3,1,48,88,220,0.929834889329602,0.7432637148426622,0.9900479448866545,7,356
0.24,0.24,0.16,0.9261363636363638,0.9358128374325134,0.9300924065889916,0.740909090909091,0.7665847665847666,0.7360890302066773,0.9878787878787879,0.9904761904761905,0.9956989247311828,2,3,2,57,95,166,0.9298305143657342,0.747860962566845,0.9913513010287204,7,318
0.27,0.19,0.13,0.9324942791762013,0.9306461173681091,0.9219434488251693,0.7616822429906542,0.7353629976580797,0.7112135176651305,0.9878787878787879,0.9968253968253968,0.9956989247311828,2,1,2,51,113,188,0.9298296645635672,0.7360862527712881,0.9934677031451224,5,352
0.28,0.19,0.13,0.9324942791762013,0.9306461173681091,0.9219434488251693,0.7616822429906542,0.7353629976580797,0.7112135176651305,0.9878787878787879,0.9968253968253968,0.9956989247311828,2,1,2,51,113,188,0.9298296645635672,0.7360862527712881,0.9934677031451224,5,352
0.27,0.23,0.11,0.9324942791762013,0.934131736526946,0.916633741604109,0.7616822429906542,0.7609756097560976,0.6915052160953801,0.9878787878787879,0.9904761904761905,0.9978494623655914,2,3,1,51,98,207,0.9298134088670063,0.7380543562807107,0.9920681469068565,6,356
0.28,0.23,0.11,0.9324942791762013,0.934131736526946,0.916633741604109,0.7616822429906542,0.7609756097560976,0.6915052160953801,0.9878787878787879,0.9904761904761905,0.9978494623655914,2,3,1,51,98,207,0.9298134088670063,0.7380543562807107,0.9920681469068565,6,356
0.3,0.16,0.15,0.933179723502304,0.926470588235294,0.9263705482192878,0.7788461538461539,0.7159090909090909,0.7245696400625978,0.9818181818181818,1.0,0.9956989247311828,3,0,2,46,125,176,0.9298051478655979,0.7397749616059475,0.9925057021831215,5,347
0.27,0.18,0.12,0.9324942791762013,0.9314015375517445,0.9206349206349207,0.7616822429906542,0.7308584686774942,0.703030303030303,0.9878787878787879,1.0,0.9978494623655914,2,0,1,51,116,196,0.9297945849806082,0.7318570048994838,0.9952427500814597,3,363
0.28,0.18,0.12,0.9324942791762013,0.9314015375517445,0.9206349206349207,0.7616822429906542,0.7308584686774942,0.703030303030303,0.9878787878787879,1.0,0.9978494623655914,2,0,1,51,116,196,0.9297945849806082,0.7318570048994838,0.9952427500814597,3,363
0.24,0.24,0.2,0.9261363636363638,0.9358128374325134,0.9299027552674232,0.740909090909091,0.7665847665847666,0.7549342105263158,0.9878787878787879,0.9904761904761905,0.9870967741935484,2,3,6,57,95,149,0.9297925841014205,0.7541426893400578,0.9884839175161755,11,301
0.26,0.24,0.11,0.9314285714285714,0.9358128374325134,0.916633741604109,0.7581395348837209,0.7665847665847666,0.6915052160953801,0.9878787878787879,0.9904761904761905,0.9978494623655914,2,3,1,52,95,207,0.9297848852648616,0.7387431725212892,0.9920681469068565,6,354
0.29,0.18,0.14,0.9310344827586207,0.9314015375517445,0.9241516966067865,0.7714285714285715,0.7308584686774942,0.7178294573643411,0.9818181818181818,1.0,0.9956989247311828,3,0,2,48,116,182,0.9297680419661909,0.7400388324901356,0.9925057021831215,5,346
0.27,0.2,0.13,0.9324942791762013,0.9304399524375744,0.9219434488251693,0.7616822429906542,0.7417061611374408,0.7112135176651305,0.9878787878787879,0.9936507936507937,0.9956989247311828,2,2,2,51,109,188,0.9297678150844068,0.7382006405977419,0.9924095020869214,6,348
0.28,0.2,0.13,0.9324942791762013,0.9304399524375744,0.9219434488251693,0.7616822429906542,0.7417061611374408,0.7112135176651305,0.9878787878787879,0.9936507936507937,0.9956989247311828,2,2,2,51,109,188,0.9297678150844068,0.7382006405977419,0.9924095020869214,6,348
0.26,0.17,0.15,0.9314285714285714,0.9292035398230089,0.9263705482192878,0.7581395348837209,0.7241379310344828,0.7245696400625978,0.9878787878787879,1.0,0.9956989247311828,2,0,2,52,120,176,0.9297494573050459,0.7356157019936006,0.9945259042033235,4,348
0.24,0.23,0.21,0.9261363636363638,0.934131736526946,0.9321689683184401,0.740909090909091,0.7609756097560976,0.7624584717607974,0.9878787878787879,0.9904761904761905,0.9870967741935484,2,3,6,57,98,143,0.9297414964399537,0.7547810574753285,0.9884839175161755,11,298
0.3,0.17,0.13,0.933179723502304,0.9292035398230089,0.9219434488251693,0.7788461538461539,0.7241379310344828,0.7112135176651305,0.9818181818181818,1.0,0.9956989247311828,3,0,2,46,120,188,0.9297396134630885,0.7380658675152557,0.9925057021831215,5,354
0.26,0.19,0.14,0.9314285714285714,0.9306461173681091,0.9241516966067865,0.7581395348837209,0.7353629976580797,0.7178294573643411,0.9878787878787879,0.9968253968253968,0.9956989247311828,2,1,2,52,113,182,0.9297384602460756,0.7371106633020471,0.9934677031451224,5,347
0.3,0.25,0.09,0.933179723502304,0.936936936936937,0.9103367267032106,0.7788461538461539,0.7703703703703704,0.670028818443804,0.9818181818181818,0.9904761904761905,1.0,3,3,0,46,93,229,0.9297382881728753,0.7397484475534428,0.9907647907647908,6,368
0.25,0.19,0.19,0.928246013667426,0.9306461173681091,0.9320663162151235,0.7477064220183486,0.7353629976580797,0.7520391517128875,0.9878787878787879,0.9968253968253968,0.9913978494623656,2,1,4,55,113,152,0.9297301052871705,0.7450361904631052,0.9920340113888502,7,320
0.3,0.24,0.1,0.933179723502304,0.9358128374325134,0.911949685534591,0.7788461538461539,0.7665847665847666,0.6783625730994152,0.9818181818181818,0.9904761904761905,0.9978494623655914,3,3,1,46,95,220,0.9297236500878243,0.7412644978434452,0.9900479448866545,7,361
0.24,0.23,0.19,0.9261363636363638,0.934131736526946,0.9320663162151235,0.740909090909091,0.7609756097560976,0.7520391517128875,0.9878787878787879,0.9904761904761905,0.9913978494623656,2,3,4,57,98,152,0.9297209660192904,0.751307950792692,0.9899176092724481,9,307
0.27,0.25,0.1,0.9324942791762013,0.936936936936937,0.911949685534591,0.7616822429906542,0.7703703703703704,0.6783625730994152,0.9878787878787879,0.9904761904761905,0.9978494623655914,2,3,1,51,93,220,0.9297181577761,0.73680506215348,0.9920681469068565,6,364
0.28,0.25,0.1,0.9324942791762013,0.936936936936937,0.911949685534591,0.7616822429906542,0.7703703703703704,0.6783625730994152,0.9878787878787879,0.9904761904761905,0.9978494623655914,2,3,1,51,93,220,0.9297181577761,0.73680506215348,0.9920681469068565,6,364
0.29,0.22,0.12,0.9310344827586207,0.933572710951526,0.9206349206349207,0.7714285714285715,0.7591240875912408,0.703030303030303,0.9818181818181818,0.9904761904761905,0.9978494623655914,3,3,1,48,99,196,0.9297160387917522,0.7445276540167051,0.9900479448866545,7,343
0.26,0.26,0.09,0.9314285714285714,0.9397590361445785,0.9103367267032106,0.7581395348837209,0.78,0.670028818443804,0.9878787878787879,0.9904761904761905,1.0,2,3,0,52,88,229,0.9297093418983015,0.7360561177758417,0.9927849927849928,5,369
0.25,0.24,0.14,0.928246013667426,0.9358128374325134,0.9241516966067865,0.7477064220183486,0.7665847665847666,0.7178294573643411,0.9878787878787879,0.9904761904761905,0.9956989247311828,2,3,2,55,95,182,0.9296971973848243,0.7440402153224855,0.9913513010287204,7,332
0.25,0.19,0.18,0.928246013667426,0.9306461173681091,0.9318273497377975,0.7477064220183486,0.7353629976580797,0.7463651050080775,0.9878787878787879,0.9968253968253968,0.9935483870967742,2,1,3,55,113,157,0.9296823119917053,0.743144841561502,0.9927508572669863,6,325
0.26,0.2,0.14,0.9314285714285714,0.9304399524375744,0.9241516966067865,0.7581395348837209,0.7417061611374408,0.7178294573643411,0.9878787878787879,0.9936507936507937,0.9956989247311828,2,2,2,52,109,182,0.9296766107669152,0.7392250511285009,0.9924095020869214,6,343
0.26,0.16,0.16,0.9314285714285714,0.926470588235294,0.9300924065889916,0.7581395348837209,0.7159090909090909,0.7360890302066773,0.9878787878787879,1.0,0.9956989247311828,2,0,2,52,125,166,0.9296739435026722,0.7367125519998297,0.9945259042033235,4,343
0.24,0.23,0.18,0.9261363636363638,0.934131736526946,0.9318273497377975,0.740909090909091,0.7609756097560976,0.7463651050080775,0.9878787878787879,0.9904761904761905,0.9935483870967742,2,3,3,57,98,157,0.9296731727238252,0.7494166018910887,0.9906344551505842,8,312
0.25,0.2,0.19,0.928246013667426,0.9304399524375744,0.9320663162151235,0.7477064220183486,0.7417061611374408,0.7520391517128875,0.9878787878787879,0.9936507936507937,0.9913978494623656,2,2,4,55,109,152,0.92966825580801,0.7471505782895589,0.9909758103306491,8,316
0.3,0.21,0.11,0.933179723502304,0.9324566646742379,0.916633741604109,0.7788461538461539,0.7554479418886199,0.6915052160953801,0.9818181818181818,0.9904761904761905,0.9978494623655914,3,3,1,46,101,207,0.9296536094742452,0.7419331039433846,0.9900479448866545,7,354
0.27,0.27,0.08,0.9324942791762013,0.9401451027811366,0.9067862714508581,0.7616822429906542,0.7893401015228426,0.6605113636363636,0.9878787878787879,0.9873015873015873,1.0,2,4,0,51,83,239,0.9296479247126133,0.7371779027166202,0.9917267917267917,6,373
0.28,0.27,0.08,0.9324942791762013,0.9401451027811366,0.9067862714508581,0.7616822429906542,0.7893401015228426,0.6605113636363636,0.9878787878787879,0.9873015873015873,1.0,2,4,0,51,83,239,0.9296479247126133,0.7371779027166202,0.9917267917267917,6,373
0.27,0.22,0.11,0.9324942791762013,0.933572710951526,0.916633741604109,0.7616822429906542,0.7591240875912408,0.6915052160953801,0.9878787878787879,0.9904761904761905,0.9978494623655914,2,3,1,51,99,207,0.9296457011943804,0.7374371822257584,0.9920681469068565,6,357
0.28,0.22,0.11,0.9324942791762013,0.933572710951526,0.916633741604109,0.7616822429906542,0.7591240875912408,0.6915052160953801,0.9878787878787879,0.9904761904761905,0.9978494623655914,2,3,1,51,99,207,0.9296457011943804,0.7374371822257584,0.9920681469068565,6,357
0.29,0.21,0.13,0.9310344827586207,0.9324566646742379,0.9219434488251693,0.7714285714285715,0.7554479418886199,0.7112135176651305,0.9818181818181818,0.9904761904761905,0.9956989247311828,3,3,2,48,101,188,0.9296429305466155,0.7460300103274405,0.9893310990085183,8,337
0.25,0.23,0.15,0.928246013667426,0.934131736526946,0.9263705482192878,0.7477064220183486,0.7609756097560976,0.7245696400625978,0.9878787878787879,0.9904761904761905,0.9956989247311828,2,3,2,55,98,176,0.9296366374356544,0.7444172239456813,0.9913513010287204,7,329
0.25,0.19,0.17,0.928246013667426,0.9306461173681091,0.9315895372233401,0.7477064220183486,0.7353629976580797,0.7408,0.9878787878787879,0.9968253968253968,0.9956989247311828,2,1,2,55,113,162,0.9296347494888137,0.7412898065588095,0.9934677031451224,5,330
0.29,0.27,0.09,0.9310344827586207,0.9401451027811366,0.9103367267032106,0.7714285714285715,0.7893401015228426,0.670028818443804,0.9818181818181818,0.9873015873015873,1.0,3,4,0,48,83,229,0.9296281175542934,0.7435991637984061,0.9897065897065898,7,360
0.24,0.23,0.17,0.9261363636363638,0.934131736526946,0.9315895372233401,0.740909090909091,0.7609756097560976,0.7408,0.9878787878787879,0.9904761904761905,0.9956989247311828,2,3,2,57,98,162,0.9296256102209337,0.7475615668883963,0.9913513010287204,7,317
0.25,0.2,0.18,0.928246013667426,0.9304399524375744,0.9318273497377975,0.7477064220183486,0.7417061611374408,0.7463651050080775,0.9878787878787879,0.9936507936507937,0.9935483870967742,2,2,3,55,109,157,0.9296204625125448,0.7452592293879556,0.9916926562087852,7,321
0.29,0.29,0.08,0.9310344827586207,0.9424242424242424,0.9067862714508581,0.7714285714285715,0.7974358974358975,0.6605113636363636,0.9818181818181818,0.9873015873015873,1.0,3,4,0,48,79,239,0.9296017683967546,0.7431252775002776,0.9897065897065898,7,366
0.25,0.25,0.13,0.928246013667426,0.936936936936937,0.9219434488251693,0.7477064220183486,0.7703703703703704,0.7112135176651305,0.9878787878787879,0.9904761904761905,0.9956989247311828,2,3,2,55,93,188,0.929592777679828,0.7430967700179498,0.9913513010287204,7,336
0.29,0.24,0.11,0.9310344827586207,0.9358128374325134,0.916633741604109,0.7714285714285715,0.7665847665847666,0.6915052160953801,0.9818181818181818,0.9904761904761905,0.9978494623655914,3,3,1,48,95,207,0.9295878409298862,0.7431728513695727,0.9900479448866545,7,350
0.26,0.21,0.12,0.9314285714285714,0.9324566646742379,0.9206349206349207,0.7581395348837209,0.7554479418886199,0.703030303030303,0.9878787878787879,0.9904761904761905,0.9978494623655914,2,3,1,52,101,196,0.9295782692435413,0.7388725932675478,0.9920681469068565,6,349
0.24,0.22,0.21,0.9261363636363638,0.933572710951526,0.9321689683184401,0.740909090909091,0.7591240875912408,0.7624584717607974,0.9878787878787879,0.9904761904761905,0.9870967741935484,2,3,6,57,99,143,0.9295737887673278,0.7541638834203764,0.9884839175161755,11,299
0.25,0.2,0.17,0.928246013667426,0.9304399524375744,0.9315895372233401,0.7477064220183486,0.7417061611374408,0.7408,0.9878787878787879,0.9936507936507937,0.9956989247311828,2,2,2,55,109,162,0.9295729000096533,0.7434041943852631,0.9924095020869214,6,326
0.27,0.19,0.12,0.9324942791762013,0.9306461173681091,0.9206349206349207,0.7616822429906542,0.7353629976580797,0.703030303030303,0.9878787878787879,0.9968253968253968,0.9978494623655914,2,1,1,51,113,196,0.9295679589255175,0.7333585145596789,0.9941845490232586,4,360
0.28,0.19,0.12,0.9324942791762013,0.9306461173681091,0.9206349206349207,0.7616822429906542,0.7353629976580797,0.703030303030303,0.9878787878787879,0.9968253968253968,0.9978494623655914,2,1,1,51,113,196,0.9295679589255175,0.7333585145596789,0.9941845490232586,4,360
0.24,0.23,0.22,0.9261363636363638,0.934131736526946,0.931272875152501,0.740909090909091,0.7609756097560976,0.7646076794657763,0.9878787878787879,0.9904761904761905,0.9849462365591398,2,3,7,57,98,141,0.9295622778067659,0.7554974600436549,0.9877670716380393,12,296
0.25,0.18,0.16,0.928246013667426,0.9314015375517445,0.9300924065889916,0.7477064220183486,0.7308584686774942,0.7360890302066773,0.9878787878787879,1.0,0.9956989247311828,2,0,2,55,116,166,0.9295619494170346,0.7382179736341734,0.9945259042033235,4,337
0.24,0.22,0.19,0.9261363636363638,0.933572710951526,0.9320663162151235,0.740909090909091,0.7591240875912408,0.7520391517128875,0.9878787878787879,0.9904761904761905,0.9913978494623656,2,3,4,57,99,152,0.9295532583466644,0.7506907767377399,0.9899176092724481,9,308
0.29,0.17,0.15,0.9310344827586207,0.9292035398230089,0.9263705482192878,0.7714285714285715,0.7241379310344828,0.7245696400625978,0.9818181818181818,1.0,0.9956989247311828,3,0,2,48,120,176,0.9295524129700706,0.740045380841884,0.9925057021831215,5,344
0.29,0.19,0.14,0.9310344827586207,0.9306461173681091,0.9241516966067865,0.7714285714285715,0.7353629976580797,0.7178294573643411,0.9818181818181818,0.9968253968253968,0.9956989247311828,3,1,2,48,113,182,0.9295414159111004,0.7415403421503308,0.9914475011249205,6,343
0.27,0.26,0.08,0.9324942791762013,0.9397590361445785,0.9067862714508581,0.7616822429906542,0.78,0.6605113636363636,0.9878787878787879,0.9904761904761905,1.0,2,3,0,51,88,239,0.9295321047216458,0.7340645355423393,0.9927849927849928,5,378
0.28,0.26,0.08,0.9324942791762013,0.9397590361445785,0.9067862714508581,0.7616822429906542,0.78,0.6605113636363636,0.9878787878787879,0.9904761904761905,1.0,2,3,0,51,88,239,0.9295321047216458,0.7340645355423393,0.9927849927849928,5,378
0.26,0.18,0.13,0.9314285714285714,0.9314015375517445,0.9219434488251693,0.7581395348837209,0.7308584686774942,0.7112135176651305,0.9878787878787879,1.0,0.9956989247311828,2,0,2,52,116,188,0.929523436744843,0.7334038404087818,0.9945259042033235,4,356
0.29,0.26,0.09,0.9310344827586207,0.9397590361445785,0.9103367267032106,0.7714285714285715,0.78,0.670028818443804,0.9818181818181818,0.9904761904761905,1.0,3,3,0,48,88,229,0.929512297563326,0.7404857966241253,0.9907647907647908,6,365
0.27,0.2,0.12,0.9324942791762013,0.9304399524375744,0.9206349206349207,0.7616822429906542,0.7417061611374408,0.703030303030303,0.9878787878787879,0.9936507936507937,0.9978494623655914,2,2,1,51,109,196,0.929506109446357,0.7354729023861327,0.9931263479650575,5,356
0.28,0.2,0.12,0.9324942791762013,0.9304399524375744,0.9206349206349207,0.7616822429906542,0.7417061611374408,0.703030303030303,0.9878787878787879,0.9936507936507937,0.9978494623655914,2,2,1,51,109,196,0.929506109446357,0.7354729023861327,0.9931263479650575,5,356
0.24,0.22,0.18,0.9261363636363638,0.933572710951526,0.9318273497377975,0.740909090909091,0.7591240875912408,0.7463651050080775,0.9878787878787879,0.9904761904761905,0.9935483870967742,2,3,3,57,99,157,0.9295054650511992,0.7487994278361364,0.9906344551505842,8,313
0.29,0.2,0.14,0.9310344827586207,0.9304399524375744,0.9241516966067865,0.7714285714285715,0.7417061611374408,0.7178294573643411,0.9818181818181818,0.9936507936507937,0.9956989247311828,3,2,2,48,109,182,0.92947956643194,0.7436547299767845,0.9903893000667194,7,339
0.3,0.15,0.15,0.933179723502304,0.9253819036427733,0.9263705482192878,0.7788461538461539,0.7126696832579186,0.7245696400625978,0.9818181818181818,1.0,0.9956989247311828,3,0,2,46,127,176,0.9294785424878417,0.7386951590555567,0.9925057021831215,5,349
0.3,0.17,0.12,0.933179723502304,0.9292035398230089,0.9206349206349207,0.7788461538461539,0.7241379310344828,0.703030303030303,0.9818181818181818,1.0,0.9978494623655914,3,0,1,46,120,196,0.9294779078250388,0.7353381293036465,0.9932225480612576,4,362
0.29,0.16,0.16,0.9310344827586207,0.926470588235294,0.9300924065889916,0.7714285714285715,0.7159090909090909,0.7360890302066773,0.9818181818181818,1.0,0.9956989247311828,3,0,2,48,125,166,0.9294768991676968,0.7411422308481131,0.9925057021831215,5,339
0.25,0.22,0.15,0.928246013667426,0.933572710951526,0.9263705482192878,0.7477064220183486,0.7591240875912408,0.7245696400625978,0.9878787878787879,0.9904761904761905,0.9956989247311828,2,3,2,55,99,176,0.9294689297630284,0.7438000498907291,0.9913513010287204,7,330
0.27,0.16,0.15,0.9324942791762013,0.926470588235294,0.9263705482192878,0.7616822429906542,0.7159090909090909,0.7245696400625978,0.9878787878787879,1.0,0.9956989247311828,2,0,2,51,125,176,0.9294624257025464,0.7340536579874476,0.9945259042033235,4,352
0.28,0.16,0.15,0.9324942791762013,0.926470588235294,0.9263705482192878,0.7616822429906542,0.7159090909090909,0.7245696400625978,0.9878787878787879,1.0,0.9956989247311828,2,0,2,51,125,176,0.9294624257025464,0.7340536579874476,0.9945259042033235,4,352
0.24,0.23,0.23,0.9261363636363638,0.934131736526946,0.930753564154786,0.740909090909091,0.7609756097560976,0.7680672268907563,0.9878787878787879,0.9904761904761905,0.9827956989247312,2,3,8,57,98,138,0.9294584156072229,0.7566506425186482,0.9870502257599032,13,293
0.24,0.22,0.17,0.9261363636363638,0.933572710951526,0.9315895372233401,0.740909090909091,0.7591240875912408,0.7408,0.9878787878787879,0.9904761904761905,0.9956989247311828,2,3,2,57,99,162,0.9294579025483077,0.7469443928334439,0.9913513010287204,7,318
0.3,0.29,0.07,0.933179723502304,0.9424242424242424,0.9004647560030984,0.7788461538461539,0.7974358974358975,0.6440443213296398,0.9818181818181818,0.9873015873015873,1.0,3,4,0,46,79,257,0.9294100856790444,0.7401087908705638,0.9897065897065898,7,382
0.3,0.24,0.09,0.933179723502304,0.9358128374325134,0.9103367267032106,0.7788461538461539,0.7665847665847666,0.670028818443804,0.9818181818181818,0.9904761904761905,1.0,3,3,0,46,95,229,0.9294010583215483,0.7384865796249082,0.9907647907647908,6,370
0.27,0.17,0.13,0.9324942791762013,0.9292035398230089,0.9219434488251693,0.7616822429906542,0.7241379310344828,0.7112135176651305,0.9878787878787879,1.0,0.9956989247311828,2,0,2,51,120,188,0.9293968913000371,0.7323445638967558,0.9945259042033235,4,359
0.28,0.17,0.13,0.9324942791762013,0.9292035398230089,0.9219434488251693,0.7616822429906542,0.7241379310344828,0.7112135176651305,0.9878787878787879,1.0,0.9956989247311828,2,0,2,51,120,188,0.9293968913000371,0.7323445638967558,0.9945259042033235,4,359
0.27,0.25,0.09,0.9324942791762013,0.936936936936937,0.9103367267032106,0.7616822429906542,0.7703703703703704,0.670028818443804,0.9878787878787879,0.9904761904761905,1.0,2,3,0,51,93,229,0.929395566009824,0.7340271439349428,0.9927849927849928,5,373
0.28,0.25,0.09,0.9324942791762013,0.936936936936937,0.9103367267032106,0.7616822429906542,0.7703703703703704,0.670028818443804,0.9878787878787879,0.9904761904761905,1.0,2,3,0,51,93,229,0.929395566009824,0.7340271439349428,0.9927849927849928,5,373
0.24,0.22,0.22,0.9261363636363638,0.933572710951526,0.931272875152501,0.740909090909091,0.7591240875912408,0.7646076794657763,0.9878787878787879,0.9904761904761905,0.9849462365591398,2,3,7,57,99,141,0.92939457013414,0.7548802859887026,0.9877670716380393,12,297
0.29,0.21,0.12,0.9310344827586207,0.9324566646742379,0.9206349206349207,0.7714285714285715,0.7554479418886199,0.703030303030303,0.9818181818181818,0.9904761904761905,0.9978494623655914,3,3,1,48,101,196,0.9293812249085658,0.7433022721158314,0.9900479448866545,7,345
0.27,0.24,0.1,0.9324942791762013,0.9358128374325134,0.911949685534591,0.7616822429906542,0.7665847665847666,0.6783625730994152,0.9878787878787879,0.9904761904761905,0.9978494623655914,2,3,1,51,95,220,0.9293809279247729,0.7355431942249453,0.9920681469068565,6,366
0.28,0.24,0.1,0.9324942791762013,0.9358128374325134,0.911949685534591,0.7616822429906542,0.7665847665847666,0.6783625730994152,0.9878787878787879,0.9904761904761905,0.9978494623655914,2,3,1,51,95,220,0.9293809279247729,0.7355431942249453,0.9920681469068565,6,366
0.3,0.16,0.14,0.933179723502304,0.926470588235294,0.9241516966067865,0.7788461538461539,0.7159090909090909,0.7178294573643411,0.9818181818181818,1.0,0.9956989247311828,3,0,2,46,125,182,0.9293613775430976,0.737528234039862,0.9925057021831215,5,353
0.3,0.18,0.11,0.933179723502304,0.9314015375517445,0.916633741604109,0.7788461538461539,0.7308584686774942,0.6915052160953801,0.9818181818181818,1.0,0.9978494623655914,3,0,1,46,116,207,0.9293370713374972,0.7337366128730093,0.9932225480612576,4,369
0.25,0.19,0.16,0.928246013667426,0.9306461173681091,0.9300924065889916,0.7477064220183486,0.7353629976580797,0.7360890302066773,0.9878787878787879,0.9968253968253968,0.9956989247311828,2,1,2,55,113,166,0.929335323361944,0.7397194832943685,0.9934677031451224,5,334
0.25,0.25,0.12,0.928246013667426,0.936936936936937,0.9206349206349207,0.7477064220183486,0.7703703703703704,0.703030303030303,0.9878787878787879,0.9904761904761905,0.9978494623655914,2,3,1,55,93,196,0.9293310720417782,0.7403690318063406,0.9920681469068565,6,344
0.29,0.18,0.13,0.9310344827586207,0.9314015375517445,0.9219434488251693,0.7714285714285715,0.7308584686774942,0.7112135176651305,0.9818181818181818,1.0,0.9956989247311828,3,0,2,48,116,188,0.9293263924098675,0.7378335192570654,0.9925057021831215,5,352
0.24,0.23,0.16,0.9261363636363638,0.934131736526946,0.9300924065889916,0.740909090909091,0.7609756097560976,0.7360890302066773,0.9878787878787879,0.9904761904761905,0.9956989247311828,2,3,2,57,98,166,0.929326184094064,0.7459912436239553,0.9913513010287204,7,321
0.27,0.21,0.11,0.9324942791762013,0.9324566646742379,0.916633741604109,0.7616822429906542,0.7554479418886199,0.6915052160953801,0.9878787878787879,0.9904761904761905,0.9978494623655914,2,3,1,51,101,207,0.9293108873111939,0.7362118003248846,0.9920681469068565,6,359
0.28,0.21,0.11,0.9324942791762013,0.9324566646742379,0.916633741604109,0.7616822429906542,0.7554479418886199,0.6915052160953801,0.9878787878787879,0.9904761904761905,0.9978494623655914,2,3,1,51,101,207,0.9293108873111939,0.7362118003248846,0.9920681469068565,6,359
0.26,0.17,0.14,0.9314285714285714,0.9292035398230089,0.9241516966067865,0.7581395348837209,0.7241379310344828,0.7178294573643411,0.9878787878787879,1.0,0.9956989247311828,2,0,2,52,120,182,0.9293056869825456,0.7333689744275148,0.9945259042033235,4,354
0.26,0.19,0.13,0.9314285714285714,0.9306461173681091,0.9219434488251693,0.7581395348837209,0.7353629976580797,0.7112135176651305,0.9878787878787879,0.9968253968253968,0.9956989247311828,2,1,2,52,113,188,0.9292968106897522,0.734905350068977,0.9934677031451224,5,353
0.24,0.23,0.2,0.9261363636363638,0.934131736526946,0.9299027552674232,0.740909090909091,0.7609756097560976,0.7549342105263158,0.9878787878787879,0.9904761904761905,0.9870967741935484,2,3,6,57,98,149,0.9292882538297503,0.7522729703971681,0.9884839175161755,11,304
0.26,0.23,0.11,0.9314285714285714,0.934131736526946,0.916633741604109,0.7581395348837209,0.7609756097560976,0.6915052160953801,0.9878787878787879,0.9904761904761905,0.9978494623655914,2,3,1,52,98,207,0.9292805549931913,0.7368734535783995,0.9920681469068565,6,357
0.25,0.2,0.16,0.928246013667426,0.9304399524375744,0.9300924065889916,0.7477064220183486,0.7417061611374408,0.7360890302066773,0.9878787878787879,0.9936507936507937,0.9956989247311828,2,2,2,55,109,166,0.9292734738827836,0.7418338711208222,0.9924095020869214,6,330
0.26,0.18,0.12,0.9314285714285714,0.9314015375517445,0.9206349206349207,0.7581395348837209,0.7308584686774942,0.703030303030303,0.9878787878787879,1.0,0.9978494623655914,2,0,1,52,116,196,0.9292617311067932,0.7306761021971727,0.9952427500814597,3,364
0.29,0.28,0.08,0.9310344827586207,0.9412832929782083,0.9067862714508581,0.7714285714285715,0.7933673469387755,0.6605113636363636,0.9818181818181818,0.9873015873015873,1.0,3,4,0,48,81,239,0.9292594835629444,0.7417690940012368,0.9897065897065898,7,368
0.25,0.24,0.13,0.928246013667426,0.9358128374325134,0.9219434488251693,0.7477064220183486,0.7665847665847666,0.7112135176651305,0.9878787878787879,0.9904761904761905,0.9956989247311828,2,3,2,55,95,188,0.9292555478285008,0.7418349020894152,0.9913513010287204,7,338
0.24,0.21,0.21,0.9261363636363638,0.9324566646742379,0.9321689683184401,0.740909090909091,0.7554479418886199,0.7624584717607974,0.9878787878787879,0.9904761904761905,0.9870967741935484,2,3,6,57,101,143,0.9292389748841413,0.7529385015195027,0.9884839175161755,11,301
0.25,0.2,0.2,0.928246013667426,0.9304399524375744,0.9299027552674232,0.7477064220183486,0.7417061611374408,0.7549342105263158,0.9878787878787879,0.9936507936507937,0.9870967741935484,2,2,6,55,109,149,0.9292355436184699,0.748115597894035,0.9895421185743766,10,313
0.26,0.2,0.13,0.9314285714285714,0.9304399524375744,0.9219434488251693,0.7581395348837209,0.7417061611374408,0.7112135176651305,0.9878787878787879,0.9936507936507937,0.9956989247311828,2,2,2,52,109,188,0.9292349612105918,0.7370197378954307,0.9924095020869214,6,349
0.3,0.23,0.1,0.933179723502304,0.934131736526946,0.911949685534591,0.7788461538461539,0.7609756097560976,0.6783625730994152,0.9818181818181818,0.9904761904761905,0.9978494623655914,3,3,1,46,98,220,0.929219319816154,0.7393947789005555,0.9900479448866545,7,364
0.24,0.21,0.19,0.9261363636363638,0.9324566646742379,0.9320663162151235,0.740909090909091,0.7554479418886199,0.7520391517128875,0.9878787878787879,0.9904761904761905,0.9913978494623656,2,3,4,57,101,152,0.9292184444634779,0.7494653948368661,0.9899176092724481,9,310
0.25,0.17,0.17,0.928246013667426,0.9292035398230089,0.9315895372233401,0.7477064220183486,0.7241379310344828,0.7408,0.9878787878787879,1.0,0.9956989247311828,2,0,2,55,120,162,0.9292019762252837,0.7375481176842772,0.9945259042033235,4,337
0.25,0.23,0.14,0.928246013667426,0.934131736526946,0.9241516966067865,0.7477064220183486,0.7609756097560976,0.7178294573643411,0.9878787878787879,0.9904761904761905,0.9956989247311828,2,3,2,55,98,182,0.9291928671131541,0.7421704963795958,0.9913513010287204,7,335
0.3,0.3,0.07,0.933179723502304,0.9416767922235723,0.9004647560030984,0.7788461538461539,0.8031088082901554,0.6440443213296398,0.9818181818181818,0.9841269841269841,1.0,3,5,0,46,76,257,0.9291858506188435,0.7419997611553164,0.9886483886483886,8,379
0.26,0.25,0.1,0.9314285714285714,0.936936936936937,0.911949685534591,0.7581395348837209,0.7703703703703704,0.6783625730994152,0.9878787878787879,0.9904761904761905,0.9978494623655914,2,3,1,52,93,220,0.929185303902285,0.7356241594511689,0.9920681469068565,6,365
0.24,0.21,0.18,0.9261363636363638,0.9324566646742379,0.9318273497377975,0.740909090909091,0.7554479418886199,0.7463651050080775,0.9878787878787879,0.9904761904761905,0.9935483870967742,2,3,3,57,101,157,0.9291706511680128,0.7475740459352629,0.9906344551505842,8,315
0.24,0.22,0.16,0.9261363636363638,0.933572710951526,0.9300924065889916,0.740909090909091,0.7591240875912408,0.7360890302066773,0.9878787878787879,0.9904761904761905,0.9956989247311828,2,3,2,57,99,166,0.929158476421438,0.745374069569003,0.9913513010287204,7,322
0.27,0.15,0.15,0.9324942791762013,0.9253819036427733,0.9263705482192878,0.7616822429906542,0.7126696832579186,0.7245696400625978,0.9878787878787879,1.0,0.9956989247311828,2,0,2,51,127,176,0.9291358203247903,0.732973855437057,0.9945259042033235,4,354
0.28,0.15,0.15,0.9324942791762013,0.9253819036427733,0.9263705482192878,0.7616822429906542,0.7126696832579186,0.7245696400625978,0.9878787878787879,1.0,0.9956989247311828,2,0,2,51,127,176,0.9291358203247903,0.732973855437057,0.9945259042033235,4,354
0.27,0.17,0.12,0.9324942791762013,0.9292035398230089,0.9206349206349207,0.7616822429906542,0.7241379310344828,0.703030303030303,0.9878787878787879,1.0,0.9978494623655914,2,0,1,51,120,196,0.9291351856619874,0.7296168256851466,0.9952427500814597,3,367
0.28,0.17,0.12,0.9324942791762013,0.9292035398230089,0.9206349206349207,0.7616822429906542,0.7241379310344828,0.703030303030303,0.9878787878787879,1.0,0.9978494623655914,2,0,1,51,120,196,0.9291351856619874,0.7296168256851466,0.9952427500814597,3,367
0.25,0.21,0.15,0.928246013667426,0.9324566646742379,0.9263705482192878,0.7477064220183486,0.7554479418886199,0.7245696400625978,0.9878787878787879,0.9904761904761905,0.9956989247311828,2,3,2,55,101,176,0.929134115879842,0.7425746679898554,0.9913513010287204,7,332
0.24,0.21,0.17,0.9261363636363638,0.9324566646742379,0.9315895372233401,0.740909090909091,0.7554479418886199,0.7408,0.9878787878787879,0.9904761904761905,0.9956989247311828,2,3,2,57,101,162,0.9291230886651213,0.7457190109325703,0.9913513010287204,7,320
0.24,0.22,0.2,0.9261363636363638,0.933572710951526,0.9299027552674232,0.740909090909091,0.7591240875912408,0.7549342105263158,0.9878787878787879,0.9904761904761905,0.9870967741935484,2,3,6,57,99,149,0.9291205461571244,0.7516557963422158,0.9884839175161755,11,305
0.26,0.22,0.11,0.9314285714285714,0.933572710951526,0.916633741604109,0.7581395348837209,0.7591240875912408,0.6915052160953801,0.9878787878787879,0.9904761904761905,0.9978494623655914,2,3,1,52,99,207,0.9291128473205654,0.7362562795234472,0.9920681469068565,6,358
0.3,0.19,0.11,0.933179723502304,0.9306461173681091,0.916633741604109,0.7788461538461539,0.7353629976580797,0.6915052160953801,0.9818181818181818,0.9968253968253968,0.9978494623655914,3,1,1,46,113,207,0.9291104452824066,0.7352381225332044,0.9921643470030567,5,366
0.29,0.17,0.14,0.9310344827586207,0.9292035398230089,0.9241516966067865,0.7714285714285715,0.7241379310344828,0.7178294573643411,0.9818181818181818,1.0,0.9956989247311828,3,0,2,48,120,182,0.9291086426475703,0.7377986532757985,0.9925057021831215,5,350
0.29,0.19,0.13,0.9310344827586207,0.9306461173681091,0.9219434488251693,0.7714285714285715,0.7353629976580797,0.7112135176651305,0.9818181818181818,0.9968253968253968,0.9956989247311828,3,1,2,48,113,188,0.929099766354777,0.7393350289172606,0.9914475011249205,6,349
0.24,0.24,0.15,0.9261363636363638,0.9358128374325134,0.9263705482192878,0.740909090909091,0.7665847665847666,0.7245696400625978,0.9878787878787879,0.9904761904761905,0.9956989247311828,2,3,2,57,95,176,0.9290861426917935,0.7440211658521517,0.9913513010287204,7,328
0.29,0.23,0.11,0.9310344827586207,0.934131736526946,0.916633741604109,0.7714285714285715,0.7609756097560976,0.6915052160953801,0.9818181818181818,0.9904761904761905,0.9978494623655914,3,3,1,48,98,207,0.929083510658216,0.7413031324266831,0.9900479448866545,7,353
0.3,0.28,0.07,0.933179723502304,0.9412832929782083,0.9004647560030984,0.7788461538461539,0.7933673469387755,0.6440443213296398,0.9818181818181818,0.9873015873015873,1.0,3,4,0,46,81,257,0.9290678008452342,0.738752607371523,0.9897065897065898,7,384
0.29,0.18,0.12,0.9310344827586207,0.9314015375517445,0.9206349206349207,0.7714285714285715,0.7308584686774942,0.703030303030303,0.9818181818181818,1.0,0.9978494623655914,3,0,1,48,116,196,0.9290646867718177,0.7351057810454562,0.9932225480612576,4,360
0.27,0.24,0.09,0.9324942791762013,0.9358128374325134,0.9103367267032106,0.7616822429906542,0.7665847665847666,0.670028818443804,0.9878787878787879,0.9904761904761905,1.0,2,3,0,51,95,229,0.9290583361584969,0.7327652760064084,0.9927849927849928,5,375
0.28,0.24,0.09,0.9324942791762013,0.9358128374325134,0.9103367267032106,0.7616822429906542,0.7665847665847666,0.670028818443804,0.9878787878787879,0.9904761904761905,1.0,2,3,0,51,95,229,0.9290583361584969,0.7327652760064084,0.9927849927849928,5,375
0.3,0.22,0.1,0.933179723502304,0.933572710951526,0.911949685534591,0.7788461538461539,0.7591240875912408,0.6783625730994152,0.9818181818181818,0.9904761904761905,0.9978494623655914,3,3,1,46,99,220,0.929051612143528,0.7387776048456033,0.9900479448866545,7,365
0.3,0.2,0.11,0.933179723502304,0.9304399524375744,0.916633741604109,0.7788461538461539,0.7417061611374408,0.6915052160953801,0.9818181818181818,0.9936507936507937,0.9978494623655914,3,2,1,46,109,207,0.9290485958032462,0.7373525103596582,0.9911061459448556,6,362
0.29,0.2,0.13,0.9310344827586207,0.9304399524375744,0.9219434488251693,0.7714285714285715,0.7417061611374408,0.7112135176651305,0.9818181818181818,0.9936507936507937,0.9956989247311828,3,2,2,48,109,188,0.9290379168756165,0.7414494167437143,0.9903893000667194,7,345
0.26,0.19,0.12,0.9314285714285714,0.9306461173681091,0.9206349206349207,0.7581395348837209,0.7353629976580797,0.703030303030303,0.9878787878787879,0.9968253968253968,0.9978494623655914,2,1,1,52,113,196,0.9290351050517025,0.7321776118573678,0.9941845490232586,4,361
0.3,0.15,0.14,0.933179723502304,0.9253819036427733,0.9241516966067865,0.7788461538461539,0.7126696832579186,0.7178294573643411,0.9818181818181818,1.0,0.9956989247311828,3,0,2,46,127,182,0.9290347721653414,0.7364484314894711,0.9925057021831215,5,355
0.3,0.25,0.08,0.933179723502304,0.936936936936937,0.9067862714508581,0.7788461538461539,0.7703703703703704,0.6605113636363636,0.9818181818181818,0.9904761904761905,1.0,3,3,0,46,93,239,0.9290281971224048,0.7365759626176294,0.9907647907647908,6,378
0.25,0.22,0.14,0.928246013667426,0.933572710951526,0.9241516966067865,0.7477064220183486,0.7591240875912408,0.7178294573643411,0.9878787878787879,0.9904761904761905,0.9956989247311828,2,3,2,55,99,182,0.9290251594405281,0.7415533223246435,0.9913513010287204,7,336
0.27,0.16,0.14,0.9324942791762013,0.926470588235294,0.9241516966067865,0.7616822429906542,0.7159090909090909,0.7178294573643411,0.9878787878787879,1.0,0.9956989247311828,2,0,2,51,125,182,0.9290186553800461,0.731806930421362,0.9945259042033235,4,358
0.28,0.16,0.14,0.9324942791762013,0.926470588235294,0.9241516966067865,0.7616822429906542,0.7159090909090909,0.7178294573643411,0.9878787878787879,1.0,0.9956989247311828,2,0,2,51,125,182,0.9290186553800461,0.731806930421362,0.9945259042033235,4,358
0.26,0.26,0.08,0.9314285714285714,0.9397590361445785,0.9067862714508581,0.7581395348837209,0.78,0.6605113636363636,0.9878787878787879,0.9904761904761905,1.0,2,3,0,52,88,239,0.9289992508478309,0.7328836328400282,0.9927849927849928,5,379
0.27,0.18,0.11,0.9324942791762013,0.9314015375517445,0.916633741604109,0.7616822429906542,0.7308584686774942,0.6915052160953801,0.9878787878787879,1.0,0.9978494623655914,2,0,1,51,116,207,0.9289943491744459,0.7280153092545095,0.9952427500814597,3,374
0.28,0.18,0.11,0.9324942791762013,0.9314015375517445,0.916633741604109,0.7616822429906542,0.7308584686774942,0.6915052160953801,0.9878787878787879,1.0,0.9978494623655914,2,0,1,51,116,207,0.9289943491744459,0.7280153092545095,0.9952427500814597,3,374
0.25,0.24,0.12,0.928246013667426,0.9358128374325134,0.9206349206349207,0.7477064220183486,0.7665847665847666,0.703030303030303,0.9878787878787879,0.9904761904761905,0.9978494623655914,2,3,1,55,95,196,0.9289938421904511,0.7391071638778061,0.9920681469068565,6,346
0.29,0.25,0.1,0.9310344827586207,0.936936936936937,0.911949685534591,0.7714285714285715,0.7703703703703704,0.6783625730994152,0.9818181818181818,0.9904761904761905,0.9978494623655914,3,3,1,48,93,220,0.9289882595673096,0.7400538382994523,0.9900479448866545,7,361
0.26,0.2,0.12,0.9314285714285714,0.9304399524375744,0.9206349206349207,0.7581395348837209,0.7417061611374408,0.703030303030303,0.9878787878787879,0.9936507936507937,0.9978494623655914,2,2,1,52,109,196,0.9289732555725421,0.7342919996838216,0.9931263479650575,5,357
0.26,0.16,0.15,0.9314285714285714,0.926470588235294,0.9263705482192878,0.7581395348837209,0.7159090909090909,0.7245696400625978,0.9878787878787879,1.0,0.9956989247311828,2,0,2,52,125,176,0.9289295718287315,0.7328727552851365,0.9945259042033235,4,353
0.3,0.16,0.13,0.933179723502304,0.926470588235294,0.9219434488251693,0.7788461538461539,0.7159090909090909,0.7112135176651305,0.9818181818181818,1.0,0.9956989247311828,3,0,2,46,125,188,0.9289197279867741,0.7353229208067917,0.9925057021831215,5,359
0.29,0.27,0.08,0.9310344827586207,0.9401451027811366,0.9067862714508581,0.7714285714285715,0.7893401015228426,0.6605113636363636,0.9818181818181818,0.9873015873015873,1.0,3,4,0,48,83,239,0.9289180265038228,0.7404266788625926,0.9897065897065898,7,370
0.29,0.22,0.11,0.9310344827586207,0.933572710951526,0.916633741604109,0.7714285714285715,0.7591240875912408,0.6915052160953801,0.9818181818181818,0.9904761904761905,0.9978494623655914,3,3,1,48,99,207,0.92891580298559,0.7406859583717308,0.9900479448866545,7,354
0.25,0.17,0.16,0.928246013667426,0.9292035398230089,0.9300924065889916,0.7477064220183486,0.7241379310344828,0.7360890302066773,0.9878787878787879,1.0,0.9956989247311828,2,0,2,55,120,166,0.9289025500984139,0.7359777944198362,0.9945259042033235,4,341
0.3,0.23,0.09,0.933179723502304,0.934131736526946,0.9103367267032106,0.7788461538461539,0.7609756097560976,0.670028818443804,0.9818181818181818,0.9904761904761905,1.0,3,3,0,46,98,229,0.928896728049878,0.7366168606820186,0.9907647907647908,6,373
0.27,0.23,0.1,0.9324942791762013,0.934131736526946,0.911949685534591,0.7616822429906542,0.7609756097560976,0.6783625730994152,0.9878787878787879,0.9904761904761905,0.9978494623655914,2,3,1,51,98,220,0.9288765976531026,0.7336734752820556,0.9920681469068565,6,369
0.28,0.23,0.1,0.9324942791762013,0.934131736526946,0.911949685534591,0.7616822429906542,0.7609756097560976,0.6783625730994152,0.9878787878787879,0.9904761904761905,0.9978494623655914,2,3,1,51,98,220,0.9288765976531026,0.7336734752820556,0.9920681469068565,6,369
0.26,0.17,0.13,0.9314285714285714,0.9292035398230089,0.9219434488251693,0.7581395348837209,0.7241379310344828,0.7112135176651305,0.9878787878787879,1.0,0.9956989247311828,2,0,2,52,120,188,0.9288640374262221,0.7311636611944446,0.9945259042033235,4,360
0.26,0.25,0.09,0.9314285714285714,0.936936936936937,0.9103367267032106,0.7581395348837209,0.7703703703703704,0.670028818443804,0.9878787878787879,0.9904761904761905,1.0,2,3,0,52,93,229,0.928862712136009,0.7328462412326319,0.9927849927849928,5,374
0.24,0.18,0.18,0.9261363636363638,0.9314015375517445,0.9318273497377975,0.740909090909091,0.7308584686774942,0.7463651050080775,0.9878787878787879,1.0,0.9935483870967742,2,0,3,57,116,157,0.9288541130312647,0.7393775548648875,0.9938090583251874,5,330
0.26,0.24,0.1,0.9314285714285714,0.9358128374325134,0.911949685534591,0.7581395348837209,0.7665847665847666,0.6783625730994152,0.9878787878787879,0.9904761904761905,0.9978494623655914,2,3,1,52,95,220,0.9288480740509579,0.7343622915226341,0.9920681469068565,6,367
0.29,0.19,0.12,0.9310344827586207,0.9306461173681091,0.9206349206349207,0.7714285714285715,0.7353629976580797,0.703030303030303,0.9818181818181818,0.9968253968253968,0.9978494623655914,3,1,1,48,113,196,0.9288380607167273,0.7366072907056513,0.9921643470030567,5,357
0.24,0.21,0.16,0.9261363636363638,0.9324566646742379,0.9300924065889916,0.740909090909091,0.7554479418886199,0.7360890302066773,0.9878787878787879,0.9904761904761905,0.9956989247311828,2,3,2,57,101,166,0.9288236625382515,0.7441486876681295,0.9913513010287204,7,324
0.25,0.18,0.15,0.928246013667426,0.9314015375517445,0.9263705482192878,0.7477064220183486,0.7308584686774942,0.7245696400625978,0.9878787878787879,1.0,0.9956989247311828,2,0,2,55,116,176,0.9288175777430939,0.7343781769194803,0.9945259042033235,4,347
0.24,0.18,0.17,0.9261363636363638,0.9314015375517445,0.9315895372233401,0.740909090909091,0.7308584686774942,0.7408,0.9878787878787879,1.0,0.9956989247311828,2,0,2,57,116,162,0.9288065505283732,0.737522519862195,0.9945259042033235,4,335
0.29,0.26,0.08,0.9310344827586207,0.9397590361445785,0.9067862714508581,0.7714285714285715,0.78,0.6605113636363636,0.9818181818181818,0.9904761904761905,1.0,3,3,0,48,88,239,0.9288022065128554,0.7373133116883118,0.9907647907647908,6,375
0.24,0.21,0.2,0.9261363636363638,0.9324566646742379,0.9299027552674232,0.740909090909091,0.7554479418886199,0.7549342105263158,0.9878787878787879,0.9904761904761905,0.9870967741935484,2,3,6,57,101,149,0.9287857322739379,0.7504304144413423,0.9884839175161755,11,307
0.26,0.21,0.11,0.9314285714285714,0.9324566646742379,0.916633741604109,0.7581395348837209,0.7554479418886199,0.6915052160953801,0.9878787878787879,0.9904761904761905,0.9978494623655914,2,3,1,52,101,207,0.928778033437379,0.7350308976225737,0.9920681469068565,6,360
0.29,0.2,0.12,0.9310344827586207,0.9304399524375744,0.9206349206349207,0.7714285714285715,0.7417061611374408,0.703030303030303,0.9818181818181818,0.9936507936507937,0.9978494623655914,3,2,1,48,109,196,0.9287762112375668,0.7387216785321051,0.9911061459448556,6,353
0.27,0.19,0.11,0.9324942791762013,0.9306461173681091,0.916633741604109,0.7616822429906542,0.7353629976580797,0.6915052160953801,0.9878787878787879,0.9968253968253968,0.9978494623655914,2,1,1,51,113,207,0.9287677231193552,0.7295168189147047,0.9941845490232586,4,371
0.28,0.19,0.11,0.9324942791762013,0.9306461173681091,0.916633741604109,0.7616822429906542,0.7353629976580797,0.6915052160953801,0.9878787878787879,0.9968253968253968,0.9978494623655914,2,1,1,51,113,207,0.9287677231193552,0.7295168189147047,0.9941845490232586,4,371
0.25,0.23,0.13,0.928246013667426,0.934131736526946,0.9219434488251693,0.7477064220183486,0.7609756097560976,0.7112135176651305,0.9878787878787879,0.9904761904761905,0.9956989247311828,2,3,2,55,98,188,0.9287512175568307,0.7399651831465256,0.9913513010287204,7,341
0.29,0.16,0.15,0.9310344827586207,0.926470588235294,0.9263705482192878,0.7714285714285715,0.7159090909090909,0.7245696400625978,0.9818181818181818,1.0,0.9956989247311828,3,0,2,48,125,176,0.9287325274937561,0.7373024341334201,0.9925057021831215,5,349
0.3,0.22,0.09,0.933179723502304,0.933572710951526,0.9103367267032106,0.7788461538461539,0.7591240875912408,0.670028818443804,0.9818181818181818,0.9904761904761905,1.0,3,3,0,46,99,229,0.928729020377252,0.7359996866270663,0.9907647907647908,6,374
0.3,0.27,0.07,0.933179723502304,0.9401451027811366,0.9004647560030984,0.7788461538461539,0.7893401015228426,0.6440443213296398,0.9818181818181818,0.9873015873015873,1.0,3,4,0,46,83,257,0.9287263437861126,0.7374101922328787,0.9897065897065898,7,386
0.28,0.28,0.07,0.9324942791762013,0.9412832929782083,0.9004647560030984,0.7616822429906542,0.7933673469387755,0.6440443213296398,0.9878787878787879,0.9873015873015873,1.0,2,4,0,51,81,257,0.9287250786821828,0.7330313037530232,0.9917267917267917,6,389
0.3,0.21,0.1,0.933179723502304,0.9324566646742379,0.911949685534591,0.7788461538461539,0.7554479418886199,0.6783625730994152,0.9818181818181818,0.9904761904761905,0.9978494623655914,3,3,1,46,101,220,0.9287167982603416,0.7375522229447297,0.9900479448866545,7,367
0.27,0.22,0.1,0.9324942791762013,0.933572710951526,0.911949685534591,0.7616822429906542,0.7591240875912408,0.6783625730994152,0.9878787878787879,0.9904761904761905,0.9978494623655914,2,3,1,51,99,220,0.9287088899804767,0.7330563012271035,0.9920681469068565,6,370
0.28,0.22,0.1,0.9324942791762013,0.933572710951526,0.911949685534591,0.7616822429906542,0.7591240875912408,0.6783625730994152,0.9878787878787879,0.9904761904761905,0.9978494623655914,2,3,1,51,99,220,0.9287088899804767,0.7330563012271035,0.9920681469068565,6,370
0.27,0.2,0.11,0.9324942791762013,0.9304399524375744,0.916633741604109,0.7616822429906542,0.7417061611374408,0.6915052160953801,0.9878787878787879,0.9936507936507937,0.9978494623655914,2,2,1,51,109,207,0.9287058736401947,0.7316312067411584,0.9931263479650575,5,367
0.28,0.2,0.11,0.9324942791762013,0.9304399524375744,0.916633741604109,0.7616822429906542,0.7417061611374408,0.6915052160953801,0.9878787878787879,0.9936507936507937,0.9978494623655914,2,2,1,51,109,207,0.9287058736401947,0.7316312067411584,0.9931263479650575,5,367
0.27,0.15,0.14,0.9324942791762013,0.9253819036427733,0.9241516966067865,0.7616822429906542,0.7126696832579186,0.7178294573643411,0.9878787878787879,1.0,0.9956989247311828,2,0,2,51,127,182,0.9286920500022899,0.7307271278709714,0.9945259042033235,4,360
0.28,0.15,0.14,0.9324942791762013,0.9253819036427733,0.9241516966067865,0.7616822429906542,0.7126696832579186,0.7178294573643411,0.9878787878787879,1.0,0.9956989247311828,2,0,2,51,127,182,0.9286920500022899,0.7307271278709714,0.9945259042033235,4,360
0.3,0.24,0.08,0.933179723502304,0.9358128374325134,0.9067862714508581,0.7788461538461539,0.7665847665847666,0.6605113636363636,0.9818181818181818,0.9904761904761905,1.0,3,3,0,46,95,239,0.9286909672710777,0.7353140946890947,0.9907647907647908,6,380
0.25,0.21,0.14,0.928246013667426,0.9324566646742379,0.9241516966067865,0.7477064220183486,0.7554479418886199,0.7178294573643411,0.9878787878787879,0.9904761904761905,0.9956989247311828,2,3,2,55,101,182,0.9286903455573416,0.7403279404237698,0.9913513010287204,7,338
0.27,0.25,0.08,0.9324942791762013,0.936936936936937,0.9067862714508581,0.7616822429906542,0.7703703703703704,0.6605113636363636,0.9878787878787879,0.9904761904761905,1.0,2,3,0,51,93,239,0.9286854749593534,0.7308546589991294,0.9927849927849928,5,383
0.28,0.25,0.08,0.9324942791762013,0.936936936936937,0.9067862714508581,0.7616822429906542,0.7703703703703704,0.6605113636363636,0.9878787878787879,0.9904761904761905,1.0,2,3,0,51,93,239,0.9286854749593534,0.7308546589991294,0.9927849927849928,5,383
0.3,0.17,0.11,0.933179723502304,0.9292035398230089,0.916633741604109,0.7788461538461539,0.7241379310344828,0.6915052160953801,0.9818181818181818,1.0,0.9978494623655914,3,0,1,46,120,207,0.9286776720188765,0.7314964336586721,0.9932225480612576,4,373
0.24,0.19,0.19,0.9261363636363638,0.9306461173681091,0.9320663162151235,0.740909090909091,0.7353629976580797,0.7520391517128875,0.9878787878787879,0.9968253968253968,0.9913978494623656,2,1,4,57,113,152,0.9286752802716394,0.742770413426686,0.9920340113888502,7,322
0.29,0.17,0.13,0.9310344827586207,0.9292035398230089,0.9219434488251693,0.7714285714285715,0.7241379310344828,0.7112135176651305,0.9818181818181818,1.0,0.9956989247311828,3,0,2,48,120,188,0.9286669930912469,0.7355933400427282,0.9925057021831215,5,356
0.29,0.25,0.09,0.9310344827586207,0.936936936936937,0.9103367267032106,0.7714285714285715,0.7703703703703704,0.670028818443804,0.9818181818181818,0.9904761904761905,1.0,3,3,0,48,93,229,0.9286656678010335,0.7372759200809154,0.9907647907647908,6,370
0.3,0.16,0.12,0.933179723502304,0.926470588235294,0.9206349206349207,0.7788461538461539,0.7159090909090909,0.703030303030303,0.9818181818181818,1.0,0.9978494623655914,3,0,1,46,125,196,0.9286580223487244,0.7325951825951825,0.9932225480612576,4,367
0.29,0.24,0.1,0.9310344827586207,0.9358128374325134,0.911949685534591,0.7714285714285715,0.7665847665847666,0.6783625730994152,0.9818181818181818,0.9904761904761905,0.9978494623655914,3,3,1,48,95,220,0.9286510297159826,0.7387919703709178,0.9900479448866545,7,363
0.24,0.24,0.14,0.9261363636363638,0.9358128374325134,0.9241516966067865,0.740909090909091,0.7665847665847666,0.7178294573643411,0.9878787878787879,0.9904761904761905,0.9956989247311828,2,3,2,57,95,182,0.9286423723692931,0.7417744382860662,0.9913513010287204,7,334
0.24,0.19,0.18,0.9261363636363638,0.9306461173681091,0.9318273497377975,0.740909090909091,0.7353629976580797,0.7463651050080775,0.9878787878787879,0.9968253968253968,0.9935483870967742,2,1,3,57,113,157,0.9286274869761741,0.7408790645250827,0.9927508572669863,6,327
0.24,0.2,0.19,0.9261363636363638,0.9304399524375744,0.9320663162151235,0.740909090909091,0.7417061611374408,0.7520391517128875,0.9878787878787879,0.9936507936507937,0.9913978494623656,2,2,4,57,109,152,0.9286134307924789,0.7448848012531397,0.9909758103306491,8,318
0.3,0.26,0.07,0.933179723502304,0.9397590361445785,0.9004647560030984,0.7788461538461539,0.78,0.6440443213296398,0.9818181818181818,0.9904761904761905,1.0,3,3,0,46,88,257,0.9286105237951452,0.734296825058598,0.9907647907647908,6,391
0.26,0.15,0.15,0.9314285714285714,0.9253819036427733,0.9263705482192878,0.7581395348837209,0.7126696832579186,0.7245696400625978,0.9878787878787879,1.0,0.9956989247311828,2,0,2,52,127,176,0.9286029664509753,0.7317929527347458,0.9945259042033235,4,355
0.26,0.17,0.12,0.9314285714285714,0.9292035398230089,0.9206349206349207,0.7581395348837209,0.7241379310344828,0.703030303030303,0.9878787878787879,1.0,0.9978494623655914,2,0,1,52,120,196,0.9286023317881724,0.7284359229828355,0.9952427500814597,3,368
0.3,0.15,0.13,0.933179723502304,0.9253819036427733,0.9219434488251693,0.7788461538461539,0.7126696832579186,0.7112135176651305,0.9818181818181818,1.0,0.9956989247311828,3,0,2,46,127,188,0.9285931226090179,0.734243118256401,0.9925057021831215,5,361
0.25,0.19,0.15,0.928246013667426,0.9306461173681091,0.9263705482192878,0.7477064220183486,0.7353629976580797,0.7245696400625978,0.9878787878787879,0.9968253968253968,0.9956989247311828,2,1,2,55,113,176,0.9285909516880033,0.7358796865796754,0.9934677031451224,5,344
0.25,0.22,0.13,0.928246013667426,0.933572710951526,0.9219434488251693,0.7477064220183486,0.7591240875912408,0.7112135176651305,0.9878787878787879,0.9904761904761905,0.9956989247311828,2,3,2,55,99,188,0.9285835098842047,0.7393480090915734,0.9913513010287204,7,342
0.24,0.23,0.15,0.9261363636363638,0.934131736526946,0.9263705482192878,0.740909090909091,0.7609756097560976,0.7245696400625978,0.9878787878787879,0.9904761904761905,0.9956989247311828,2,3,2,57,98,176,0.9285818124201233,0.7421514469092622,0.9913513010287204,7,331
0.29,0.21,0.11,0.9310344827586207,0.9324566646742379,0.916633741604109,0.7714285714285715,0.7554479418886199,0.6915052160953801,0.9818181818181818,0.9904761904761905,0.9978494623655914,3,3,1,48,101,207,0.9285809891024035,0.7394605764708571,0.9900479448866545,7,356
0.24,0.19,0.17,0.9261363636363638,0.9306461173681091,0.9315895372233401,0.740909090909091,0.7353629976580797,0.7408,0.9878787878787879,0.9968253968253968,0.9956989247311828,2,1,2,57,113,162,0.9285799244732826,0.7390240295223903,0.9934677031451224,5,332
0.27,0.16,0.13,0.9324942791762013,0.926470588235294,0.9219434488251693,0.7616822429906542,0.7159090909090909,0.7112135176651305,0.9878787878787879,1.0,0.9956989247311828,2,0,2,51,125,188,0.9285770058237227,0.7296016171882919,0.9945259042033235,4,364
0.28,0.16,0.13,0.9324942791762013,0.926470588235294,0.9219434488251693,0.7616822429906542,0.7159090909090909,0.7112135176651305,0.9878787878787879,1.0,0.9956989247311828,2,0,2,51,125,188,0.9285770058237227,0.7296016171882919,0.9945259042033235,4,364
0.24,0.2,0.18,0.9261363636363638,0.9304399524375744,0.9318273497377975,0.740909090909091,0.7417061611374408,0.7463651050080775,0.9878787878787879,0.9936507936507937,0.9935483870967742,2,2,3,57,109,157,0.9285656374970137,0.7429934523515364,0.9916926562087852,7,323
0.27,0.23,0.09,0.9324942791762013,0.934131736526946,0.9103367267032106,0.7616822429906542,0.7609756097560976,0.670028818443804,0.9878787878787879,0.9904761904761905,1.0,2,3,0,51,98,229,0.9285540058868266,0.7308955570635186,0.9927849927849928,5,378
0.28,0.23,0.09,0.9324942791762013,0.934131736526946,0.9103367267032106,0.7616822429906542,0.7609756097560976,0.670028818443804,0.9878787878787879,0.9904761904761905,1.0,2,3,0,51,98,229,0.9285540058868266,0.7308955570635186,0.9927849927849928,5,378
0.25,0.25,0.11,0.928246013667426,0.936936936936937,0.916633741604109,0.7477064220183486,0.7703703703703704,0.6915052160953801,0.9878787878787879,0.9904761904761905,0.9978494623655914,2,3,1,55,93,207,0.9285308362356159,0.7365273361613663,0.9920681469068565,6,355
0.25,0.2,0.15,0.928246013667426,0.9304399524375744,0.9263705482192878,0.7477064220183486,0.7417061611374408,0.7245696400625978,0.9878787878787879,0.9936507936507937,0.9956989247311828,2,2,2,55,109,176,0.9285291022088429,0.7379940744061292,0.9924095020869214,6,340
0.26,0.24,0.09,0.9314285714285714,0.9358128374325134,0.9103367267032106,0.7581395348837209,0.7665847665847666,0.670028818443804,0.9878787878787879,0.9904761904761905,1.0,2,3,0,52,95,229,0.9285254822846819,0.7315843733040972,0.9927849927849928,5,376
0.24,0.2,0.17,0.9261363636363638,0.9304399524375744,0.9315895372233401,0.740909090909091,0.7417061611374408,0.7408,0.9878787878787879,0.9936507936507937,0.9956989247311828,2,2,2,57,109,162,0.9285180749941222,0.7411384173488439,0.9924095020869214,6,328
0.24,0.18,0.16,0.9261363636363638,0.9314015375517445,0.9300924065889916,0.740909090909091,0.7308584686774942,0.7360890302066773,0.9878787878787879,1.0,0.9956989247311828,2,0,2,57,116,166,0.9285071244015035,0.7359521965977541,0.9945259042033235,4,339
0.25,0.23,0.12,0.928246013667426,0.934131736526946,0.9206349206349207,0.7477064220183486,0.7609756097560976,0.703030303030303,0.9878787878787879,0.9904761904761905,0.9978494623655914,2,3,1,55,98,196,0.9284895119187809,0.7372374449349164,0.9920681469068565,6,349
0.26,0.16,0.14,0.9314285714285714,0.926470588235294,0.9241516966067865,0.7581395348837209,0.7159090909090909,0.7178294573643411,0.9878787878787879,1.0,0.9956989247311828,2,0,2,52,125,182,0.9284858015062312,0.730626027719051,0.9945259042033235,4,359
0.26,0.18,0.11,0.9314285714285714,0.9314015375517445,0.916633741604109,0.7581395348837209,0.7308584686774942,0.6915052160953801,0.9878787878787879,1.0,0.9978494623655914,2,0,1,52,116,207,0.9284614953006309,0.7268344065521983,0.9952427500814597,3,375
0.24,0.22,0.15,0.9261363636363638,0.933572710951526,0.9263705482192878,0.740909090909091,0.7591240875912408,0.7245696400625978,0.9878787878787879,0.9904761904761905,0.9956989247311828,2,3,2,57,99,176,0.9284141047474973,0.7415342728543098,0.9913513010287204,7,332
0.29,0.15,0.15,0.9310344827586207,0.9253819036427733,0.9263705482192878,0.7714285714285715,0.7126696832579186,0.7245696400625978,0.9818181818181818,1.0,0.9956989247311828,3,0,2,48,127,176,0.9284059221159999,0.7362226315830293,0.9925057021831215,5,351
0.29,0.17,0.12,0.9310344827586207,0.9292035398230089,0.9206349206349207,0.7714285714285715,0.7241379310344828,0.703030303030303,0.9818181818181818,1.0,0.9978494623655914,3,0,1,48,120,196,0.9284052874531972,0.732865601831119,0.9932225480612576,4,364
0.3,0.18,0.1,0.933179723502304,0.9314015375517445,0.911949685534591,0.7788461538461539,0.7308584686774942,0.6783625730994152,0.9818181818181818,1.0,0.9978494623655914,3,0,1,46,116,220,0.9284002601235936,0.7293557318743543,0.9932225480612576,4,382
0.3,0.21,0.09,0.933179723502304,0.9324566646742379,0.9103367267032106,0.7788461538461539,0.7554479418886199,0.670028818443804,0.9818181818181818,0.9904761904761905,1.0,3,3,0,46,101,229,0.9283942064940656,0.7347743047261925,0.9907647907647908,6,376
0.27,0.22,0.09,0.9324942791762013,0.933572710951526,0.9103367267032106,0.7616822429906542,0.7591240875912408,0.670028818443804,0.9878787878787879,0.9904761904761905,1.0,2,3,0,51,99,229,0.9283862982142007,0.7302783830085664,0.9927849927849928,5,379
0.28,0.22,0.09,0.9324942791762013,0.933572710951526,0.9103367267032106,0.7616822429906542,0.7591240875912408,0.670028818443804,0.9878787878787879,0.9904761904761905,1.0,2,3,0,51,99,229,0.9283862982142007,0.7302783830085664,0.9927849927849928,5,379
0.27,0.27,0.07,0.9324942791762013,0.9401451027811366,0.9004647560030984,0.7616822429906542,0.7893401015228426,0.6440443213296398,0.9878787878787879,0.9873015873015873,1.0,2,4,0,51,83,257,0.9283836216230614,0.731688888614379,0.9917267917267917,6,391
0.28,0.27,0.07,0.9324942791762013,0.9401451027811366,0.9004647560030984,0.7616822429906542,0.7893401015228426,0.6440443213296398,0.9878787878787879,0.9873015873015873,1.0,2,4,0,51,83,257,0.9283836216230614,0.731688888614379,0.9917267917267917,6,391
0.27,0.21,0.1,0.9324942791762013,0.9324566646742379,0.911949685534591,0.7616822429906542,0.7554479418886199,0.6783625730994152,0.9878787878787879,0.9904761904761905,0.9978494623655914,2,3,1,51,101,220,0.9283740760972903,0.7318309193262298,0.9920681469068565,6,372
0.28,0.21,0.1,0.9324942791762013,0.9324566646742379,0.911949685534591,0.7616822429906542,0.7554479418886199,0.6783625730994152,0.9878787878787879,0.9904761904761905,0.9978494623655914,2,3,1,51,101,220,0.9283740760972903,0.7318309193262298,0.9920681469068565,6,372
0.25,0.18,0.14,0.928246013667426,0.9314015375517445,0.9241516966067865,0.7477064220183486,0.7308584686774942,0.7178294573643411,0.9878787878787879,1.0,0.9956989247311828,2,0,2,55,116,182,0.9283738074205936,0.7321314493533947,0.9945259042033235,4,353
0.27,0.24,0.08,0.9324942791762013,0.9358128374325134,0.9067862714508581,0.7616822429906542,0.7665847665847666,0.6605113636363636,0.9878787878787879,0.9904761904761905,1.0,2,3,0,51,95,239,0.9283482451080263,0.7295927910705949,0.9927849927849928,5,385
0.28,0.24,0.08,0.9324942791762013,0.9358128374325134,0.9067862714508581,0.7616822429906542,0.7665847665847666,0.6605113636363636,0.9878787878787879,0.9904761904761905,1.0,2,3,0,51,95,239,0.9283482451080263,0.7295927910705949,0.9927849927849928,5,385
0.26,0.23,0.1,0.9314285714285714,0.934131736526946,0.911949685534591,0.7581395348837209,0.7609756097560976,0.6783625730994152,0.9878787878787879,0.9904761904761905,0.9978494623655914,2,3,1,52,98,220,0.9283437437792876,0.7324925725797445,0.9920681469068565,6,370
0.29,0.29,0.07,0.9310344827586207,0.9424242424242424,0.9004647560030984,0.7714285714285715,0.7974358974358975,0.6440443213296398,0.9818181818181818,0.9873015873015873,1.0,3,4,0,48,79,257,0.9283374653072027,0.7376362633980363,0.9897065897065898,7,384
0.27,0.17,0.11,0.9324942791762013,0.9292035398230089,0.916633741604109,0.7616822429906542,0.7241379310344828,0.6915052160953801,0.9878787878787879,1.0,0.9978494623655914,2,0,1,51,120,207,0.9283349498558251,0.7257751300401724,0.9952427500814597,3,378
0.28,0.17,0.11,0.9324942791762013,0.9292035398230089,0.916633741604109,0.7616822429906542,0.7241379310344828,0.6915052160953801,0.9878787878787879,1.0,0.9978494623655914,2,0,1,51,120,207,0.9283349498558251,0.7257751300401724,0.9952427500814597,3,378
0.3,0.15,0.12,0.933179723502304,0.9253819036427733,0.9206349206349207,0.7788461538461539,0.7126696832579186,0.703030303030303,0.9818181818181818,1.0,0.9978494623655914,3,0,1,46,127,196,0.9283314169709682,0.7315153800447919,0.9932225480612576,4,369
0.29,0.24,0.09,0.9310344827586207,0.9358128374325134,0.9103367267032106,0.7714285714285715,0.7665847665847666,0.670028818443804,0.9818181818181818,0.9904761904761905,1.0,3,3,0,48,95,229,0.9283284379497065,0.7360140521523807,0.9907647907647908,6,372
0.25,0.22,0.12,0.928246013667426,0.933572710951526,0.9206349206349207,0.7477064220183486,0.7591240875912408,0.703030303030303,0.9878787878787879,0.9904761904761905,0.9978494623655914,2,3,1,55,99,196,0.928321804246155,0.7366202708799642,0.9920681469068565,6,350
0.27,0.16,0.12,0.9324942791762013,0.926470588235294,0.9206349206349207,0.7616822429906542,0.7159090909090909,0.703030303030303,0.9878787878787879,1.0,0.9978494623655914,2,0,1,51,125,196,0.928315300185673,0.7268738789766828,0.9952427500814597,3,372
0.28,0.16,0.12,0.9324942791762013,0.926470588235294,0.9206349206349207,0.7616822429906542,0.7159090909090909,0.703030303030303,0.9878787878787879,1.0,0.9978494623655914,2,0,1,51,125,196,0.928315300185673,0.7268738789766828,0.9952427500814597,3,372
0.29,0.16,0.14,0.9310344827586207,0.926470588235294,0.9241516966067865,0.7714285714285715,0.7159090909090909,0.7178294573643411,0.9818181818181818,1.0,0.9956989247311828,3,0,2,48,125,182,0.9282887571712558,0.7350557065673344,0.9925057021831215,5,355
0.24,0.19,0.16,0.9261363636363638,0.9306461173681091,0.9300924065889916,0.740909090909091,0.7353629976580797,0.7360890302066773,0.9878787878787879,0.9968253968253968,0.9956989247311828,2,1,2,57,113,166,0.9282804983464129,0.7374537062579494,0.9934677031451224,5,336
0.27,0.26,0.07,0.9324942791762013,0.9397590361445785,0.9004647560030984,0.7616822429906542,0.78,0.6440443213296398,0.9878787878787879,0.9904761904761905,1.0,2,3,0,51,88,257,0.928267801632094,0.7285755214400981,0.9927849927849928,5,396
0.28,0.26,0.07,0.9324942791762013,0.9397590361445785,0.9004647560030984,0.7616822429906542,0.78,0.6440443213296398,0.9878787878787879,0.9904761904761905,1.0,2,3,0,51,88,257,0.928267801632094,0.7285755214400981,0.9927849927849928,5,396
0.29,0.18,0.11,0.9310344827586207,0.9314015375517445,0.916633741604109,0.7714285714285715,0.7308584686774942,0.6915052160953801,0.9818181818181818,1.0,0.9978494623655914,3,0,1,48,116,207,0.9282644509656555,0.7312640854004818,0.9932225480612576,4,371
0.27,0.15,0.13,0.9324942791762013,0.9253819036427733,0.9219434488251693,0.7616822429906542,0.7126696832579186,0.7112135176651305,0.9878787878787879,1.0,0.9956989247311828,2,0,2,51,127,188,0.9282504004459665,0.7285218146379012,0.9945259042033235,4,366
0.28,0.15,0.13,0.9324942791762013,0.9253819036427733,0.9219434488251693,0.7616822429906542,0.7126696832579186,0.7112135176651305,0.9878787878787879,1.0,0.9956989247311828,2,0,2,51,127,188,0.9282504004459665,0.7285218146379012,0.9945259042033235,4,366
0.25,0.21,0.13,0.928246013667426,0.9324566646742379,0.9219434488251693,0.7477064220183486,0.7554479418886199,0.7112135176651305,0.9878787878787879,0.9904761904761905,0.9956989247311828,2,3,2,55,101,188,0.9282486960010182,0.7381226271906997,0.9913513010287204,7,344
0.26,0.19,0.11,0.9314285714285714,0.9306461173681091,0.916633741604109,0.7581395348837209,0.7353629976580797,0.6915052160953801,0.9878787878787879,0.9968253968253968,0.9978494623655914,2,1,1,52,113,207,0.9282348692455402,0.7283359162123935,0.9941845490232586,4,372
0.24,0.2,0.16,0.9261363636363638,0.9304399524375744,0.9300924065889916,0.740909090909091,0.7417061611374408,0.7360890302066773,0.9878787878787879,0.9936507936507937,0.9956989247311828,2,2,2,57,109,166,0.9282186488672525,0.739568094084403,0.9924095020869214,6,332
0.24,0.24,0.13,0.9261363636363638,0.9358128374325134,0.9219434488251693,0.740909090909091,0.7665847665847666,0.7112135176651305,0.9878787878787879,0.9904761904761905,0.9956989247311828,2,3,2,57,95,188,0.9282007228129697,0.739569125052996,0.9913513010287204,7,340
0.25,0.24,0.11,0.928246013667426,0.9358128374325134,0.916633741604109,0.7477064220183486,0.7665847665847666,0.6915052160953801,0.9878787878787879,0.9904761904761905,0.9978494623655914,2,3,1,55,95,207,0.9281936063842888,0.7352654682328318,0.9920681469068565,6,357
0.3,0.23,0.08,0.933179723502304,0.934131736526946,0.9067862714508581,0.7788461538461539,0.7609756097560976,0.6605113636363636,0.9818181818181818,0.9904761904761905,1.0,3,3,0,46,98,239,0.9281866369994074,0.7334443757462051,0.9907647907647908,6,383
0.24,0.2,0.2,0.9261363636363638,0.9304399524375744,0.9299027552674232,0.740909090909091,0.7417061611374408,0.7549342105263158,0.9878787878787879,0.9936507936507937,0.9870967741935484,2,2,6,57,109,149,0.9281807186029388,0.7458498208576159,0.9895421185743766,10,315
0.26,0.22,0.1,0.9314285714285714,0.933572710951526,0.911949685534591,0.7581395348837209,0.7591240875912408,0.6783625730994152,0.9878787878787879,0.9904761904761905,0.9978494623655914,2,3,1,52,99,220,0.9281760361066618,0.7318753985247923,0.9920681469068565,6,371
0.3,0.19,0.1,0.933179723502304,0.9306461173681091,0.911949685534591,0.7788461538461539,0.7353629976580797,0.6783625730994152,0.9818181818181818,0.9968253968253968,0.9978494623655914,3,1,1,46,113,220,0.928173634068503,0.7308572415345496,0.9921643470030567,5,379
0.26,0.2,0.11,0.9314285714285714,0.9304399524375744,0.916633741604109,0.7581395348837209,0.7417061611374408,0.6915052160953801,0.9878787878787879,0.9936507936507937,0.9978494623655914,2,2,1,52,109,207,0.9281730197663798,0.7304503040388473,0.9931263479650575,5,368
0.3,0.29,0.06,0.933179723502304,0.9424242424242424,0.8942307692307693,0.7788461538461539,0.7974358974358975,0.6283783783783784,0.9818181818181818,0.9873015873015873,1.0,3,4,0,46,79,275,0.9281632883245786,0.73488680988681,0.9897065897065898,7,400
0.26,0.15,0.14,0.9314285714285714,0.9253819036427733,0.9241516966067865,0.7581395348837209,0.7126696832579186,0.7178294573643411,0.9878787878787879,1.0,0.9956989247311828,2,0,2,52,127,182,0.928159196128475,0.7295462251686602,0.9945259042033235,4,361
0.25,0.17,0.15,0.928246013667426,0.9292035398230089,0.9263705482192878,0.7477064220183486,0.7241379310344828,0.7245696400625978,0.9878787878787879,1.0,0.9956989247311828,2,0,2,55,120,176,0.9281581784244732,0.7321379977051431,0.9945259042033235,4,351
0.26,0.25,0.08,0.9314285714285714,0.936936936936937,0.9067862714508581,0.7581395348837209,0.7703703703703704,0.6605113636363636,0.9878787878787879,0.9904761904761905,1.0,2,3,0,52,93,239,0.9281526210855384,0.7296737562968184,0.9927849927849928,5,384
0.25,0.19,0.14,0.928246013667426,0.9306461173681091,0.9241516966067865,0.7477064220183486,0.7353629976580797,0.7178294573643411,0.9878787878787879,0.9968253968253968,0.9956989247311828,2,1,2,55,113,182,0.928147181365503,0.7336329590135898,0.9934677031451224,5,350
0.24,0.17,0.17,0.9261363636363638,0.9292035398230089,0.9315895372233401,0.740909090909091,0.7241379310344828,0.7408,0.9878787878787879,1.0,0.9956989247311828,2,0,2,57,120,162,0.9281471512097526,0.735282340647858,0.9945259042033235,4,339
0.29,0.23,0.1,0.9310344827586207,0.934131736526946,0.911949685534591,0.7714285714285715,0.7609756097560976,0.6783625730994152,0.9818181818181818,0.9904761904761905,0.9978494623655914,3,3,1,48,98,220,0.9281466994443124,0.7369222514280281,0.9900479448866545,7,366
0.24,0.23,0.14,0.9261363636363638,0.934131736526946,0.9241516966067865,0.740909090909091,0.7609756097560976,0.7178294573643411,0.9878787878787879,0.9904761904761905,0.9956989247311828,2,3,2,57,98,182,0.928138042097623,0.7399047193431766,0.9913513010287204,7,337
0.3,0.2,0.1,0.933179723502304,0.9304399524375744,0.911949685534591,0.7788461538461539,0.7417061611374408,0.6783625730994152,0.9818181818181818,0.9936507936507937,0.9978494623655914,3,2,1,46,109,220,0.9281117845893425,0.7329716293610034,0.9911061459448556,6,375
0.25,0.2,0.14,0.928246013667426,0.9304399524375744,0.9241516966067865,0.7477064220183486,0.7417061611374408,0.7178294573643411,0.9878787878787879,0.9936507936507937,0.9956989247311828,2,2,2,55,109,182,0.9280853318863426,0.7357473468400434,0.9924095020869214,6,346
0.25,0.16,0.16,0.928246013667426,0.926470588235294,0.9300924065889916,0.7477064220183486,0.7159090909090909,0.7360890302066773,0.9878787878787879,1.0,0.9956989247311828,2,0,2,55,125,166,0.9280826646220994,0.7332348477113723,0.9945259042033235,4,346
0.24,0.21,0.15,0.9261363636363638,0.9324566646742379,0.9263705482192878,0.740909090909091,0.7554479418886199,0.7245696400625978,0.9878787878787879,0.9904761904761905,0.9956989247311828,2,3,2,57,101,176,0.9280792908643108,0.7403088909534362,0.9913513010287204,7,334
0.3,0.18,0.09,0.933179723502304,0.9314015375517445,0.9103367267032106,0.7788461538461539,0.7308584686774942,0.670028818443804,0.9818181818181818,1.0,1.0,3,0,0,46,116,229,0.9280776683573175,0.7265778136558173,0.993939393939394,3,391
0.27,0.18,0.1,0.9324942791762013,0.9314015375517445,0.911949685534591,0.7616822429906542,0.7308584686774942,0.6783625730994152,0.9878787878787879,1.0,0.9978494623655914,2,0,1,51,116,220,0.9280575379605422,0.7236344282558544,0.9952427500814597,3,387
0.28,0.18,0.1,0.9324942791762013,0.9314015375517445,0.911949685534591,0.7616822429906542,0.7308584686774942,0.6783625730994152,0.9878787878787879,1.0,0.9978494623655914,2,0,1,51,116,220,0.9280575379605422,0.7236344282558544,0.9952427500814597,3,387
0.27,0.21,0.09,0.9324942791762013,0.9324566646742379,0.9103367267032106,0.7616822429906542,0.7554479418886199,0.670028818443804,0.9878787878787879,0.9904761904761905,1.0,2,3,0,51,101,229,0.9280514843310143,0.7290530011076927,0.9927849927849928,5,381
0.28,0.21,0.09,0.9324942791762013,0.9324566646742379,0.9103367267032106,0.7616822429906542,0.7554479418886199,0.670028818443804,0.9878787878787879,0.9904761904761905,1.0,2,3,0,51,101,229,0.9280514843310143,0.7290530011076927,0.9927849927849928,5,381
0.26,0.16,0.13,0.9314285714285714,0.926470588235294,0.9219434488251693,0.7581395348837209,0.7159090909090909,0.7112135176651305,0.9878787878787879,1.0,0.9956989247311828,2,0,2,52,125,188,0.9280441519499077,0.7284207144859808,0.9945259042033235,4,365
0.29,0.19,0.11,0.9310344827586207,0.9306461173681091,0.916633741604109,0.7714285714285715,0.7353629976580797,0.6915052160953801,0.9818181818181818,0.9968253968253968,0.9978494623655914,3,1,1,48,113,207,0.928037824910565,0.7327655950606772,0.9921643470030567,5,368
0.26,0.23,0.09,0.9314285714285714,0.934131736526946,0.9103367267032106,0.7581395348837209,0.7609756097560976,0.670028818443804,0.9878787878787879,0.9904761904761905,1.0,2,3,0,52,98,229,0.9280211520130116,0.7297146543612075,0.9927849927849928,5,379
0.3,0.22,0.08,0.933179723502304,0.933572710951526,0.9067862714508581,0.7788461538461539,0.7591240875912408,0.6605113636363636,0.9818181818181818,0.9904761904761905,1.0,3,3,0,46,99,239,0.9280189293267815,0.7328272016912528,0.9907647907647908,6,384
0.29,0.28,0.07,0.9310344827586207,0.9412832929782083,0.9004647560030984,0.7714285714285715,0.7933673469387755,0.6440443213296398,0.9818181818181818,0.9873015873015873,1.0,3,4,0,48,81,257,0.9279951804733926,0.7362800798989957,0.9897065897065898,7,386
0.27,0.15,0.12,0.9324942791762013,0.9253819036427733,0.9206349206349207,0.7616822429906542,0.7126696832579186,0.703030303030303,0.9878787878787879,1.0,0.9978494623655914,2,0,1,51,127,196,0.9279886948079168,0.725794076426292,0.9952427500814597,3,374
0.28,0.15,0.12,0.9324942791762013,0.9253819036427733,0.9206349206349207,0.7616822429906542,0.7126696832579186,0.703030303030303,0.9878787878787879,1.0,0.9978494623655914,2,0,1,51,127,196,0.9279886948079168,0.725794076426292,0.9952427500814597,3,374
0.25,0.21,0.12,0.928246013667426,0.9324566646742379,0.9206349206349207,0.7477064220183486,0.7554479418886199,0.703030303030303,0.9878787878787879,0.9904761904761905,0.9978494623655914,2,3,1,55,101,196,0.9279869903629685,0.7353948889790906,0.9920681469068565,6,352
0.29,0.22,0.1,0.9310344827586207,0.933572710951526,0.911949685534591,0.7714285714285715,0.7591240875912408,0.6783625730994152,0.9818181818181818,0.9904761904761905,0.9978494623655914,3,3,1,48,99,220,0.9279789917716863,0.7363050773730757,0.9900479448866545,7,367
0.29,0.2,0.11,0.9310344827586207,0.9304399524375744,0.916633741604109,0.7714285714285715,0.7417061611374408,0.6915052160953801,0.9818181818181818,0.9936507936507937,0.9978494623655914,3,2,1,48,109,207,0.9279759754314045,0.7348799828871307,0.9911061459448556,6,364
0.24,0.22,0.14,0.9261363636363638,0.933572710951526,0.9241516966067865,0.740909090909091,0.7591240875912408,0.7178294573643411,0.9878787878787879,0.9904761904761905,0.9956989247311828,2,3,2,57,99,182,0.927970334424997,0.7392875452882244,0.9913513010287204,7,338
0.29,0.15,0.14,0.9310344827586207,0.9253819036427733,0.9241516966067865,0.7714285714285715,0.7126696832579186,0.7178294573643411,0.9818181818181818,1.0,0.9956989247311828,3,0,2,48,127,182,0.9279621517934996,0.7339759040169437,0.9925057021831215,5,357
0.29,0.25,0.08,0.9310344827586207,0.936936936936937,0.9067862714508581,0.7714285714285715,0.7703703703703704,0.6605113636363636,0.9818181818181818,0.9904761904761905,1.0,3,3,0,48,93,239,0.927955576750563,0.7341034351451019,0.9907647907647908,6,380
0.3,0.3,0.06,0.933179723502304,0.9416767922235723,0.8942307692307693,0.7788461538461539,0.8031088082901554,0.6283783783783784,0.9818181818181818,0.9841269841269841,1.0,3,5,0,46,76,275,0.9279390532643776,0.7367777801715626,0.9886483886483886,8,397
0.24,0.24,0.12,0.9261363636363638,0.9358128374325134,0.9206349206349207,0.740909090909091,0.7665847665847666,0.703030303030303,0.9878787878787879,0.9904761904761905,0.9978494623655914,2,3,1,57,95,196,0.92793901717492,0.7368413868413869,0.9920681469068565,6,348
0.25,0.18,0.13,0.928246013667426,0.9314015375517445,0.9219434488251693,0.7477064220183486,0.7308584686774942,0.7112135176651305,0.9878787878787879,1.0,0.9956989247311828,2,0,2,55,116,188,0.9279321578642702,0.7299261361203245,0.9945259042033235,4,359
0.3,0.14,0.14,0.933179723502304,0.9215915740198947,0.9241516966067865,0.7788461538461539,0.7015590200445434,0.7178294573643411,0.9818181818181818,1.0,0.9956989247311828,3,0,2,46,134,182,0.9278976732784777,0.7327448770850128,0.9925057021831215,5,362
0.3,0.16,0.11,0.933179723502304,0.926470588235294,0.916633741604109,0.7788461538461539,0.7159090909090909,0.6915052160953801,0.9818181818181818,1.0,0.9978494623655914,3,0,1,46,125,207,0.9278577865425621,0.7287534869502084,0.9932225480612576,4,378
0.26,0.22,0.09,0.9314285714285714,0.933572710951526,0.9103367267032106,0.7581395348837209,0.7591240875912408,0.670028818443804,0.9878787878787879,0.9904761904761905,1.0,2,3,0,52,99,229,0.9278534443403857,0.7290974803062552,0.9927849927849928,5,380
0.3,0.19,0.09,0.933179723502304,0.9306461173681091,0.9103367267032106,0.7788461538461539,0.7353629976580797,0.670028818443804,0.9818181818181818,0.9968253968253968,1.0,3,1,0,46,113,229,0.9278510423022269,0.7280793233160124,0.9928811928811929,4,388
0.24,0.17,0.16,0.9261363636363638,0.9292035398230089,0.9300924065889916,0.740909090909091,0.7241379310344828,0.7360890302066773,0.9878787878787879,1.0,0.9956989247311828,2,0,2,57,120,166,0.9278477250828828,0.7337120173834171,0.9945259042033235,4,343
0.29,0.16,0.13,0.9310344827586207,0.926470588235294,0.9219434488251693,0.7714285714285715,0.7159090909090909,0.7112135176651305,0.9818181818181818,1.0,0.9956989247311828,3,0,2,48,125,188,0.9278471076149324,0.7328503933342643,0.9925057021831215,5,361
0.27,0.23,0.08,0.9324942791762013,0.934131736526946,0.9067862714508581,0.7616822429906542,0.7609756097560976,0.6605113636363636,0.9878787878787879,0.9904761904761905,1.0,2,3,0,51,98,239,0.927843914836356,0.7277230721277052,0.9927849927849928,5,388
0.28,0.23,0.08,0.9324942791762013,0.934131736526946,0.9067862714508581,0.7616822429906542,0.7609756097560976,0.6605113636363636,0.9878787878787879,0.9904761904761905,1.0,2,3,0,51,98,239,0.927843914836356,0.7277230721277052,0.9927849927849928,5,388
0.26,0.21,0.1,0.9314285714285714,0.9324566646742379,0.911949685534591,0.7581395348837209,0.7554479418886199,0.6783625730994152,0.9878787878787879,0.9904761904761905,0.9978494623655914,2,3,1,52,101,220,0.9278412222234753,0.7306500166239186,0.9920681469068565,6,373
0.27,0.19,0.1,0.9324942791762013,0.9306461173681091,0.911949685534591,0.7616822429906542,0.7353629976580797,0.6783625730994152,0.9878787878787879,0.9968253968253968,0.9978494623655914,2,1,1,51,113,220,0.9278309119054515,0.7251359379160496,0.9941845490232586,4,384
0.28,0.19,0.1,0.9324942791762013,0.9306461173681091,0.911949685534591,0.7616822429906542,0.7353629976580797,0.6783625730994152,0.9878787878787879,0.9968253968253968,0.9978494623655914,2,1,1,51,113,220,0.9278309119054515,0.7251359379160496,0.9941845490232586,4,384
0.29,0.23,0.09,0.9310344827586207,0.934131736526946,0.9103367267032106,0.7714285714285715,0.7609756097560976,0.670028818443804,0.9818181818181818,0.9904761904761905,1.0,3,3,0,48,98,229,0.9278241076780364,0.7341443332094911,0.9907647907647908,6,375
0.3,0.28,0.06,0.933179723502304,0.9412832929782083,0.8942307692307693,0.7788461538461539,0.7933673469387755,0.6283783783783784,0.9818181818181818,0.9873015873015873,1.0,3,4,0,46,81,275,0.9278210034907683,0.7335306263877692,0.9897065897065898,7,402
0.26,0.24,0.08,0.9314285714285714,0.9358128374325134,0.9067862714508581,0.7581395348837209,0.7665847665847666,0.6605113636363636,0.9878787878787879,0.9904761904761905,1.0,2,3,0,52,95,239,0.9278153912342113,0.7284118883682837,0.9927849927849928,5,386
0.26,0.17,0.11,0.9314285714285714,0.9292035398230089,0.916633741604109,0.7581395348837209,0.7241379310344828,0.6915052160953801,0.9878787878787879,1.0,0.9978494623655914,2,0,1,52,120,207,0.9278020959820101,0.7245942273378612,0.9952427500814597,3,379
0.3,0.2,0.09,0.933179723502304,0.9304399524375744,0.9103367267032106,0.7788461538461539,0.7417061611374408,0.670028818443804,0.9818181818181818,0.9936507936507937,1.0,3,2,0,46,109,229,0.9277891928230665,0.7301937111424662,0.9918229918229918,5,384
0.26,0.16,0.12,0.9314285714285714,0.926470588235294,0.9206349206349207,0.7581395348837209,0.7159090909090909,0.703030303030303,0.9878787878787879,1.0,0.9978494623655914,2,0,1,52,125,196,0.927782446311858,0.7256929762743716,0.9952427500814597,3,373
0.27,0.2,0.1,0.9324942791762013,0.9304399524375744,0.911949685534591,0.7616822429906542,0.7417061611374408,0.6783625730994152,0.9878787878787879,0.9936507936507937,0.9978494623655914,2,2,1,51,109,220,0.9277690624262911,0.7272503257425035,0.9931263479650575,5,380
0.28,0.2,0.1,0.9324942791762013,0.9304399524375744,0.911949685534591,0.7616822429906542,0.7417061611374408,0.6783625730994152,0.9878787878787879,0.9936507936507937,0.9978494623655914,2,2,1,51,109,220,0.9277690624262911,0.7272503257425035,0.9931263479650575,5,380
0.3,0.25,0.07,0.933179723502304,0.936936936936937,0.9004647560030984,0.7788461538461539,0.7703703703703704,0.6440443213296398,0.9818181818181818,0.9904761904761905,1.0,3,3,0,46,93,257,0.9277638940328528,0.731086948515388,0.9907647907647908,6,396
0.24,0.18,0.15,0.9261363636363638,0.9314015375517445,0.9263705482192878,0.740909090909091,0.7308584686774942,0.7245696400625978,0.9878787878787879,1.0,0.9956989247311828,2,0,2,57,116,176,0.9277627527275628,0.7321123998830611,0.9945259042033235,4,349
0.3,0.17,0.1,0.933179723502304,0.9292035398230089,0.911949685534591,0.7788461538461539,0.7241379310344828,0.6783625730994152,0.9818181818181818,1.0,0.9978494623655914,3,0,1,46,120,220,0.9277408608049729,0.7271155526600173,0.9932225480612576,4,386
0.26,0.26,0.07,0.9314285714285714,0.9397590361445785,0.9004647560030984,0.7581395348837209,0.78,0.6440443213296398,0.9878787878787879,0.9904761904761905,1.0,2,3,0,52,88,257,0.927734947758279,0.727394618737787,0.9927849927849928,5,397
0.27,0.18,0.09,0.9324942791762013,0.9314015375517445,0.9103367267032106,0.7616822429906542,0.7308584686774942,0.670028818443804,0.9878787878787879,1.0,1.0,2,0,0,51,116,229,0.9277349461942662,0.7208565100373175,0.9959595959595959,2,396
0.28,0.18,0.09,0.9324942791762013,0.9314015375517445,0.9103367267032106,0.7616822429906542,0.7308584686774942,0.670028818443804,0.9878787878787879,1.0,1.0,2,0,0,51,116,229,0.9277349461942662,0.7208565100373175,0.9959595959595959,2,396
0.26,0.15,0.13,0.9314285714285714,0.9253819036427733,0.9219434488251693,0.7581395348837209,0.7126696832579186,0.7112135176651305,0.9878787878787879,1.0,0.9956989247311828,2,0,2,52,127,188,0.9277175465721516,0.72734091193559,0.9945259042033235,4,367
0.25,0.17,0.14,0.928246013667426,0.9292035398230089,0.9241516966067865,0.7477064220183486,0.7241379310344828,0.7178294573643411,0.9878787878787879,1.0,0.9956989247311828,2,0,2,55,120,182,0.9277144081019729,0.7298912701390575,0.9945259042033235,4,357
0.25,0.19,0.13,0.928246013667426,0.9306461173681091,0.9219434488251693,0.7477064220183486,0.7353629976580797,0.7112135176651305,0.9878787878787879,0.9968253968253968,0.9956989247311828,2,1,2,55,113,188,0.9277055318091796,0.7314276457805197,0.9934677031451224,5,356
0.24,0.23,0.13,0.9261363636363638,0.934131736526946,0.9219434488251693,0.740909090909091,0.7609756097560976,0.7112135176651305,0.9878787878787879,0.9904761904761905,0.9956989247311828,2,3,2,57,98,188,0.9276963925412995,0.7376994061101064,0.9913513010287204,7,343
0.25,0.23,0.11,0.928246013667426,0.934131736526946,0.916633741604109,0.7477064220183486,0.7609756097560976,0.6915052160953801,0.9878787878787879,0.9904761904761905,0.9978494623655914,2,3,1,55,98,207,0.9276892761126186,0.733395749289942,0.9920681469068565,6,360
0.3,0.21,0.08,0.933179723502304,0.9324566646742379,0.9067862714508581,0.7788461538461539,0.7554479418886199,0.6605113636363636,0.9818181818181818,0.9904761904761905,1.0,3,3,0,46,101,239,0.9276841154435951,0.7316018197903791,0.9907647907647908,6,386
0.27,0.22,0.08,0.9324942791762013,0.933572710951526,0.9067862714508581,0.7616822429906542,0.7591240875912408,0.6605113636363636,0.9878787878787879,0.9904761904761905,1.0,2,3,0,51,99,239,0.9276762071637301,0.7271058980727529,0.9927849927849928,5,389
0.28,0.22,0.08,0.9324942791762013,0.933572710951526,0.9067862714508581,0.7616822429906542,0.7591240875912408,0.6605113636363636,0.9878787878787879,0.9904761904761905,1.0,2,3,0,51,99,239,0.9276762071637301,0.7271058980727529,0.9927849927849928,5,389
0.25,0.18,0.12,0.928246013667426,0.9314015375517445,0.9206349206349207,0.7477064220183486,0.7308584686774942,0.703030303030303,0.9878787878787879,1.0,0.9978494623655914,2,0,1,55,116,196,0.9276704522262205,0.7271983979087153,0.9952427500814597,3,367
0.29,0.22,0.09,0.9310344827586207,0.933572710951526,0.9103367267032106,0.7714285714285715,0.7591240875912408,0.670028818443804,0.9818181818181818,0.9904761904761905,1.0,3,3,0,48,99,229,0.9276564000054103,0.7335271591545388,0.9907647907647908,6,376
0.29,0.27,0.07,0.9310344827586207,0.9401451027811366,0.9004647560030984,0.7714285714285715,0.7893401015228426,0.6440443213296398,0.9818181818181818,0.9873015873015873,1.0,3,4,0,48,83,257,0.927653723414271,0.7349376647603513,0.9897065897065898,7,388
0.29,0.21,0.1,0.9310344827586207,0.9324566646742379,0.911949685534591,0.7714285714285715,0.7554479418886199,0.6783625730994152,0.9818181818181818,0.9904761904761905,0.9978494623655914,3,3,1,48,101,220,0.9276441778884998,0.7350796954722022,0.9900479448866545,7,369
0.25,0.2,0.13,0.928246013667426,0.9304399524375744,0.9219434488251693,0.7477064220183486,0.7417061611374408,0.7112135176651305,0.9878787878787879,0.9936507936507937,0.9956989247311828,2,2,2,55,109,188,0.9276436823300191,0.7335420336069732,0.9924095020869214,6,352
0.24,0.21,0.14,0.9261363636363638,0.9324566646742379,0.9241516966067865,0.740909090909091,0.7554479418886199,0.7178294573643411,0.9878787878787879,0.9904761904761905,0.9956989247311828,2,3,2,57,101,182,0.9276355205418105,0.7380621633873506,0.9913513010287204,7,340
0.29,0.24,0.08,0.9310344827586207,0.9358128374325134,0.9067862714508581,0.7714285714285715,0.7665847665847666,0.6605113636363636,0.9818181818181818,0.9904761904761905,1.0,3,3,0,48,95,239,0.9276183468992361,0.7328415672165672,0.9907647907647908,6,382
0.29,0.17,0.11,0.9310344827586207,0.9292035398230089,0.916633741604109,0.7714285714285715,0.7241379310344828,0.6915052160953801,0.9818181818181818,1.0,0.9978494623655914,3,0,1,48,120,207,0.9276050516470349,0.7290239061861449,0.9932225480612576,4,375
0.25,0.25,0.1,0.928246013667426,0.936936936936937,0.911949685534591,0.7477064220183486,0.7703703703703704,0.6783625730994152,0.9878787878787879,0.9904761904761905,0.9978494623655914,2,3,1,55,93,220,0.9275940250217123,0.7321464551627113,0.9920681469068565,6,368
0.29,0.16,0.12,0.9310344827586207,0.926470588235294,0.9206349206349207,0.7714285714285715,0.7159090909090909,0.703030303030303,0.9818181818181818,1.0,0.9978494623655914,3,0,1,48,125,196,0.9275854019768827,0.7301226551226551,0.9932225480612576,4,369
0.27,0.14,0.14,0.9324942791762013,0.9215915740198947,0.9241516966067865,0.7616822429906542,0.7015590200445434,0.7178294573643411,0.9878787878787879,1.0,0.9956989247311828,2,0,2,51,134,182,0.9275549511154264,0.7270235734665129,0.9945259042033235,4,367
0.28,0.14,0.14,0.9324942791762013,0.9215915740198947,0.9241516966067865,0.7616822429906542,0.7015590200445434,0.7178294573643411,0.9878787878787879,1.0,0.9956989247311828,2,0,2,51,134,182,0.9275549511154264,0.7270235734665129,0.9945259042033235,4,367
0.29,0.26,0.07,0.9310344827586207,0.9397590361445785,0.9004647560030984,0.7714285714285715,0.78,0.6440443213296398,0.9818181818181818,0.9904761904761905,1.0,3,3,0,48,88,257,0.9275379034233036,0.7318242975860705,0.9907647907647908,6,393
0.24,0.19,0.15,0.9261363636363638,0.9306461173681091,0.9263705482192878,0.740909090909091,0.7353629976580797,0.7245696400625978,0.9878787878787879,0.9968253968253968,0.9956989247311828,2,1,2,57,113,176,0.9275361266724722,0.7336139095432562,0.9934677031451224,5,346
0.3,0.15,0.11,0.933179723502304,0.9253819036427733,0.916633741604109,0.7788461538461539,0.7126696832579186,0.6915052160953801,0.9818181818181818,1.0,0.9978494623655914,3,0,1,46,127,207,0.9275311811648059,0.7276736843998175,0.9932225480612576,4,380
0.24,0.22,0.13,0.9261363636363638,0.933572710951526,0.9219434488251693,0.740909090909091,0.7591240875912408,0.7112135176651305,0.9878787878787879,0.9904761904761905,0.9956989247311828,2,3,2,57,99,188,0.9275286848686736,0.7370822320551541,0.9913513010287204,7,344
0.26,0.18,0.1,0.9314285714285714,0.9314015375517445,0.911949685534591,0.7581395348837209,0.7308584686774942,0.6783625730994152,0.9878787878787879,1.0,0.9978494623655914,2,0,1,52,116,220,0.9275246840867273,0.7224535255535433,0.9952427500814597,3,388
0.25,0.22,0.11,0.928246013667426,0.933572710951526,0.916633741604109,0.7477064220183486,0.7591240875912408,0.6915052160953801,0.9878787878787879,0.9904761904761905,0.9978494623655914,2,3,1,55,99,207,0.9275215684399927,0.7327785752349899,0.9920681469068565,6,361
0.29,0.15,0.13,0.9310344827586207,0.9253819036427733,0.9219434488251693,0.7714285714285715,0.7126696832579186,0.7112135176651305,0.9818181818181818,1.0,0.9956989247311828,3,0,2,48,127,188,0.9275205022371762,0.7317705907838735,0.9925057021831215,5,363
0.26,0.21,0.09,0.9314285714285714,0.9324566646742379,0.9103367267032106,0.7581395348837209,0.7554479418886199,0.670028818443804,0.9878787878787879,0.9904761904761905,1.0,2,3,0,52,101,229,0.9275186304571993,0.7278720984053816,0.9927849927849928,5,382
0.27,0.16,0.11,0.9324942791762013,0.926470588235294,0.916633741604109,0.7616822429906542,0.7159090909090909,0.6915052160953801,0.9878787878787879,1.0,0.9978494623655914,2,0,1,51,125,207,0.9275150643795107,0.7230321833317084,0.9952427500814597,3,383
0.28,0.16,0.11,0.9324942791762013,0.926470588235294,0.916633741604109,0.7616822429906542,0.7159090909090909,0.6915052160953801,0.9878787878787879,1.0,0.9978494623655914,2,0,1,51,125,207,0.9275150643795107,0.7230321833317084,0.9952427500814597,3,383
0.27,0.19,0.09,0.9324942791762013,0.9306461173681091,0.9103367267032106,0.7616822429906542,0.7353629976580797,0.670028818443804,0.9878787878787879,0.9968253968253968,1.0,2,1,0,51,113,229,0.9275083201391755,0.7223580196975127,0.9949013949013948,3,393
0.28,0.19,0.09,0.9324942791762013,0.9306461173681091,0.9103367267032106,0.7616822429906542,0.7353629976580797,0.670028818443804,0.9878787878787879,0.9968253968253968,1.0,2,1,0,51,113,229,0.9275083201391755,0.7223580196975127,0.9949013949013948,3,393
0.3,0.27,0.06,0.933179723502304,0.9401451027811366,0.8942307692307693,0.7788461538461539,0.7893401015228426,0.6283783783783784,0.9818181818181818,0.9873015873015873,1.0,3,4,0,46,83,275,0.9274795464316469,0.732188211249125,0.9897065897065898,7,404
0.28,0.28,0.06,0.9324942791762013,0.9412832929782083,0.8942307692307693,0.7616822429906542,0.7933673469387755,0.6283783783783784,0.9878787878787879,0.9873015873015873,1.0,2,4,0,51,81,275,0.927478281327717,0.7278093227692694,0.9917267917267917,6,407
0.24,0.2,0.15,0.9261363636363638,0.9304399524375744,0.9263705482192878,0.740909090909091,0.7417061611374408,0.7245696400625978,0.9878787878787879,0.9936507936507937,0.9956989247311828,2,2,2,57,109,176,0.9274742771933118,0.7357282973697098,0.9924095020869214,6,342
0.3,0.14,0.13,0.933179723502304,0.9215915740198947,0.9219434488251693,0.7788461538461539,0.7015590200445434,0.7112135176651305,0.9818181818181818,1.0,0.9956989247311828,3,0,2,46,134,188,0.9274560237221543,0.7305395638519426,0.9925057021831215,5,368
0.26,0.15,0.12,0.9314285714285714,0.9253819036427733,0.9206349206349207,0.7581395348837209,0.7126696832579186,0.703030303030303,0.9878787878787879,1.0,0.9978494623655914,2,0,1,52,127,196,0.9274558409341018,0.7246131737239808,0.9952427500814597,3,375
0.27,0.2,0.09,0.9324942791762013,0.9304399524375744,0.9103367267032106,0.7616822429906542,0.7417061611374408,0.670028818443804,0.9878787878787879,0.9936507936507937,1.0,2,2,0,51,109,229,0.9274464706600151,0.7244724075239665,0.9938431938431939,4,389
0.28,0.2,0.09,0.9324942791762013,0.9304399524375744,0.9103367267032106,0.7616822429906542,0.7417061611374408,0.670028818443804,0.9878787878787879,0.9936507936507937,1.0,2,2,0,51,109,229,0.9274464706600151,0.7244724075239665,0.9938431938431939,4,389
0.25,0.19,0.12,0.928246013667426,0.9306461173681091,0.9206349206349207,0.7477064220183486,0.7353629976580797,0.703030303030303,0.9878787878787879,0.9968253968253968,0.9978494623655914,2,1,1,55,113,196,0.9274438261711299,0.7286999075689105,0.9941845490232586,4,364
0.24,0.23,0.12,0.9261363636363638,0.934131736526946,0.9206349206349207,0.740909090909091,0.7609756097560976,0.703030303030303,0.9878787878787879,0.9904761904761905,0.9978494623655914,2,3,1,57,98,196,0.9274346869032498,0.7349716678984972,0.9920681469068565,6,351
0.3,0.24,0.07,0.933179723502304,0.9358128374325134,0.9004647560030984,0.7788461538461539,0.7665847665847666,0.6440443213296398,0.9818181818181818,0.9904761904761905,1.0,3,3,0,46,95,257,0.9274266641815259,0.7298250805868535,0.9907647907647908,6,398
0.27,0.25,0.07,0.9324942791762013,0.936936936936937,0.9004647560030984,0.7616822429906542,0.7703703703703704,0.6440443213296398,0.9878787878787879,0.9904761904761905,1.0,2,3,0,51,93,257,0.9274211718698016,0.7253656448968883,0.9927849927849928,5,401
0.28,0.25,0.07,0.9324942791762013,0.936936936936937,0.9004647560030984,0.7616822429906542,0.7703703703703704,0.6440443213296398,0.9878787878787879,0.9904761904761905,1.0,2,3,0,51,93,257,0.9274211718698016,0.7253656448968883,0.9927849927849928,5,401
0.3,0.17,0.09,0.933179723502304,0.9292035398230089,0.9103367267032106,0.7788461538461539,0.7241379310344828,0.670028818443804,0.9818181818181818,1.0,1.0,3,0,0,46,120,229,0.9274182690386968,0.7243376344414801,0.993939393939394,3,395
0.27,0.17,0.1,0.9324942791762013,0.9292035398230089,0.911949685534591,0.7616822429906542,0.7241379310344828,0.6783625730994152,0.9878787878787879,1.0,0.9978494623655914,2,0,1,51,120,220,0.9273981386419214,0.7213942490415173,0.9952427500814597,3,391
0.28,0.17,0.1,0.9324942791762013,0.9292035398230089,0.911949685534591,0.7616822429906542,0.7241379310344828,0.6783625730994152,0.9878787878787879,1.0,0.9978494623655914,2,0,1,51,120,220,0.9273981386419214,0.7213942490415173,0.9952427500814597,3,391
0.25,0.2,0.12,0.928246013667426,0.9304399524375744,0.9206349206349207,0.7477064220183486,0.7417061611374408,0.703030303030303,0.9878787878787879,0.9936507936507937,0.9978494623655914,2,2,1,55,109,196,0.9273819766919694,0.7308142953953641,0.9931263479650575,5,360
0.3,0.18,0.08,0.933179723502304,0.9314015375517445,0.9067862714508581,0.7788461538461539,0.7308584686774942,0.6605113636363636,0.9818181818181818,1.0,1.0,3,0,0,46,116,239,0.927367577306847,0.7234053287200038,0.993939393939394,3,401
0.3,0.26,0.06,0.933179723502304,0.9397590361445785,0.8942307692307693,0.7788461538461539,0.78,0.6283783783783784,0.9818181818181818,0.9904761904761905,1.0,3,3,0,46,88,275,0.9273637264406794,0.7290748440748441,0.9907647907647908,6,409
0.27,0.21,0.08,0.9324942791762013,0.9324566646742379,0.9067862714508581,0.7616822429906542,0.7554479418886199,0.6605113636363636,0.9878787878787879,0.9904761904761905,1.0,2,3,0,51,101,239,0.9273413932805437,0.7258805161718792,0.9927849927849928,5,391
0.28,0.21,0.08,0.9324942791762013,0.9324566646742379,0.9067862714508581,0.7616822429906542,0.7554479418886199,0.6605113636363636,0.9878787878787879,0.9904761904761905,1.0,2,3,0,51,101,239,0.9273413932805437,0.7258805161718792,0.9927849927849928,5,391
0.25,0.16,0.15,0.928246013667426,0.926470588235294,0.9263705482192878,0.7477064220183486,0.7159090909090909,0.7245696400625978,0.9878787878787879,1.0,0.9956989247311828,2,0,2,55,125,176,0.9273382929481587,0.7293950509966791,0.9945259042033235,4,356
0.29,0.18,0.1,0.9310344827586207,0.9314015375517445,0.911949685534591,0.7714285714285715,0.7308584686774942,0.6783625730994152,0.9818181818181818,1.0,0.9978494623655914,3,0,1,48,116,220,0.9273276397517518,0.726883204401827,0.9932225480612576,4,384
0.29,0.21,0.09,0.9310344827586207,0.9324566646742379,0.9103367267032106,0.7714285714285715,0.7554479418886199,0.670028818443804,0.9818181818181818,0.9904761904761905,1.0,3,3,0,48,101,229,0.9273215861222238,0.7323017772536651,0.9907647907647908,6,378
0.24,0.18,0.14,0.9261363636363638,0.9314015375517445,0.9241516966067865,0.740909090909091,0.7308584686774942,0.7178294573643411,0.9878787878787879,1.0,0.9956989247311828,2,0,2,57,116,182,0.9273189824050625,0.7298656723169753,0.9945259042033235,4,355
0.26,0.23,0.08,0.9314285714285714,0.934131736526946,0.9067862714508581,0.7581395348837209,0.7609756097560976,0.6605113636363636,0.9878787878787879,0.9904761904761905,1.0,2,3,0,52,98,239,0.927311060962541,0.7265421694253941,0.9927849927849928,5,389
0.26,0.19,0.1,0.9314285714285714,0.9306461173681091,0.911949685534591,0.7581395348837209,0.7353629976580797,0.6783625730994152,0.9878787878787879,0.9968253968253968,0.9978494623655914,2,1,1,52,113,220,0.9272980580316366,0.7239550352137386,0.9941845490232586,4,385
0.25,0.17,0.13,0.928246013667426,0.9292035398230089,0.9219434488251693,0.7477064220183486,0.7241379310344828,0.7112135176651305,0.9878787878787879,1.0,0.9956989247311828,2,0,2,55,120,188,0.9272727585456495,0.7276859569059874,0.9945259042033235,4,363
0.25,0.25,0.09,0.928246013667426,0.936936936936937,0.9103367267032106,0.7477064220183486,0.7703703703703704,0.670028818443804,0.9878787878787879,0.9904761904761905,1.0,2,3,0,55,93,229,0.9272714332554363,0.7293685369441744,0.9927849927849928,5,377
0.24,0.22,0.12,0.9261363636363638,0.933572710951526,0.9206349206349207,0.740909090909091,0.7591240875912408,0.703030303030303,0.9878787878787879,0.9904761904761905,0.9978494623655914,2,3,1,57,99,196,0.9272669792306238,0.7343544938435449,0.9920681469068565,6,352
0.29,0.15,0.12,0.9310344827586207,0.9253819036427733,0.9206349206349207,0.7714285714285715,0.7126696832579186,0.703030303030303,0.9818181818181818,1.0,0.9978494623655914,3,0,1,48,127,196,0.9272587965991265,0.7290428525722644,0.9932225480612576,4,371
0.25,0.24,0.1,0.928246013667426,0.9358128374325134,0.911949685534591,0.7477064220183486,0.7665847665847666,0.6783625730994152,0.9878787878787879,0.9904761904761905,0.9978494623655914,2,3,1,55,95,220,0.9272567951703852,0.7308845872341768,0.9920681469068565,6,370
0.26,0.2,0.1,0.9314285714285714,0.9304399524375744,0.911949685534591,0.7581395348837209,0.7417061611374408,0.6783625730994152,0.9878787878787879,0.9936507936507937,0.9978494623655914,2,2,1,52,109,220,0.9272362085524761,0.7260694230401924,0.9931263479650575,5,381
0.26,0.18,0.09,0.9314285714285714,0.9314015375517445,0.9103367267032106,0.7581395348837209,0.7308584686774942,0.670028818443804,0.9878787878787879,1.0,1.0,2,0,0,52,116,229,0.9272020923204513,0.7196756073350064,0.9959595959595959,2,397
0.3,0.14,0.12,0.933179723502304,0.9215915740198947,0.9206349206349207,0.7788461538461539,0.7015590200445434,0.703030303030303,0.9818181818181818,1.0,0.9978494623655914,3,0,1,46,134,196,0.9271943180841046,0.7278118256403334,0.9932225480612576,4,376
0.24,0.21,0.13,0.9261363636363638,0.9324566646742379,0.9219434488251693,0.740909090909091,0.7554479418886199,0.7112135176651305,0.9878787878787879,0.9904761904761905,0.9956989247311828,2,3,2,57,101,188,0.9271938709854871,0.7358568501542805,0.9913513010287204,7,346
0.27,0.15,0.11,0.9324942791762013,0.9253819036427733,0.916633741604109,0.7616822429906542,0.7126696832579186,0.6915052160953801,0.9878787878787879,1.0,0.9978494623655914,2,0,1,51,127,207,0.9271884590017545,0.7219523807813176,0.9952427500814597,3,385
0.28,0.15,0.11,0.9324942791762013,0.9253819036427733,0.916633741604109,0.7616822429906542,0.7126696832579186,0.6915052160953801,0.9878787878787879,1.0,0.9978494623655914,2,0,1,51,127,207,0.9271884590017545,0.7219523807813176,0.9952427500814597,3,385
0.25,0.21,0.11,0.928246013667426,0.9324566646742379,0.916633741604109,0.7477064220183486,0.7554479418886199,0.6915052160953801,0.9878787878787879,0.9904761904761905,0.9978494623655914,2,3,1,55,101,207,0.9271867545568062,0.7315531933341162,0.9920681469068565,6,363
0.26,0.22,0.08,0.9314285714285714,0.933572710951526,0.9067862714508581,0.7581395348837209,0.7591240875912408,0.6605113636363636,0.9878787878787879,0.9904761904761905,1.0,2,3,0,52,99,239,0.9271433532899152,0.7259249953704418,0.9927849927849928,5,390
0.3,0.19,0.08,0.933179723502304,0.9306461173681091,0.9067862714508581,0.7788461538461539,0.7353629976580797,0.6605113636363636,0.9818181818181818,0.9968253968253968,1.0,3,1,0,46,113,239,0.9271409512517563,0.724906838380199,0.9928811928811929,4,398
0.24,0.24,0.11,0.9261363636363638,0.9358128374325134,0.916633741604109,0.740909090909091,0.7665847665847666,0.6915052160953801,0.9878787878787879,0.9904761904761905,0.9978494623655914,2,3,1,57,95,207,0.9271387813687577,0.7329996911964125,0.9920681469068565,6,359
0.27,0.27,0.06,0.9324942791762013,0.9401451027811366,0.8942307692307693,0.7616822429906542,0.7893401015228426,0.6283783783783784,0.9878787878787879,0.9873015873015873,1.0,2,4,0,51,83,275,0.9271368242685956,0.7264669076306252,0.9917267917267917,6,409
0.28,0.27,0.06,0.9324942791762013,0.9401451027811366,0.8942307692307693,0.7616822429906542,0.7893401015228426,0.6283783783783784,0.9878787878787879,0.9873015873015873,1.0,2,4,0,51,83,275,0.9271368242685956,0.7264669076306252,0.9917267917267917,6,409
0.23,0.23,0.21,0.92090395480226,0.934131736526946,0.9321689683184401,0.7244444444444444,0.7609756097560976,0.7624584717607974,0.9878787878787879,0.9904761904761905,0.9870967741935484,2,3,6,62,98,143,0.9271252920229018,0.7492928419871131,0.9884839175161755,11,303
0.29,0.23,0.08,0.9310344827586207,0.934131736526946,0.9067862714508581,0.7714285714285715,0.7609756097560976,0.6605113636363636,0.9818181818181818,0.9904761904761905,1.0,3,3,0,48,98,239,0.9271140166275658,0.7309718482736777,0.9907647907647908,6,385
0.27,0.14,0.13,0.9324942791762013,0.9215915740198947,0.9219434488251693,0.7616822429906542,0.7015590200445434,0.7112135176651305,0.9878787878787879,1.0,0.9956989247311828,2,0,2,51,134,188,0.927113301559103,0.7248182602334428,0.9945259042033235,4,373
0.28,0.14,0.13,0.9324942791762013,0.9215915740198947,0.9219434488251693,0.7616822429906542,0.7015590200445434,0.7112135176651305,0.9878787878787879,1.0,0.9956989247311828,2,0,2,51,134,188,0.927113301559103,0.7248182602334428,0.9945259042033235,4,373
0.23,0.23,0.19,0.92090395480226,0.934131736526946,0.9320663162151235,0.7244444444444444,0.7609756097560976,0.7520391517128875,0.9878787878787879,0.9904761904761905,0.9913978494623656,2,3,4,62,98,152,0.9271047616022385,0.7458197353044765,0.9899176092724481,9,312
0.24,0.17,0.15,0.9261363636363638,0.9292035398230089,0.9263705482192878,0.740909090909091,0.7241379310344828,0.7245696400625978,0.9878787878787879,1.0,0.9956989247311828,2,0,2,57,120,176,0.9271033534089421,0.7298722206687239,0.9945259042033235,4,353
0.29,0.19,0.1,0.9310344827586207,0.9306461173681091,0.911949685534591,0.7714285714285715,0.7353629976580797,0.6783625730994152,0.9818181818181818,0.9968253968253968,0.9978494623655914,3,1,1,48,113,220,0.9271010136966613,0.7283847140620221,0.9921643470030567,5,381
0.24,0.19,0.14,0.9261363636363638,0.9306461173681091,0.9241516966067865,0.740909090909091,0.7353629976580797,0.7178294573643411,0.9878787878787879,0.9968253968253968,0.9956989247311828,2,1,2,57,113,182,0.9270923563499719,0.7313671819771707,0.9934677031451224,5,352
0.29,0.29,0.06,0.9310344827586207,0.9424242424242424,0.8942307692307693,0.7714285714285715,0.7974358974358975,0.6283783783783784,0.9818181818181818,0.9873015873015873,1.0,3,4,0,48,79,275,0.9270906679527369,0.7324142824142825,0.9897065897065898,7,402
0.27,0.24,0.07,0.9324942791762013,0.9358128374325134,0.9004647560030984,0.7616822429906542,0.7665847665847666,0.6440443213296398,0.9878787878787879,0.9904761904761905,1.0,2,3,0,51,95,257,0.9270839420184744,0.7241037769683536,0.9927849927849928,5,403
0.28,0.24,0.07,0.9324942791762013,0.9358128374325134,0.9004647560030984,0.7616822429906542,0.7665847665847666,0.6440443213296398,0.9878787878787879,0.9904761904761905,1.0,2,3,0,51,95,257,0.9270839420184744,0.7241037769683536,0.9927849927849928,5,403
0.3,0.2,0.08,0.933179723502304,0.9304399524375744,0.9067862714508581,0.7788461538461539,0.7417061611374408,0.6605113636363636,0.9818181818181818,0.9936507936507937,1.0,3,2,0,46,109,239,0.9270791017725959,0.7270212262066528,0.9918229918229918,5,394
0.27,0.17,0.09,0.9324942791762013,0.9292035398230089,0.9103367267032106,0.7616822429906542,0.7241379310344828,0.670028818443804,0.9878787878787879,1.0,1.0,2,0,0,51,120,229,0.9270755468756454,0.7186163308229804,0.9959595959595959,2,400
0.28,0.17,0.09,0.9324942791762013,0.9292035398230089,0.9103367267032106,0.7616822429906542,0.7241379310344828,0.670028818443804,0.9878787878787879,1.0,1.0,2,0,0,51,120,229,0.9270755468756454,0.7186163308229804,0.9959595959595959,2,400
0.23,0.23,0.18,0.92090395480226,0.934131736526946,0.9318273497377975,0.7244444444444444,0.7609756097560976,0.7463651050080775,0.9878787878787879,0.9904761904761905,0.9935483870967742,2,3,3,62,98,157,0.9270569683067733,0.7439283864028732,0.9906344551505842,8,317
0.29,0.2,0.1,0.9310344827586207,0.9304399524375744,0.911949685534591,0.7714285714285715,0.7417061611374408,0.6783625730994152,0.9818181818181818,0.9936507936507937,0.9978494623655914,3,2,1,48,109,220,0.9270391642175009,0.7304991018884758,0.9911061459448556,6,377
0.24,0.2,0.14,0.9261363636363638,0.9304399524375744,0.9241516966067865,0.740909090909091,0.7417061611374408,0.7178294573643411,0.9878787878787879,0.9936507936507937,0.9956989247311828,2,2,2,57,109,182,0.9270305068708115,0.7334815698036242,0.9924095020869214,6,348
0.24,0.16,0.16,0.9261363636363638,0.926470588235294,0.9300924065889916,0.740909090909091,0.7159090909090909,0.7360890302066773,0.9878787878787879,1.0,0.9956989247311828,2,0,2,57,125,166,0.9270278396065683,0.7309690706749531,0.9945259042033235,4,348
0.27,0.18,0.08,0.9324942791762013,0.9314015375517445,0.9067862714508581,0.7616822429906542,0.7308584686774942,0.6605113636363636,0.9878787878787879,1.0,1.0,2,0,0,51,116,239,0.9270248551437956,0.7176840251015041,0.9959595959595959,2,406
0.28,0.18,0.08,0.9324942791762013,0.9314015375517445,0.9067862714508581,0.7616822429906542,0.7308584686774942,0.6605113636363636,0.9878787878787879,1.0,1.0,2,0,0,51,116,239,0.9270248551437956,0.7176840251015041,0.9959595959595959,2,406
0.26,0.14,0.14,0.9314285714285714,0.9215915740198947,0.9241516966067865,0.7581395348837209,0.7015590200445434,0.7178294573643411,0.9878787878787879,1.0,0.9956989247311828,2,0,2,52,134,182,0.9270220972416114,0.7258426707642017,0.9945259042033235,4,368
0.27,0.26,0.06,0.9324942791762013,0.9397590361445785,0.8942307692307693,0.7616822429906542,0.78,0.6283783783783784,0.9878787878787879,0.9904761904761905,1.0,2,3,0,51,88,275,0.9270210042776281,0.7233535404563441,0.9927849927849928,5,414
0.28,0.26,0.06,0.9324942791762013,0.9397590361445785,0.8942307692307693,0.7616822429906542,0.78,0.6283783783783784,0.9878787878787879,0.9904761904761905,1.0,2,3,0,51,88,275,0.9270210042776281,0.7233535404563441,0.9927849927849928,5,414
0.25,0.15,0.15,0.928246013667426,0.9253819036427733,0.9263705482192878,0.7477064220183486,0.7126696832579186,0.7245696400625978,0.9878787878787879,1.0,0.9956989247311828,2,0,2,55,127,176,0.9270116875704025,0.7283152484462884,0.9945259042033235,4,358
0.25,0.17,0.12,0.928246013667426,0.9292035398230089,0.9206349206349207,0.7477064220183486,0.7241379310344828,0.703030303030303,0.9878787878787879,1.0,0.9978494623655914,2,0,1,55,120,196,0.9270110529075998,0.7249582186943782,0.9952427500814597,3,371
0.23,0.23,0.17,0.92090395480226,0.934131736526946,0.9315895372233401,0.7244444444444444,0.7609756097560976,0.7408,0.9878787878787879,0.9904761904761905,0.9956989247311828,2,3,2,62,98,162,0.9270094058038818,0.7420733514001806,0.9913513010287204,7,322
0.29,0.18,0.09,0.9310344827586207,0.9314015375517445,0.9103367267032106,0.7714285714285715,0.7308584686774942,0.670028818443804,0.9818181818181818,1.0,1.0,3,0,0,48,116,229,0.9270050479854758,0.7241052861832898,0.993939393939394,3,393
0.26,0.16,0.11,0.9314285714285714,0.926470588235294,0.916633741604109,0.7581395348837209,0.7159090909090909,0.6915052160953801,0.9878787878787879,1.0,0.9978494623655914,2,0,1,52,125,207,0.9269822105056957,0.7218512806293974,0.9952427500814597,3,384
0.26,0.19,0.09,0.9314285714285714,0.9306461173681091,0.9103367267032106,0.7581395348837209,0.7353629976580797,0.670028818443804,0.9878787878787879,0.9968253968253968,1.0,2,1,0,52,113,229,0.9269754662653605,0.7211771169952015,0.9949013949013948,3,394
0.23,0.22,0.21,0.92090395480226,0.933572710951526,0.9321689683184401,0.7244444444444444,0.7591240875912408,0.7624584717607974,0.9878787878787879,0.9904761904761905,0.9870967741935484,2,3,6,62,99,143,0.9269575843502759,0.748675667932161,0.9884839175161755,11,304
0.29,0.22,0.08,0.9310344827586207,0.933572710951526,0.9067862714508581,0.7714285714285715,0.7591240875912408,0.6605113636363636,0.9818181818181818,0.9904761904761905,1.0,3,3,0,48,99,239,0.9269463089549397,0.7303546742187254,0.9907647907647908,6,386
0.23,0.23,0.22,0.92090395480226,0.934131736526946,0.931272875152501,0.7244444444444444,0.7609756097560976,0.7646076794657763,0.9878787878787879,0.9904761904761905,0.9849462365591398,2,3,7,62,98,141,0.926946073389714,0.7500092445554394,0.9877670716380393,12,301
0.23,0.22,0.19,0.92090395480226,0.933572710951526,0.9320663162151235,0.7244444444444444,0.7591240875912408,0.7520391517128875,0.9878787878787879,0.9904761904761905,0.9913978494623656,2,3,4,62,99,152,0.9269370539296125,0.7452025612495242,0.9899176092724481,9,313
0.25,0.24,0.09,0.928246013667426,0.9358128374325134,0.9103367267032106,0.7477064220183486,0.7665847665847666,0.670028818443804,0.9878787878787879,0.9904761904761905,1.0,2,3,0,55,95,229,0.9269342034041091,0.7281066690156397,0.9927849927849928,5,379
0.24,0.21,0.12,0.9261363636363638,0.9324566646742379,0.9206349206349207,0.740909090909091,0.7554479418886199,0.703030303030303,0.9878787878787879,0.9904761904761905,0.9978494623655914,2,3,1,57,101,196,0.9269321653474374,0.7331291119426714,0.9920681469068565,6,354
0.3,0.23,0.07,0.933179723502304,0.934131736526946,0.9004647560030984,0.7788461538461539,0.7609756097560976,0.6440443213296398,0.9818181818181818,0.9904761904761905,1.0,3,3,0,46,98,257,0.9269223339098556,0.7279553616439638,0.9907647907647908,6,401
0.3,0.16,0.1,0.933179723502304,0.926470588235294,0.911949685534591,0.7788461538461539,0.7159090909090909,0.6783625730994152,0.9818181818181818,1.0,0.9978494623655914,3,0,1,46,125,220,0.9269209753286585,0.7243726059515533,0.9932225480612576,4,391
0.26,0.2,0.09,0.9314285714285714,0.9304399524375744,0.9103367267032106,0.7581395348837209,0.7417061611374408,0.670028818443804,0.9878787878787879,0.9936507936507937,1.0,2,2,0,52,109,229,0.9269136167862001,0.7232915048216553,0.9938431938431939,4,390
0.25,0.16,0.14,0.928246013667426,0.926470588235294,0.9241516966067865,0.7477064220183486,0.7159090909090909,0.7178294573643411,0.9878787878787879,1.0,0.9956989247311828,2,0,2,55,125,182,0.9268945226256584,0.7271483234305935,0.9945259042033235,4,362
0.23,0.22,0.18,0.92090395480226,0.933572710951526,0.9318273497377975,0.7244444444444444,0.7591240875912408,0.7463651050080775,0.9878787878787879,0.9904761904761905,0.9935483870967742,2,3,3,62,99,157,0.9268892606341473,0.7433112123479209,0.9906344551505842,8,318
0.26,0.25,0.07,0.9314285714285714,0.936936936936937,0.9004647560030984,0.7581395348837209,0.7703703703703704,0.6440443213296398,0.9878787878787879,0.9904761904761905,1.0,2,3,0,52,93,257,0.9268883179959866,0.7241847421945771,0.9927849927849928,5,402
0.24,0.18,0.13,0.9261363636363638,0.9314015375517445,0.9219434488251693,0.740909090909091,0.7308584686774942,0.7112135176651305,0.9878787878787879,1.0,0.9956989247311828,2,0,2,57,116,188,0.9268773328487391,0.7276603590839051,0.9945259042033235,4,361
0.25,0.18,0.11,0.928246013667426,0.9314015375517445,0.916633741604109,0.7477064220183486,0.7308584686774942,0.6915052160953801,0.9878787878787879,1.0,0.9978494623655914,2,0,1,55,116,207,0.9268702164200582,0.7233567022637409,0.9952427500814597,3,378
0.26,0.17,0.1,0.9314285714285714,0.9292035398230089,0.911949685534591,0.7581395348837209,0.7241379310344828,0.6783625730994152,0.9878787878787879,1.0,0.9978494623655914,2,0,1,52,120,220,0.9268652847681065,0.7202133463392063,0.9952427500814597,3,392
0.27,0.14,0.12,0.9324942791762013,0.9215915740198947,0.9206349206349207,0.7616822429906542,0.7015590200445434,0.703030303030303,0.9878787878787879,1.0,0.9978494623655914,2,0,1,51,134,196,0.9268515959210533,0.7220905220218335,0.9952427500814597,3,381
0.28,0.14,0.12,0.9324942791762013,0.9215915740198947,0.9206349206349207,0.7616822429906542,0.7015590200445434,0.703030303030303,0.9878787878787879,1.0,0.9978494623655914,2,0,1,51,134,196,0.9268515959210533,0.7220905220218335,0.9952427500814597,3,381
0.23,0.23,0.23,0.92090395480226,0.934131736526946,0.930753564154786,0.7244444444444444,0.7609756097560976,0.7680672268907563,0.9878787878787879,0.9904761904761905,0.9827956989247312,2,3,8,62,98,138,0.926842211190171,0.7511624270304328,0.9870502257599032,13,298
0.23,0.22,0.17,0.92090395480226,0.933572710951526,0.9315895372233401,0.7244444444444444,0.7591240875912408,0.7408,0.9878787878787879,0.9904761904761905,0.9956989247311828,2,3,2,62,99,162,0.9268416981312558,0.7414561773452285,0.9913513010287204,7,323
0.29,0.14,0.14,0.9310344827586207,0.9215915740198947,0.9241516966067865,0.7714285714285715,0.7015590200445434,0.7178294573643411,0.9818181818181818,1.0,0.9956989247311828,3,0,2,48,134,182,0.926825052906636,0.7302723496124853,0.9925057021831215,5,364
0.26,0.21,0.08,0.9314285714285714,0.9324566646742379,0.9067862714508581,0.7581395348837209,0.7554479418886199,0.6605113636363636,0.9878787878787879,0.9904761904761905,1.0,2,3,0,52,101,239,0.9268085394067287,0.7246996134695681,0.9927849927849928,5,392
0.27,0.19,0.08,0.9324942791762013,0.9306461173681091,0.9067862714508581,0.7616822429906542,0.7353629976580797,0.6605113636363636,0.9878787878787879,0.9968253968253968,1.0,2,1,0,51,113,239,0.9267982290887049,0.7191855347616992,0.9949013949013948,3,403
0.28,0.19,0.08,0.9324942791762013,0.9306461173681091,0.9067862714508581,0.7616822429906542,0.7353629976580797,0.6605113636363636,0.9878787878787879,0.9968253968253968,1.0,2,1,0,51,113,239,0.9267982290887049,0.7191855347616992,0.9949013949013948,3,403
0.29,0.16,0.11,0.9310344827586207,0.926470588235294,0.916633741604109,0.7714285714285715,0.7159090909090909,0.6915052160953801,0.9818181818181818,1.0,0.9978494623655914,3,0,1,48,125,207,0.9267851661707204,0.7262809594776808,0.9932225480612576,4,380
0.29,0.19,0.09,0.9310344827586207,0.9306461173681091,0.9103367267032106,0.7714285714285715,0.7353629976580797,0.670028818443804,0.9818181818181818,0.9968253968253968,1.0,3,1,0,48,113,229,0.9267784219303853,0.725606795843485,0.9928811928811929,4,390
0.23,0.22,0.22,0.92090395480226,0.933572710951526,0.931272875152501,0.7244444444444444,0.7591240875912408,0.7646076794657763,0.9878787878787879,0.9904761904761905,0.9849462365591398,2,3,7,62,99,141,0.926778365717088,0.7493920705004872,0.9877670716380393,12,302
0.3,0.22,0.07,0.933179723502304,0.933572710951526,0.9004647560030984,0.7788461538461539,0.7591240875912408,0.6440443213296398,0.9818181818181818,0.9904761904761905,1.0,3,3,0,46,99,257,0.9267546262372295,0.7273381875890115,0.9907647907647908,6,402
0.25,0.23,0.1,0.928246013667426,0.934131736526946,0.911949685534591,0.7477064220183486,0.7609756097560976,0.6783625730994152,0.9878787878787879,0.9904761904761905,0.9978494623655914,2,3,1,55,98,220,0.926752464898715,0.7290148682912871,0.9920681469068565,6,373
0.29,0.28,0.06,0.9310344827586207,0.9412832929782083,0.8942307692307693,0.7714285714285715,0.7933673469387755,0.6283783783783784,0.9818181818181818,0.9873015873015873,1.0,3,4,0,48,81,275,0.9267483831189267,0.7310580989152418,0.9897065897065898,7,404
0.27,0.2,0.08,0.9324942791762013,0.9304399524375744,0.9067862714508581,0.7616822429906542,0.7417061611374408,0.6605113636363636,0.9878787878787879,0.9936507936507937,1.0,2,2,0,51,109,239,0.9267363796095445,0.721299922588153,0.9938431938431939,4,399
0.28,0.2,0.08,0.9324942791762013,0.9304399524375744,0.9067862714508581,0.7616822429906542,0.7417061611374408,0.6605113636363636,0.9878787878787879,0.9936507936507937,1.0,2,2,0,51,109,239,0.9267363796095445,0.721299922588153,0.9938431938431939,4,399
0.29,0.2,0.09,0.9310344827586207,0.9304399524375744,0.9103367267032106,0.7714285714285715,0.7417061611374408,0.670028818443804,0.9818181818181818,0.9936507936507937,1.0,3,2,0,48,109,229,0.9267165724512249,0.7277211836699388,0.9918229918229918,5,386
0.23,0.23,0.16,0.92090395480226,0.934131736526946,0.9300924065889916,0.7244444444444444,0.7609756097560976,0.7360890302066773,0.9878787878787879,0.9904761904761905,0.9956989247311828,2,3,2,62,98,166,0.9267099796770121,0.7405030281357398,0.9913513010287204,7,326
0.3,0.17,0.08,0.933179723502304,0.9292035398230089,0.9067862714508581,0.7788461538461539,0.7241379310344828,0.6605113636363636,0.9818181818181818,1.0,1.0,3,0,0,46,120,239,0.9267081779882262,0.7211651495056667,0.993939393939394,3,405
0.29,0.25,0.07,0.9310344827586207,0.936936936936937,0.9004647560030984,0.7714285714285715,0.7703703703703704,0.6440443213296398,0.9818181818181818,0.9904761904761905,1.0,3,3,0,48,93,257,0.9266912736610111,0.7286144210428606,0.9907647907647908,6,398
0.23,0.23,0.2,0.92090395480226,0.934131736526946,0.9299027552674232,0.7244444444444444,0.7609756097560976,0.7549342105263158,0.9878787878787879,0.9904761904761905,0.9870967741935484,2,3,6,62,98,149,0.9266720494126984,0.7467847549089526,0.9884839175161755,11,309
0.29,0.17,0.1,0.9310344827586207,0.9292035398230089,0.911949685534591,0.7714285714285715,0.7241379310344828,0.6783625730994152,0.9818181818181818,1.0,0.9978494623655914,3,0,1,48,120,220,0.9266682404331312,0.7246430251874898,0.9932225480612576,4,388
0.24,0.17,0.14,0.9261363636363638,0.9292035398230089,0.9241516966067865,0.740909090909091,0.7241379310344828,0.7178294573643411,0.9878787878787879,1.0,0.9956989247311828,2,0,2,57,120,182,0.9266595830864418,0.7276254931026384,0.9945259042033235,4,359
0.26,0.15,0.11,0.9314285714285714,0.9253819036427733,0.916633741604109,0.7581395348837209,0.7126696832579186,0.6915052160953801,0.9878787878787879,1.0,0.9978494623655914,2,0,1,52,127,207,0.9266556051279395,0.7207714780790065,0.9952427500814597,3,386
0.24,0.19,0.13,0.9261363636363638,0.9306461173681091,0.9219434488251693,0.740909090909091,0.7353629976580797,0.7112135176651305,0.9878787878787879,0.9968253968253968,0.9956989247311828,2,1,2,57,113,188,0.9266507067936485,0.7291618687441005,0.9934677031451224,5,358
0.3,0.13,0.13,0.933179723502304,0.9189031505250874,0.9219434488251693,0.7788461538461539,0.6938325991189427,0.7112135176651305,0.9818181818181818,1.0,0.9956989247311828,3,0,2,46,139,188,0.9266494966737121,0.7279640902100758,0.9925057021831215,5,373
0.25,0.19,0.11,0.928246013667426,0.9306461173681091,0.916633741604109,0.7477064220183486,0.7353629976580797,0.6915052160953801,0.9878787878787879,0.9968253968253968,0.9978494623655914,2,1,1,55,113,207,0.9266435903649676,0.7248582119239361,0.9941845490232586,4,375
0.24,0.23,0.11,0.9261363636363638,0.934131736526946,0.916633741604109,0.740909090909091,0.7609756097560976,0.6915052160953801,0.9878787878787879,0.9904761904761905,0.9978494623655914,2,3,1,57,98,207,0.9266344510970875,0.7311299722535228,0.9920681469068565,6,362
0.23,0.21,0.21,0.92090395480226,0.9324566646742379,0.9321689683184401,0.7244444444444444,0.7554479418886199,0.7624584717607974,0.9878787878787879,0.9904761904761905,0.9870967741935484,2,3,6,62,101,143,0.9266227704670894,0.7474502860312873,0.9884839175161755,11,306
0.24,0.18,0.12,0.9261363636363638,0.9314015375517445,0.9206349206349207,0.740909090909091,0.7308584686774942,0.703030303030303,0.9878787878787879,1.0,0.9978494623655914,2,0,1,57,116,196,0.9266156272106894,0.724932620872296,0.9952427500814597,3,369
0.29,0.21,0.08,0.9310344827586207,0.9324566646742379,0.9067862714508581,0.7714285714285715,0.7554479418886199,0.6605113636363636,0.9818181818181818,0.9904761904761905,1.0,3,3,0,48,101,239,0.9266114950717532,0.7291292923178516,0.9907647907647908,6,388
0.23,0.21,0.19,0.92090395480226,0.9324566646742379,0.9320663162151235,0.7244444444444444,0.7554479418886199,0.7520391517128875,0.9878787878787879,0.9904761904761905,0.9913978494623656,2,3,4,62,101,152,0.926602240046426,0.7439771793486506,0.9899176092724481,9,315
0.3,0.16,0.09,0.933179723502304,0.926470588235294,0.9103367267032106,0.7788461538461539,0.7159090909090909,0.670028818443804,0.9818181818181818,1.0,1.0,3,0,0,46,125,229,0.9265983835623824,0.7215946877330163,0.993939393939394,3,400
0.3,0.15,0.1,0.933179723502304,0.9253819036427733,0.911949685534591,0.7788461538461539,0.7126696832579186,0.6783625730994152,0.9818181818181818,1.0,0.9978494623655914,3,0,1,46,127,220,0.9265943699509023,0.7232928034011626,0.9932225480612576,4,393
0.24,0.2,0.13,0.9261363636363638,0.9304399524375744,0.9219434488251693,0.740909090909091,0.7417061611374408,0.7112135176651305,0.9878787878787879,0.9936507936507937,0.9956989247311828,2,2,2,57,109,188,0.926588857314488,0.7312762565705541,0.9924095020869214,6,354
0.25,0.22,0.1,0.928246013667426,0.933572710951526,0.911949685534591,0.7477064220183486,0.7591240875912408,0.6783625730994152,0.9878787878787879,0.9904761904761905,0.9978494623655914,2,3,1,55,99,220,0.926584757226089,0.7283976942363349,0.9920681469068565,6,374
0.25,0.2,0.11,0.928246013667426,0.9304399524375744,0.916633741604109,0.7477064220183486,0.7417061611374408,0.6915052160953801,0.9878787878787879,0.9936507936507937,0.9978494623655914,2,2,1,55,109,207,0.9265817408858071,0.7269725997503897,0.9931263479650575,5,371
0.26,0.14,0.13,0.9314285714285714,0.9215915740198947,0.9219434488251693,0.7581395348837209,0.7015590200445434,0.7112135176651305,0.9878787878787879,1.0,0.9956989247311828,2,0,2,52,134,188,0.926580447685288,0.7236373575311316,0.9945259042033235,4,374
0.27,0.23,0.07,0.9324942791762013,0.934131736526946,0.9004647560030984,0.7616822429906542,0.7609756097560976,0.6440443213296398,0.9878787878787879,0.9904761904761905,1.0,2,3,0,51,98,257,0.9265796117468041,0.7222340580254638,0.9927849927849928,5,406
0.28,0.23,0.07,0.9324942791762013,0.934131736526946,0.9004647560030984,0.7616822429906542,0.7609756097560976,0.6440443213296398,0.9878787878787879,0.9904761904761905,1.0,2,3,0,51,98,257,0.9265796117468041,0.7222340580254638,0.9927849927849928,5,406
0.27,0.16,0.1,0.9324942791762013,0.926470588235294,0.911949685534591,0.7616822429906542,0.7159090909090909,0.6783625730994152,0.9878787878787879,1.0,0.9978494623655914,2,0,1,51,125,220,0.926578253165607,0.7186513023330535,0.9952427500814597,3,396
0.28,0.16,0.1,0.9324942791762013,0.926470588235294,0.911949685534591,0.7616822429906542,0.7159090909090909,0.6783625730994152,0.9878787878787879,1.0,0.9978494623655914,2,0,1,51,125,220,0.926578253165607,0.7186513023330535,0.9952427500814597,3,396
0.25,0.15,0.14,0.928246013667426,0.9253819036427733,0.9241516966067865,0.7477064220183486,0.7126696832579186,0.7178294573643411,0.9878787878787879,1.0,0.9956989247311828,2,0,2,55,127,182,0.9265679172479022,0.7260685208802027,0.9945259042033235,4,364
0.25,0.25,0.08,0.928246013667426,0.936936936936937,0.9067862714508581,0.7477064220183486,0.7703703703703704,0.6605113636363636,0.9878787878787879,0.9904761904761905,1.0,2,3,0,55,93,239,0.9265613422049657,0.7261960520083609,0.9927849927849928,5,387
0.23,0.21,0.18,0.92090395480226,0.9324566646742379,0.9318273497377975,0.7244444444444444,0.7554479418886199,0.7463651050080775,0.9878787878787879,0.9904761904761905,0.9935483870967742,2,3,3,62,101,157,0.9265544467509609,0.7420858304470471,0.9906344551505842,8,320
0.26,0.24,0.07,0.9314285714285714,0.9358128374325134,0.9004647560030984,0.7581395348837209,0.7665847665847666,0.6440443213296398,0.9878787878787879,0.9904761904761905,1.0,2,3,0,52,95,257,0.9265510881446595,0.7229228742660424,0.9927849927849928,5,404
0.26,0.17,0.09,0.9314285714285714,0.9292035398230089,0.9103367267032106,0.7581395348837209,0.7241379310344828,0.670028818443804,0.9878787878787879,1.0,1.0,2,0,0,52,120,229,0.9265426930018305,0.7174354281206692,0.9959595959595959,2,401
0.23,0.22,0.16,0.92090395480226,0.933572710951526,0.9300924065889916,0.7244444444444444,0.7591240875912408,0.7360890302066773,0.9878787878787879,0.9904761904761905,0.9956989247311828,2,3,2,62,99,166,0.9265422720043861,0.7398858540807876,0.9913513010287204,7,327
0.3,0.25,0.06,0.933179723502304,0.936936936936937,0.8942307692307693,0.7788461538461539,0.7703703703703704,0.6283783783783784,0.9818181818181818,0.9904761904761905,1.0,3,3,0,46,93,275,0.926517096678387,0.7258649675316343,0.9907647907647908,6,414
0.23,0.21,0.17,0.92090395480226,0.9324566646742379,0.9315895372233401,0.7244444444444444,0.7554479418886199,0.7408,0.9878787878787879,0.9904761904761905,0.9956989247311828,2,3,2,62,101,162,0.9265068842480694,0.7402307954443548,0.9913513010287204,7,325
0.23,0.22,0.2,0.92090395480226,0.933572710951526,0.9299027552674232,0.7244444444444444,0.7591240875912408,0.7549342105263158,0.9878787878787879,0.9904761904761905,0.9870967741935484,2,3,6,62,99,149,0.9265043417400725,0.7461675808540004,0.9884839175161755,11,310
0.26,0.18,0.08,0.9314285714285714,0.9314015375517445,0.9067862714508581,0.7581395348837209,0.7308584686774942,0.6605113636363636,0.9878787878787879,1.0,1.0,2,0,0,52,116,239,0.9264920012699807,0.7165031223991929,0.9959595959595959,2,407
0.26,0.26,0.06,0.9314285714285714,0.9397590361445785,0.8942307692307693,0.7581395348837209,0.78,0.6283783783783784,0.9878787878787879,0.9904761904761905,1.0,2,3,0,52,88,275,0.9264881504038132,0.7221726377540332,0.9927849927849928,5,415
0.24,0.22,0.11,0.9261363636363638,0.933572710951526,0.916633741604109,0.740909090909091,0.7591240875912408,0.6915052160953801,0.9878787878787879,0.9904761904761905,0.9978494623655914,2,3,1,57,99,207,0.9264667434244616,0.7305127981985707,0.9920681469068565,6,363
0.29,0.15,0.11,0.9310344827586207,0.9253819036427733,0.916633741604109,0.7714285714285715,0.7126696832579186,0.6915052160953801,0.9818181818181818,1.0,0.9978494623655914,3,0,1,48,127,207,0.9264585607929642,0.72520115692729,0.9932225480612576,4,382
0.25,0.16,0.13,0.928246013667426,0.926470588235294,0.9219434488251693,0.7477064220183486,0.7159090909090909,0.7112135176651305,0.9878787878787879,1.0,0.9956989247311828,2,0,2,55,125,188,0.926452873069335,0.7249430101975234,0.9945259042033235,4,368
0.25,0.23,0.09,0.928246013667426,0.934131736526946,0.9103367267032106,0.7477064220183486,0.7609756097560976,0.670028818443804,0.9878787878787879,0.9904761904761905,1.0,2,3,0,55,98,229,0.926429873132439,0.72623695007275,0.9927849927849928,5,382
0.3,0.21,0.07,0.933179723502304,0.9324566646742379,0.9004647560030984,0.7788461538461539,0.7554479418886199,0.6440443213296398,0.9818181818181818,0.9904761904761905,1.0,3,3,0,46,101,257,0.926419812354043,0.7261128056881377,0.9907647907647908,6,404
0.27,0.22,0.07,0.9324942791762013,0.933572710951526,0.9004647560030984,0.7616822429906542,0.7591240875912408,0.6440443213296398,0.9878787878787879,0.9904761904761905,1.0,2,3,0,51,99,257,0.9264119040741783,0.7216168839705116,0.9927849927849928,5,407
0.28,0.22,0.07,0.9324942791762013,0.933572710951526,0.9004647560030984,0.7616822429906542,0.7591240875912408,0.6440443213296398,0.9878787878787879,0.9904761904761905,1.0,2,3,0,51,99,257,0.9264119040741783,0.7216168839705116,0.9927849927849928,5,407
0.29,0.27,0.06,0.9310344827586207,0.9401451027811366,0.8942307692307693,0.7714285714285715,0.7893401015228426,0.6283783783783784,0.9818181818181818,0.9873015873015873,1.0,3,4,0,48,83,275,0.9264069260598051,0.7297156837765976,0.9897065897065898,7,406
0.3,0.14,0.11,0.933179723502304,0.9215915740198947,0.916633741604109,0.7788461538461539,0.7015590200445434,0.6915052160953801,0.9818181818181818,1.0,0.9978494623655914,3,0,1,46,134,207,0.9263940822779423,0.723970129995359,0.9932225480612576,4,387
0.24,0.19,0.12,0.9261363636363638,0.9306461173681091,0.9206349206349207,0.740909090909091,0.7353629976580797,0.703030303030303,0.9878787878787879,0.9968253968253968,0.9978494623655914,2,1,1,57,113,196,0.9263890011555987,0.7264341305324913,0.9941845490232586,4,366
0.3,0.13,0.12,0.933179723502304,0.9189031505250874,0.9206349206349207,0.7788461538461539,0.6938325991189427,0.703030303030303,0.9818181818181818,1.0,0.9978494623655914,3,0,1,46,139,196,0.9263877910356624,0.7252363519984666,0.9932225480612576,4,381
0.29,0.14,0.13,0.9310344827586207,0.9215915740198947,0.9219434488251693,0.7714285714285715,0.7015590200445434,0.7112135176651305,0.9818181818181818,1.0,0.9956989247311828,3,0,2,48,134,188,0.9263834033503126,0.7280670363794152,0.9925057021831215,5,370
0.27,0.17,0.08,0.9324942791762013,0.9292035398230089,0.9067862714508581,0.7616822429906542,0.7241379310344828,0.6605113636363636,0.9878787878787879,1.0,1.0,2,0,0,51,120,239,0.9263654558251748,0.7154438458871669,0.9959595959595959,2,410
0.28,0.17,0.08,0.9324942791762013,0.9292035398230089,0.9067862714508581,0.7616822429906542,0.7241379310344828,0.6605113636363636,0.9878787878787879,1.0,1.0,2,0,0,51,120,239,0.9263654558251748,0.7154438458871669,0.9959595959595959,2,410
0.29,0.24,0.07,0.9310344827586207,0.9358128374325134,0.9004647560030984,0.7714285714285715,0.7665847665847666,0.6440443213296398,0.9818181818181818,0.9904761904761905,1.0,3,3,0,48,95,257,0.926354043809684,0.727352553114326,0.9907647907647908,6,400
0.29,0.17,0.09,0.9310344827586207,0.9292035398230089,0.9103367267032106,0.7714285714285715,0.7241379310344828,0.670028818443804,0.9818181818181818,1.0,1.0,3,0,0,48,120,229,0.9263456486668552,0.7218651069689527,0.993939393939394,3,397
0.24,0.2,0.12,0.9261363636363638,0.9304399524375744,0.9206349206349207,0.740909090909091,0.7417061611374408,0.703030303030303,0.9878787878787879,0.9936507936507937,0.9978494623655914,2,2,1,57,109,196,0.9263271516764383,0.728548518358945,0.9931263479650575,5,362
0.26,0.14,0.12,0.9314285714285714,0.9215915740198947,0.9206349206349207,0.7581395348837209,0.7015590200445434,0.703030303030303,0.9878787878787879,1.0,0.9978494623655914,2,0,1,52,134,196,0.9263187420472383,0.7209096193195225,0.9952427500814597,3,382
0.27,0.13,0.13,0.9324942791762013,0.9189031505250874,0.9219434488251693,0.7616822429906542,0.6938325991189427,0.7112135176651305,0.9878787878787879,1.0,0.9956989247311828,2,0,2,51,139,188,0.9263067745106607,0.7222427865915758,0.9945259042033235,4,378
0.28,0.13,0.13,0.9324942791762013,0.9189031505250874,0.9219434488251693,0.7616822429906542,0.6938325991189427,0.7112135176651305,0.9878787878787879,1.0,0.9956989247311828,2,0,2,51,139,188,0.9263067745106607,0.7222427865915758,0.9945259042033235,4,378
0.29,0.18,0.08,0.9310344827586207,0.9314015375517445,0.9067862714508581,0.7714285714285715,0.7308584686774942,0.6605113636363636,0.9818181818181818,1.0,1.0,3,0,0,48,116,239,0.9262949569350052,0.7209328012474764,0.993939393939394,3,403
0.29,0.26,0.06,0.9310344827586207,0.9397590361445785,0.8942307692307693,0.7714285714285715,0.78,0.6283783783783784,0.9818181818181818,0.9904761904761905,1.0,3,3,0,48,88,275,0.9262911060688377,0.7266023166023167,0.9907647907647908,6,411
0.24,0.16,0.15,0.9261363636363638,0.926470588235294,0.9263705482192878,0.740909090909091,0.7159090909090909,0.7245696400625978,0.9878787878787879,1.0,0.9956989247311828,2,0,2,57,125,176,0.9262834679326276,0.72712927396026,0.9945259042033235,4,358
0.3,0.15,0.09,0.933179723502304,0.9253819036427733,0.9103367267032106,0.7788461538461539,0.7126696832579186,0.670028818443804,0.9818181818181818,1.0,1.0,3,0,0,46,127,229,0.9262717781846262,0.7205148851826255,0.993939393939394,3,402
0.26,0.19,0.08,0.9314285714285714,0.9306461173681091,0.9067862714508581,0.7581395348837209,0.7353629976580797,0.6605113636363636,0.9878787878787879,0.9968253968253968,1.0,2,1,0,52,113,239,0.9262653752148899,0.718004632059388,0.9949013949013948,3,404
0.25,0.22,0.09,0.928246013667426,0.933572710951526,0.9103367267032106,0.7477064220183486,0.7591240875912408,0.670028818443804,0.9878787878787879,0.9904761904761905,1.0,2,3,0,55,99,229,0.926262165459813,0.7256197760177979,0.9927849927849928,5,383
0.27,0.16,0.09,0.9324942791762013,0.926470588235294,0.9103367267032106,0.7616822429906542,0.7159090909090909,0.670028818443804,0.9878787878787879,1.0,1.0,2,0,0,51,125,229,0.926255661399331,0.7158733841145164,0.9959595959595959,2,405
0.28,0.16,0.09,0.9324942791762013,0.926470588235294,0.9103367267032106,0.7616822429906542,0.7159090909090909,0.670028818443804,0.9878787878787879,1.0,1.0,2,0,0,51,125,229,0.926255661399331,0.7158733841145164,0.9959595959595959,2,405
0.27,0.15,0.1,0.9324942791762013,0.9253819036427733,0.911949685534591,0.7616822429906542,0.7126696832579186,0.6783625730994152,0.9878787878787879,1.0,0.9978494623655914,2,0,1,51,127,220,0.9262516477878509,0.7175714997826628,0.9952427500814597,3,398
0.28,0.15,0.1,0.9324942791762013,0.9253819036427733,0.911949685534591,0.7616822429906542,0.7126696832579186,0.6783625730994152,0.9878787878787879,1.0,0.9978494623655914,2,0,1,51,127,220,0.9262516477878509,0.7175714997826628,0.9952427500814597,3,398
0.25,0.21,0.1,0.928246013667426,0.9324566646742379,0.911949685534591,0.7477064220183486,0.7554479418886199,0.6783625730994152,0.9878787878787879,0.9904761904761905,0.9978494623655914,2,3,1,55,101,220,0.9262499433429026,0.7271723123354613,0.9920681469068565,6,376
0.23,0.18,0.18,0.92090395480226,0.9314015375517445,0.9318273497377975,0.7244444444444444,0.7308584686774942,0.7463651050080775,0.9878787878787879,1.0,0.9935483870967742,2,0,3,62,116,157,0.9262379086142128,0.7338893393766721,0.9938090583251874,5,335
0.25,0.24,0.08,0.928246013667426,0.9358128374325134,0.9067862714508581,0.7477064220183486,0.7665847665847666,0.6605113636363636,0.9878787878787879,0.9904761904761905,1.0,2,3,0,55,95,239,0.9262241123536386,0.7249341840798262,0.9927849927849928,5,389
0.24,0.17,0.13,0.9261363636363638,0.9292035398230089,0.9219434488251693,0.740909090909091,0.7241379310344828,0.7112135176651305,0.9878787878787879,1.0,0.9956989247311828,2,0,2,57,120,188,0.9262179335301184,0.7254201798695682,0.9945259042033235,4,365
0.25,0.17,0.11,0.928246013667426,0.9292035398230089,0.916633741604109,0.7477064220183486,0.7241379310344828,0.6915052160953801,0.9878787878787879,1.0,0.9978494623655914,2,0,1,55,120,207,0.9262108171014375,0.7211165230494038,0.9952427500814597,3,382
0.23,0.21,0.16,0.92090395480226,0.9324566646742379,0.9300924065889916,0.7244444444444444,0.7554479418886199,0.7360890302066773,0.9878787878787879,0.9904761904761905,0.9956989247311828,2,3,2,62,101,166,0.9262074581211996,0.7386604721799138,0.9913513010287204,7,329
0.26,0.2,0.08,0.9314285714285714,0.9304399524375744,0.9067862714508581,0.7581395348837209,0.7417061611374408,0.6605113636363636,0.9878787878787879,0.9936507936507937,1.0,2,2,0,52,109,239,0.9262035257357295,0.7201190198858418,0.9938431938431939,4,400
0.24,0.24,0.1,0.9261363636363638,0.9358128374325134,0.911949685534591,0.740909090909091,0.7665847665847666,0.6783625730994152,0.9878787878787879,0.9904761904761905,0.9978494623655914,2,3,1,57,95,220,0.9262019701548541,0.7286188101977574,0.9920681469068565,6,372
0.25,0.16,0.12,0.928246013667426,0.926470588235294,0.9206349206349207,0.7477064220183486,0.7159090909090909,0.703030303030303,0.9878787878787879,1.0,0.9978494623655914,2,0,1,55,125,196,0.9261911674312853,0.7222152719859142,0.9952427500814597,3,376
0.23,0.18,0.17,0.92090395480226,0.9314015375517445,0.9315895372233401,0.7244444444444444,0.7308584686774942,0.7408,0.9878787878787879,1.0,0.9956989247311828,2,0,2,62,116,162,0.9261903461113213,0.7320343043739795,0.9945259042033235,4,340
0.3,0.24,0.06,0.933179723502304,0.9358128374325134,0.8942307692307693,0.7788461538461539,0.7665847665847666,0.6283783783783784,0.9818181818181818,0.9904761904761905,1.0,3,3,0,46,95,275,0.92617986682706,0.7246030996030997,0.9907647907647908,6,416
0.27,0.25,0.06,0.9324942791762013,0.936936936936937,0.8942307692307693,0.7616822429906542,0.7703703703703704,0.6283783783783784,0.9878787878787879,0.9904761904761905,1.0,2,3,0,51,93,275,0.9261743745153357,0.7201436639131343,0.9927849927849928,5,419
0.28,0.25,0.06,0.9324942791762013,0.936936936936937,0.8942307692307693,0.7616822429906542,0.7703703703703704,0.6283783783783784,0.9878787878787879,0.9904761904761905,1.0,2,3,0,51,93,275,0.9261743745153357,0.7201436639131343,0.9927849927849928,5,419
0.23,0.21,0.2,0.92090395480226,0.9324566646742379,0.9299027552674232,0.7244444444444444,0.7554479418886199,0.7549342105263158,0.9878787878787879,0.9904761904761905,0.9870967741935484,2,3,6,62,101,149,0.926169527856886,0.7449421989531267,0.9884839175161755,11,312
0.24,0.21,0.11,0.9261363636363638,0.9324566646742379,0.916633741604109,0.740909090909091,0.7554479418886199,0.6915052160953801,0.9878787878787879,0.9904761904761905,0.9978494623655914,2,3,1,57,101,207,0.9261319295412751,0.729287416297697,0.9920681469068565,6,365
0.25,0.15,0.13,0.928246013667426,0.9253819036427733,0.9219434488251693,0.7477064220183486,0.7126696832579186,0.7112135176651305,0.9878787878787879,1.0,0.9956989247311828,2,0,2,55,127,188,0.9261262676915788,0.7238632076471325,0.9945259042033235,4,370
0.29,0.14,0.12,0.9310344827586207,0.9215915740198947,0.9206349206349207,0.7714285714285715,0.7015590200445434,0.703030303030303,0.9818181818181818,1.0,0.9978494623655914,3,0,1,48,134,196,0.9261216977122628,0.725339298167806,0.9932225480612576,4,378
0.3,0.18,0.07,0.933179723502304,0.9314015375517445,0.9004647560030984,0.7788461538461539,0.7308584686774942,0.6440443213296398,0.9818181818181818,1.0,1.0,3,0,0,46,116,257,0.926103274217295,0.7179163146177626,0.993939393939394,3,419
0.27,0.21,0.07,0.9324942791762013,0.9324566646742379,0.9004647560030984,0.7616822429906542,0.7554479418886199,0.6440443213296398,0.9878787878787879,0.9904761904761905,1.0,2,3,0,51,101,257,0.9260770901909918,0.720391502069638,0.9927849927849928,5,409
0.28,0.21,0.07,0.9324942791762013,0.9324566646742379,0.9004647560030984,0.7616822429906542,0.7554479418886199,0.6440443213296398,0.9878787878787879,0.9904761904761905,1.0,2,3,0,51,101,257,0.9260770901909918,0.720391502069638,0.9927849927849928,5,409
0.29,0.19,0.08,0.9310344827586207,0.9306461173681091,0.9067862714508581,0.7714285714285715,0.7353629976580797,0.6605113636363636,0.9818181818181818,0.9968253968253968,1.0,3,1,0,48,113,239,0.9260683308799147,0.7224343109076715,0.9928811928811929,4,400
0.23,0.19,0.19,0.92090395480226,0.9306461173681091,0.9320663162151235,0.7244444444444444,0.7353629976580797,0.7520391517128875,0.9878787878787879,0.9968253968253968,0.9913978494623656,2,1,4,62,113,152,0.9260590758545875,0.7372821979384705,0.9920340113888502,7,327
0.27,0.14,0.11,0.9324942791762013,0.9215915740198947,0.916633741604109,0.7616822429906542,0.7015590200445434,0.6915052160953801,0.9878787878787879,1.0,0.9978494623655914,2,0,1,51,134,207,0.926051360114891,0.7182488263768593,0.9952427500814597,3,392
0.28,0.14,0.11,0.9324942791762013,0.9215915740198947,0.916633741604109,0.7616822429906542,0.7015590200445434,0.6915052160953801,0.9878787878787879,1.0,0.9978494623655914,2,0,1,51,134,207,0.926051360114891,0.7182488263768593,0.9952427500814597,3,392
0.26,0.23,0.07,0.9314285714285714,0.934131736526946,0.9004647560030984,0.7581395348837209,0.7609756097560976,0.6440443213296398,0.9878787878787879,0.9904761904761905,1.0,2,3,0,52,98,257,0.9260467578729892,0.7210531553231528,0.9927849927849928,5,407
0.26,0.16,0.1,0.9314285714285714,0.926470588235294,0.911949685534591,0.7581395348837209,0.7159090909090909,0.6783625730994152,0.9878787878787879,1.0,0.9978494623655914,2,0,1,52,125,220,0.9260453992917921,0.7174703996307423,0.9952427500814597,3,397
0.27,0.13,0.12,0.9324942791762013,0.9189031505250874,0.9206349206349207,0.7616822429906542,0.6938325991189427,0.703030303030303,0.9878787878787879,1.0,0.9978494623655914,2,0,1,51,139,196,0.926045068872611,0.7195150483799666,0.9952427500814597,3,386
0.28,0.13,0.12,0.9324942791762013,0.9189031505250874,0.9206349206349207,0.7616822429906542,0.6938325991189427,0.703030303030303,0.9878787878787879,1.0,0.9978494623655914,2,0,1,51,139,196,0.926045068872611,0.7195150483799666,0.9952427500814597,3,386
0.23,0.19,0.18,0.92090395480226,0.9306461173681091,0.9318273497377975,0.7244444444444444,0.7353629976580797,0.7463651050080775,0.9878787878787879,0.9968253968253968,0.9935483870967742,2,1,3,62,113,157,0.9260112825591222,0.7353908490368672,0.9927508572669863,6,332
0.29,0.2,0.08,0.9310344827586207,0.9304399524375744,0.9067862714508581,0.7714285714285715,0.7417061611374408,0.6605113636363636,0.9818181818181818,0.9936507936507937,1.0,3,2,0,48,109,239,0.9260064814007543,0.7245486987341253,0.9918229918229918,5,396
0.23,0.2,0.19,0.92090395480226,0.9304399524375744,0.9320663162151235,0.7244444444444444,0.7417061611374408,0.7520391517128875,0.9878787878787879,0.9936507936507937,0.9913978494623656,2,2,4,62,109,152,0.925997226375427,0.7393965857649243,0.9909758103306491,8,323
0.3,0.29,0.05,0.933179723502304,0.9424242424242424,0.8833586626139818,0.7788461538461539,0.7974358974358975,0.6023316062176166,0.9818181818181818,0.9873015873015873,1.0,3,4,0,46,79,307,0.9259888670012211,0.7262045524998894,0.9897065897065898,7,432
0.23,0.23,0.15,0.92090395480226,0.934131736526946,0.9263705482192878,0.7244444444444444,0.7609756097560976,0.7245696400625978,0.9878787878787879,0.9904761904761905,0.9956989247311828,2,3,2,62,98,176,0.9259656080030714,0.7366632314210465,0.9913513010287204,7,336
0.23,0.19,0.17,0.92090395480226,0.9306461173681091,0.9315895372233401,0.7244444444444444,0.7353629976580797,0.7408,0.9878787878787879,0.9968253968253968,0.9956989247311828,2,1,2,62,113,162,0.9259637200562307,0.7335358140341747,0.9934677031451224,5,337
0.24,0.15,0.15,0.9261363636363638,0.9253819036427733,0.9263705482192878,0.740909090909091,0.7126696832579186,0.7245696400625978,0.9878787878787879,1.0,0.9956989247311828,2,0,2,57,127,176,0.9259568625548714,0.7260494714098691,0.9945259042033235,4,360
0.24,0.17,0.12,0.9261363636363638,0.9292035398230089,0.9206349206349207,0.740909090909091,0.7241379310344828,0.703030303030303,0.9878787878787879,1.0,0.9978494623655914,2,0,1,57,120,196,0.9259562278920687,0.722692441657959,0.9952427500814597,3,373
0.23,0.2,0.18,0.92090395480226,0.9304399524375744,0.9318273497377975,0.7244444444444444,0.7417061611374408,0.7463651050080775,0.9878787878787879,0.9936507936507937,0.9935483870967742,2,2,3,62,109,157,0.9259494330799618,0.7375052368633209,0.9916926562087852,7,328
0.25,0.18,0.1,0.928246013667426,0.9314015375517445,0.911949685534591,0.7477064220183486,0.7308584686774942,0.6783625730994152,0.9878787878787879,1.0,0.9978494623655914,2,0,1,55,116,220,0.9259334052061545,0.718975821265086,0.9952427500814597,3,391
0.27,0.15,0.09,0.9324942791762013,0.9253819036427733,0.9103367267032106,0.7616822429906542,0.7126696832579186,0.670028818443804,0.9878787878787879,1.0,1.0,2,0,0,51,127,229,0.9259290560215748,0.7147935815641256,0.9959595959595959,2,407
0.28,0.15,0.09,0.9324942791762013,0.9253819036427733,0.9103367267032106,0.7616822429906542,0.7126696832579186,0.670028818443804,0.9878787878787879,1.0,1.0,2,0,0,51,127,229,0.9259290560215748,0.7147935815641256,0.9959595959595959,2,407
0.25,0.21,0.09,0.928246013667426,0.9324566646742379,0.9103367267032106,0.7477064220183486,0.7554479418886199,0.670028818443804,0.9878787878787879,0.9904761904761905,1.0,2,3,0,55,101,229,0.9259273515766265,0.7243943941169242,0.9927849927849928,5,385
0.22,0.22,0.21,0.9188275084554679,0.933572710951526,0.9321689683184401,0.7180616740088106,0.7591240875912408,0.7624584717607974,0.9878787878787879,0.9904761904761905,0.9870967741935484,2,3,6,64,99,143,0.9259193611768798,0.7465480777869496,0.9884839175161755,11,306
0.23,0.2,0.17,0.92090395480226,0.9304399524375744,0.9315895372233401,0.7244444444444444,0.7417061611374408,0.7408,0.9878787878787879,0.9936507936507937,0.9956989247311828,2,2,2,62,109,162,0.9259018705770703,0.7356502018606285,0.9924095020869214,6,333
0.22,0.22,0.19,0.9188275084554679,0.933572710951526,0.9320663162151235,0.7180616740088106,0.7591240875912408,0.7520391517128875,0.9878787878787879,0.9904761904761905,0.9913978494623656,2,3,4,64,99,152,0.9258988307562164,0.743074971104313,0.9899176092724481,9,315
0.23,0.18,0.16,0.92090395480226,0.9314015375517445,0.9300924065889916,0.7244444444444444,0.7308584686774942,0.7360890302066773,0.9878787878787879,1.0,0.9956989247311828,2,0,2,62,116,166,0.9258909199844516,0.7304639811095387,0.9945259042033235,4,344
0.3,0.16,0.08,0.933179723502304,0.926470588235294,0.9067862714508581,0.7788461538461539,0.7159090909090909,0.6605113636363636,0.9818181818181818,1.0,1.0,3,0,0,46,125,239,0.9258882925119118,0.7184222027972028,0.993939393939394,3,410
0.24,0.24,0.09,0.9261363636363638,0.9358128374325134,0.9103367267032106,0.740909090909091,0.7665847665847666,0.670028818443804,0.9878787878787879,0.9904761904761905,1.0,2,3,0,57,95,229,0.925879378388578,0.7258408919792205,0.9927849927849928,5,381
0.26,0.22,0.07,0.9314285714285714,0.933572710951526,0.9004647560030984,0.7581395348837209,0.7591240875912408,0.6440443213296398,0.9878787878787879,0.9904761904761905,1.0,2,3,0,52,99,257,0.9258790502003633,0.7204359812682005,0.9927849927849928,5,408
0.3,0.19,0.07,0.933179723502304,0.9306461173681091,0.9004647560030984,0.7788461538461539,0.7353629976580797,0.6440443213296398,0.9818181818181818,0.9968253968253968,1.0,3,1,0,46,113,257,0.9258766481622045,0.7194178242779579,0.9928811928811929,4,416
0.25,0.15,0.12,0.928246013667426,0.9253819036427733,0.9206349206349207,0.7477064220183486,0.7126696832579186,0.703030303030303,0.9878787878787879,1.0,0.9978494623655914,2,0,1,55,127,196,0.9258645620535291,0.7211354694355233,0.9952427500814597,3,378
0.22,0.22,0.18,0.9188275084554679,0.933572710951526,0.9318273497377975,0.7180616740088106,0.7591240875912408,0.7463651050080775,0.9878787878787879,0.9904761904761905,0.9935483870967742,2,3,3,64,99,157,0.9258510374607513,0.7411836222027096,0.9906344551505842,8,320
0.29,0.23,0.07,0.9310344827586207,0.934131736526946,0.9004647560030984,0.7714285714285715,0.7609756097560976,0.6440443213296398,0.9818181818181818,0.9904761904761905,1.0,3,3,0,48,98,257,0.9258497135380139,0.7254828341714363,0.9907647907647908,6,403
0.29,0.16,0.1,0.9310344827586207,0.926470588235294,0.911949685534591,0.7714285714285715,0.7159090909090909,0.6783625730994152,0.9818181818181818,1.0,0.9978494623655914,3,0,1,48,125,220,0.9258483549568167,0.7219000784790258,0.9932225480612576,4,393
0.24,0.16,0.14,0.9261363636363638,0.926470588235294,0.9241516966067865,0.740909090909091,0.7159090909090909,0.7178294573643411,0.9878787878787879,1.0,0.9956989247311828,2,0,2,57,125,182,0.9258396976101273,0.7248825463941744,0.9945259042033235,4,364
0.27,0.24,0.06,0.9324942791762013,0.9358128374325134,0.8942307692307693,0.7616822429906542,0.7665847665847666,0.6283783783783784,0.9878787878787879,0.9904761904761905,1.0,2,3,0,51,95,275,0.9258371446640086,0.7188817959845998,0.9927849927849928,5,421
0.28,0.24,0.06,0.9324942791762013,0.9358128374325134,0.8942307692307693,0.7616822429906542,0.7665847665847666,0.6283783783783784,0.9878787878787879,0.9904761904761905,1.0,2,3,0,51,95,275,0.9258371446640086,0.7188817959845998,0.9927849927849928,5,421
0.26,0.17,0.08,0.9314285714285714,0.9292035398230089,0.9067862714508581,0.7581395348837209,0.7241379310344828,0.6605113636363636,0.9878787878787879,1.0,1.0,2,0,0,52,120,239,0.9258326019513599,0.7142629431848557,0.9959595959595959,2,411
0.24,0.18,0.11,0.9261363636363638,0.9314015375517445,0.916633741604109,0.740909090909091,0.7308584686774942,0.6915052160953801,0.9878787878787879,1.0,0.9978494623655914,2,0,1,57,116,207,0.9258153914045271,0.7210909252273217,0.9952427500814597,3,380
0.3,0.2,0.07,0.933179723502304,0.9304399524375744,0.9004647560030984,0.7788461538461539,0.7417061611374408,0.6440443213296398,0.9818181818181818,0.9936507936507937,1.0,3,2,0,46,109,257,0.9258147986830441,0.7215322121044115,0.9918229918229918,5,412
0.22,0.22,0.17,0.9188275084554679,0.933572710951526,0.9315895372233401,0.7180616740088106,0.7591240875912408,0.7408,0.9878787878787879,0.9904761904761905,0.9956989247311828,2,3,2,64,99,162,0.9258034749578598,0.7393285872000172,0.9913513010287204,7,325
0.23,0.22,0.15,0.92090395480226,0.933572710951526,0.9263705482192878,0.7244444444444444,0.7591240875912408,0.7245696400625978,0.9878787878787879,0.9904761904761905,0.9956989247311828,2,3,2,62,99,176,0.9257979003304454,0.7360460573660944,0.9913513010287204,7,337
0.26,0.13,0.13,0.9314285714285714,0.9189031505250874,0.9219434488251693,0.7581395348837209,0.6938325991189427,0.7112135176651305,0.9878787878787879,1.0,0.9956989247311828,2,0,2,52,139,188,0.9257739206368457,0.7210618838892647,0.9945259042033235,4,379
0.3,0.3,0.05,0.933179723502304,0.9416767922235723,0.8833586626139818,0.7788461538461539,0.8031088082901554,0.6023316062176166,0.9818181818181818,0.9841269841269841,1.0,3,5,0,46,76,307,0.9257646319410201,0.728095522784642,0.9886483886483886,8,429
0.27,0.18,0.07,0.9324942791762013,0.9314015375517445,0.9004647560030984,0.7616822429906542,0.7308584686774942,0.6440443213296398,0.9878787878787879,1.0,1.0,2,0,0,51,116,257,0.9257605520542438,0.7121950109992627,0.9959595959595959,2,424
0.28,0.18,0.07,0.9324942791762013,0.9314015375517445,0.9004647560030984,0.7616822429906542,0.7308584686774942,0.6440443213296398,0.9878787878787879,1.0,1.0,2,0,0,51,116,257,0.9257605520542438,0.7121950109992627,0.9959595959595959,2,424
0.22,0.22,0.22,0.9188275084554679,0.933572710951526,0.931272875152501,0.7180616740088106,0.7591240875912408,0.7646076794657763,0.9878787878787879,0.9904761904761905,0.9849462365591398,2,3,7,64,99,141,0.925740142543692,0.7472644803552759,0.9877670716380393,12,304
0.26,0.16,0.09,0.9314285714285714,0.926470588235294,0.9103367267032106,0.7581395348837209,0.7159090909090909,0.670028818443804,0.9878787878787879,1.0,1.0,2,0,0,52,125,229,0.9257228075255161,0.7146924814122052,0.9959595959595959,2,406
0.25,0.23,0.08,0.928246013667426,0.934131736526946,0.9067862714508581,0.7477064220183486,0.7609756097560976,0.6605113636363636,0.9878787878787879,0.9904761904761905,1.0,2,3,0,55,98,239,0.9257197820819685,0.7230644651369366,0.9927849927849928,5,392
0.26,0.15,0.1,0.9314285714285714,0.9253819036427733,0.911949685534591,0.7581395348837209,0.7126696832579186,0.6783625730994152,0.9878787878787879,1.0,0.9978494623655914,2,0,1,52,127,220,0.9257187939140359,0.7163905970803516,0.9952427500814597,3,399
0.25,0.19,0.1,0.928246013667426,0.9306461173681091,0.911949685534591,0.7477064220183486,0.7353629976580797,0.6783625730994152,0.9878787878787879,0.9968253968253968,0.9978494623655914,2,1,1,55,113,220,0.9257067791510639,0.7204773309252811,0.9941845490232586,4,388
0.24,0.23,0.1,0.9261363636363638,0.934131736526946,0.911949685534591,0.740909090909091,0.7609756097560976,0.6783625730994152,0.9878787878787879,0.9904761904761905,0.9978494623655914,2,3,1,57,98,220,0.9256976398831839,0.7267490912548679,0.9920681469068565,6,375
0.29,0.22,0.07,0.9310344827586207,0.933572710951526,0.9004647560030984,0.7714285714285715,0.7591240875912408,0.6440443213296398,0.9818181818181818,0.9904761904761905,1.0,3,3,0,48,99,257,0.9256820058653878,0.724865660116484,0.9907647907647908,6,404
0.3,0.23,0.06,0.933179723502304,0.934131736526946,0.8942307692307693,0.7788461538461539,0.7609756097560976,0.6283783783783784,0.9818181818181818,0.9904761904761905,1.0,3,3,0,46,98,275,0.9256755365553897,0.72273338066021,0.9907647907647908,6,419
0.23,0.19,0.16,0.92090395480226,0.9306461173681091,0.9300924065889916,0.7244444444444444,0.7353629976580797,0.7360890302066773,0.9878787878787879,0.9968253968253968,0.9956989247311828,2,1,2,62,113,166,0.925664293929361,0.7319654907697338,0.9934677031451224,5,341
0.18,0.18,0.18,0.919732441471572,0.9314015375517445,0.9318273497377975,0.6962025316455697,0.7308584686774942,0.7463651050080775,1.0,1.0,0.9935483870967742,0,0,3,72,116,157,0.9256521519488689,0.7244753684437137,0.9978494623655915,3,345
0.3,0.28,0.05,0.933179723502304,0.9412832929782083,0.8833586626139818,0.7788461538461539,0.7933673469387755,0.6023316062176166,0.9818181818181818,0.9873015873015873,1.0,3,4,0,46,81,307,0.9256465821674108,0.7248483690008487,0.9897065897065898,7,434
0.25,0.2,0.1,0.928246013667426,0.9304399524375744,0.911949685534591,0.7477064220183486,0.7417061611374408,0.6783625730994152,0.9878787878787879,0.9936507936507937,0.9978494623655914,2,2,1,55,109,220,0.9256449296719035,0.7225917187517349,0.9931263479650575,5,384
0.26,0.25,0.06,0.9314285714285714,0.936936936936937,0.8942307692307693,0.7581395348837209,0.7703703703703704,0.6283783783783784,0.9878787878787879,0.9904761904761905,1.0,2,3,0,52,93,275,0.9256415206415207,0.7189627612108233,0.9927849927849928,5,420
0.29,0.17,0.08,0.9310344827586207,0.9292035398230089,0.9067862714508581,0.7714285714285715,0.7241379310344828,0.6605113636363636,0.9818181818181818,1.0,1.0,3,0,0,48,120,239,0.9256355576163846,0.7186926220331392,0.993939393939394,3,407
0.25,0.18,0.09,0.928246013667426,0.9314015375517445,0.9103367267032106,0.7477064220183486,0.7308584686774942,0.670028818443804,0.9878787878787879,1.0,1.0,2,0,0,55,116,229,0.9256108134398785,0.716197903046549,0.9959595959595959,2,400
0.18,0.18,0.17,0.919732441471572,0.9314015375517445,0.9315895372233401,0.6962025316455697,0.7308584686774942,0.7408,1.0,1.0,0.9956989247311828,0,0,2,72,116,162,0.9256045894459773,0.7226203334410214,0.9985663082437276,2,350
0.23,0.2,0.16,0.92090395480226,0.9304399524375744,0.9300924065889916,0.7244444444444444,0.7417061611374408,0.7360890302066773,0.9878787878787879,0.9936507936507937,0.9956989247311828,2,2,2,62,109,166,0.9256024444502006,0.7340798785961876,0.9924095020869214,6,337
0.24,0.19,0.11,0.9261363636363638,0.9306461173681091,0.916633741604109,0.740909090909091,0.7353629976580797,0.6915052160953801,0.9878787878787879,0.9968253968253968,0.9978494623655914,2,1,1,57,113,207,0.9255887653494365,0.7225924348875169,0.9941845490232586,4,377
0.3,0.13,0.11,0.933179723502304,0.9189031505250874,0.916633741604109,0.7788461538461539,0.6938325991189427,0.6915052160953801,0.9818181818181818,1.0,0.9978494623655914,3,0,1,46,139,207,0.9255875552295001,0.7213946563534922,0.9932225480612576,4,392
0.22,0.21,0.21,0.9188275084554679,0.9324566646742379,0.9321689683184401,0.7180616740088106,0.7554479418886199,0.7624584717607974,0.9878787878787879,0.9904761904761905,0.9870967741935484,2,3,6,64,101,143,0.9255845472936933,0.745322695886076,0.9884839175161755,11,308
0.29,0.13,0.13,0.9310344827586207,0.9189031505250874,0.9219434488251693,0.7714285714285715,0.6938325991189427,0.7112135176651305,0.9818181818181818,1.0,0.9956989247311828,3,0,2,48,139,188,0.9255768763018705,0.7254915627375483,0.9925057021831215,5,375
0.23,0.2,0.2,0.92090395480226,0.9304399524375744,0.9299027552674232,0.7244444444444444,0.7417061611374408,0.7549342105263158,0.9878787878787879,0.9936507936507937,0.9870967741935484,2,2,6,62,109,149,0.9255645141858869,0.7403616053694004,0.9895421185743766,10,320
0.22,0.21,0.19,0.9188275084554679,0.9324566646742379,0.9320663162151235,0.7180616740088106,0.7554479418886199,0.7520391517128875,0.9878787878787879,0.9904761904761905,0.9913978494623656,2,3,4,64,101,152,0.9255640168730299,0.7418495892034392,0.9899176092724481,9,317
0.3,0.15,0.08,0.933179723502304,0.9253819036427733,0.9067862714508581,0.7788461538461539,0.7126696832579186,0.6605113636363636,0.9818181818181818,1.0,1.0,3,0,0,46,127,239,0.9255616871341557,0.7173424002468121,0.993939393939394,3,412
0.25,0.22,0.08,0.928246013667426,0.933572710951526,0.9067862714508581,0.7477064220183486,0.7591240875912408,0.6605113636363636,0.9878787878787879,0.9904761904761905,1.0,2,3,0,55,99,239,0.9255520744093424,0.7224472910819845,0.9927849927849928,5,393
0.27,0.16,0.08,0.9324942791762013,0.926470588235294,0.9067862714508581,0.7616822429906542,0.7159090909090909,0.6605113636363636,0.9878787878787879,1.0,1.0,2,0,0,51,125,239,0.9255455703488604,0.7127008991787029,0.9959595959595959,2,415
0.28,0.16,0.08,0.9324942791762013,0.926470588235294,0.9067862714508581,0.7616822429906542,0.7159090909090909,0.6605113636363636,0.9878787878787879,1.0,1.0,2,0,0,51,125,239,0.9255455703488604,0.7127008991787029,0.9959595959595959,2,415
0.26,0.21,0.07,0.9314285714285714,0.9324566646742379,0.9004647560030984,0.7581395348837209,0.7554479418886199,0.6440443213296398,0.9878787878787879,0.9904761904761905,1.0,2,3,0,52,101,257,0.9255442363171769,0.7192105993673268,0.9927849927849928,5,410
0.27,0.19,0.07,0.9324942791762013,0.9306461173681091,0.9004647560030984,0.7616822429906542,0.7353629976580797,0.6440443213296398,0.9878787878787879,0.9968253968253968,1.0,2,1,0,51,113,257,0.9255339259991531,0.7136965206594579,0.9949013949013948,3,421
0.28,0.19,0.07,0.9324942791762013,0.9306461173681091,0.9004647560030984,0.7616822429906542,0.7353629976580797,0.6440443213296398,0.9878787878787879,0.9968253968253968,1.0,2,1,0,51,113,257,0.9255339259991531,0.7136965206594579,0.9949013949013948,3,421
0.23,0.17,0.17,0.92090395480226,0.9292035398230089,0.9315895372233401,0.7244444444444444,0.7241379310344828,0.7408,0.9878787878787879,1.0,0.9956989247311828,2,0,2,62,120,162,0.9255309467927006,0.7297941251596424,0.9945259042033235,4,344
0.24,0.22,0.1,0.9261363636363638,0.933572710951526,0.911949685534591,0.740909090909091,0.7591240875912408,0.6783625730994152,0.9878787878787879,0.9904761904761905,0.9978494623655914,2,3,1,57,99,220,0.9255299322105579,0.7261319171999157,0.9920681469068565,6,376
0.24,0.2,0.11,0.9261363636363638,0.9304399524375744,0.916633741604109,0.740909090909091,0.7417061611374408,0.6915052160953801,0.9878787878787879,0.9936507936507937,0.9978494623655914,2,2,1,57,109,207,0.925526915870276,0.7247068227139706,0.9931263479650575,5,373
0.29,0.16,0.09,0.9310344827586207,0.926470588235294,0.9103367267032106,0.7714285714285715,0.7159090909090909,0.670028818443804,0.9818181818181818,1.0,1.0,3,0,0,48,125,229,0.9255257631905407,0.7191221602604888,0.993939393939394,3,402
0.23,0.23,0.14,0.92090395480226,0.934131736526946,0.9241516966067865,0.7244444444444444,0.7609756097560976,0.7178294573643411,0.9878787878787879,0.9904761904761905,0.9956989247311828,2,3,2,62,98,182,0.9255218376805711,0.7344165038549612,0.9913513010287204,7,342
0.29,0.15,0.1,0.9310344827586207,0.9253819036427733,0.911949685534591,0.7714285714285715,0.7126696832579186,0.6783625730994152,0.9818181818181818,1.0,0.9978494623655914,3,0,1,48,127,220,0.9255217495790605,0.720820275928635,0.9932225480612576,4,395
0.26,0.14,0.11,0.9314285714285714,0.9215915740198947,0.916633741604109,0.7581395348837209,0.7015590200445434,0.6915052160953801,0.9878787878787879,1.0,0.9978494623655914,2,0,1,52,134,207,0.925518506241076,0.7170679236745481,0.9952427500814597,3,393
0.22,0.21,0.18,0.9188275084554679,0.9324566646742379,0.9318273497377975,0.7180616740088106,0.7554479418886199,0.7463651050080775,0.9878787878787879,0.9904761904761905,0.9935483870967742,2,3,3,64,101,157,0.9255162235775648,0.7399582403018359,0.9906344551505842,8,322
0.24,0.15,0.14,0.9261363636363638,0.9253819036427733,0.9241516966067865,0.740909090909091,0.7126696832579186,0.7178294573643411,0.9878787878787879,1.0,0.9956989247311828,2,0,2,57,127,182,0.9255130922323711,0.7238027438437835,0.9945259042033235,4,366
0.26,0.13,0.12,0.9314285714285714,0.9189031505250874,0.9206349206349207,0.7581395348837209,0.6938325991189427,0.703030303030303,0.9878787878787879,1.0,0.9978494623655914,2,0,1,52,139,196,0.925512214998796,0.7183341456776556,0.9952427500814597,3,387
0.3,0.22,0.06,0.933179723502304,0.933572710951526,0.8942307692307693,0.7788461538461539,0.7591240875912408,0.6283783783783784,0.9818181818181818,0.9904761904761905,1.0,3,3,0,46,99,275,0.9255078288827637,0.7221162066052577,0.9907647907647908,6,420
0.22,0.22,0.16,0.9188275084554679,0.933572710951526,0.9300924065889916,0.7180616740088106,0.7591240875912408,0.7360890302066773,0.9878787878787879,0.9904761904761905,0.9956989247311828,2,3,2,64,99,166,0.92550404883099,0.7377582639355763,0.9913513010287204,7,329
0.27,0.2,0.07,0.9324942791762013,0.9304399524375744,0.9004647560030984,0.7616822429906542,0.7417061611374408,0.6440443213296398,0.9878787878787879,0.9936507936507937,1.0,2,2,0,51,109,257,0.9254720765199926,0.7158109084859117,0.9938431938431939,4,417
0.28,0.2,0.07,0.9324942791762013,0.9304399524375744,0.9004647560030984,0.7616822429906542,0.7417061611374408,0.6440443213296398,0.9878787878787879,0.9936507936507937,1.0,2,2,0,51,109,257,0.9254720765199926,0.7158109084859117,0.9938431938431939,4,417
0.22,0.21,0.17,0.9188275084554679,0.9324566646742379,0.9315895372233401,0.7180616740088106,0.7554479418886199,0.7408,0.9878787878787879,0.9904761904761905,0.9956989247311828,2,3,2,64,101,162,0.9254686610746733,0.7381032052991435,0.9913513010287204,7,327
0.22,0.22,0.2,0.9188275084554679,0.933572710951526,0.9299027552674232,0.7180616740088106,0.7591240875912408,0.7549342105263158,0.9878787878787879,0.9904761904761905,0.9870967741935484,2,3,6,64,99,149,0.9254661185666764,0.7440399907087891,0.9884839175161755,11,312
0.23,0.21,0.15,0.92090395480226,0.9324566646742379,0.9263705482192878,0.7244444444444444,0.7554479418886199,0.7245696400625978,0.9878787878787879,0.9904761904761905,0.9956989247311828,2,3,2,62,101,176,0.9254630864472589,0.7348206754652207,0.9913513010287204,7,339
0.3,0.14,0.1,0.933179723502304,0.9215915740198947,0.911949685534591,0.7788461538461539,0.7015590200445434,0.6783625730994152,0.9818181818181818,1.0,0.9978494623655914,3,0,1,46,134,220,0.9254572710640386,0.7195892489967042,0.9932225480612576,4,400
0.29,0.25,0.06,0.9310344827586207,0.936936936936937,0.8942307692307693,0.7714285714285715,0.7703703703703704,0.6283783783783784,0.9818181818181818,0.9904761904761905,1.0,3,3,0,48,93,275,0.9254444763065452,0.7233924400591069,0.9907647907647908,6,416
0.3,0.17,0.07,0.933179723502304,0.9292035398230089,0.9004647560030984,0.7788461538461539,0.7241379310344828,0.6440443213296398,0.9818181818181818,1.0,1.0,3,0,0,46,120,257,0.9254438748986744,0.7156761354034256,0.993939393939394,3,423
0.25,0.14,0.14,0.928246013667426,0.9215915740198947,0.9241516966067865,0.7477064220183486,0.7015590200445434,0.7178294573643411,0.9878787878787879,1.0,0.9956989247311828,2,0,2,55,134,182,0.9254308183610387,0.7223649664757444,0.9945259042033235,4,371
0.24,0.16,0.13,0.9261363636363638,0.926470588235294,0.9219434488251693,0.740909090909091,0.7159090909090909,0.7112135176651305,0.9878787878787879,1.0,0.9956989247311828,2,0,2,57,125,188,0.9253980480538039,0.7226772331611042,0.9945259042033235,4,370
0.26,0.15,0.09,0.9314285714285714,0.9253819036427733,0.9103367267032106,0.7581395348837209,0.7126696832579186,0.670028818443804,0.9878787878787879,1.0,1.0,2,0,0,52,127,229,0.9253962021477599,0.7136126788618146,0.9959595959595959,2,408
0.25,0.16,0.11,0.928246013667426,0.926470588235294,0.916633741604109,0.7477064220183486,0.7159090909090909,0.6915052160953801,0.9878787878787879,1.0,0.9978494623655914,2,0,1,55,125,207,0.925390931625123,0.7183735763409399,0.9952427500814597,3,387
0.25,0.19,0.09,0.928246013667426,0.9306461173681091,0.9103367267032106,0.7477064220183486,0.7353629976580797,0.670028818443804,0.9878787878787879,0.9968253968253968,1.0,2,1,0,55,113,229,0.9253841873847879,0.7176994127067441,0.9949013949013948,3,397
0.24,0.23,0.09,0.9261363636363638,0.934131736526946,0.9103367267032106,0.740909090909091,0.7609756097560976,0.670028818443804,0.9878787878787879,0.9904761904761905,1.0,2,3,0,57,98,229,0.9253750481169079,0.7239711730363309,0.9927849927849928,5,384
0.23,0.22,0.14,0.92090395480226,0.933572710951526,0.9241516966067865,0.7244444444444444,0.7591240875912408,0.7178294573643411,0.9878787878787879,0.9904761904761905,0.9956989247311828,2,3,2,62,99,182,0.9253541300079451,0.7337993298000088,0.9913513010287204,7,343
0.29,0.21,0.07,0.9310344827586207,0.9324566646742379,0.9004647560030984,0.7714285714285715,0.7554479418886199,0.6440443213296398,0.9818181818181818,0.9904761904761905,1.0,3,3,0,48,101,257,0.9253471919822014,0.7236402782156105,0.9907647907647908,6,406
0.27,0.23,0.06,0.9324942791762013,0.934131736526946,0.8942307692307693,0.7616822429906542,0.7609756097560976,0.6283783783783784,0.9878787878787879,0.9904761904761905,1.0,2,3,0,51,98,275,0.9253328143923383,0.71701207704171,0.9927849927849928,5,424
0.28,0.23,0.06,0.9324942791762013,0.934131736526946,0.8942307692307693,0.7616822429906542,0.7609756097560976,0.6283783783783784,0.9878787878787879,0.9904761904761905,1.0,2,3,0,51,98,275,0.9253328143923383,0.71701207704171,0.9927849927849928,5,424
0.25,0.2,0.09,0.928246013667426,0.9304399524375744,0.9103367267032106,0.7477064220183486,0.7417061611374408,0.670028818443804,0.9878787878787879,0.9936507936507937,1.0,2,2,0,55,109,229,0.9253223379056275,0.7198138005331978,0.9938431938431939,4,393
0.29,0.14,0.11,0.9310344827586207,0.9215915740198947,0.916633741604109,0.7714285714285715,0.7015590200445434,0.6915052160953801,0.9818181818181818,1.0,0.9978494623655914,3,0,1,48,134,207,0.9253214619061005,0.7214976025228316,0.9932225480612576,4,389
0.29,0.13,0.12,0.9310344827586207,0.9189031505250874,0.9206349206349207,0.7714285714285715,0.6938325991189427,0.703030303030303,0.9818181818181818,1.0,0.9978494623655914,3,0,1,48,139,196,0.9253151706638207,0.7227638245259391,0.9932225480612576,4,383
0.18,0.18,0.16,0.919732441471572,0.9314015375517445,0.9300924065889916,0.6962025316455697,0.7308584686774942,0.7360890302066773,1.0,1.0,0.9956989247311828,0,0,2,72,116,166,0.9253051633191076,0.7210500101765804,0.9985663082437276,2,354
0.3,0.27,0.05,0.933179723502304,0.9401451027811366,0.8833586626139818,0.7788461538461539,0.7893401015228426,0.6023316062176166,0.9818181818181818,0.9873015873015873,1.0,3,4,0,46,83,307,0.9253051251082893,0.7235059538622043,0.9897065897065898,7,436
0.26,0.24,0.06,0.9314285714285714,0.9358128374325134,0.8942307692307693,0.7581395348837209,0.7665847665847666,0.6283783783783784,0.9878787878787879,0.9904761904761905,1.0,2,3,0,52,95,275,0.9253042907901936,0.7177008932822887,0.9927849927849928,5,422
0.28,0.28,0.05,0.9324942791762013,0.9412832929782083,0.8833586626139818,0.7616822429906542,0.7933673469387755,0.6023316062176166,0.9878787878787879,0.9873015873015873,1.0,2,4,0,51,81,307,0.9253038600043595,0.7191270653823487,0.9917267917267917,6,439
0.25,0.25,0.07,0.928246013667426,0.936936936936937,0.9004647560030984,0.7477064220183486,0.7703703703703704,0.6440443213296398,0.9878787878787879,0.9904761904761905,1.0,2,3,0,55,93,257,0.9252970391154138,0.7207070379061196,0.9927849927849928,5,405
0.25,0.17,0.1,0.928246013667426,0.9292035398230089,0.911949685534591,0.7477064220183486,0.7241379310344828,0.6783625730994152,0.9878787878787879,1.0,0.9978494623655914,2,0,1,55,120,220,0.9252740058875338,0.7167356420507488,0.9952427500814597,3,395
0.27,0.13,0.11,0.9324942791762013,0.9189031505250874,0.916633741604109,0.7616822429906542,0.6938325991189427,0.6915052160953801,0.9878787878787879,1.0,0.9978494623655914,2,0,1,51,139,207,0.9252448330664487,0.7156733527349924,0.9952427500814597,3,397
0.28,0.13,0.11,0.9324942791762013,0.9189031505250874,0.916633741604109,0.7616822429906542,0.6938325991189427,0.6915052160953801,0.9878787878787879,1.0,0.9978494623655914,2,0,1,51,139,207,0.9252448330664487,0.7156733527349924,0.9952427500814597,3,397
0.23,0.17,0.16,0.92090395480226,0.9292035398230089,0.9300924065889916,0.7244444444444444,0.7241379310344828,0.7360890302066773,0.9878787878787879,1.0,0.9956989247311828,2,0,2,62,120,166,0.9252315206658309,0.7282238018952015,0.9945259042033235,4,348
0.26,0.18,0.07,0.9314285714285714,0.9314015375517445,0.9004647560030984,0.7581395348837209,0.7308584686774942,0.6440443213296398,0.9878787878787879,1.0,1.0,2,0,0,52,116,257,0.9252276981804288,0.7110141082969516,0.9959595959595959,2,425
0.27,0.15,0.08,0.9324942791762013,0.9253819036427733,0.9067862714508581,0.7616822429906542,0.7126696832579186,0.6605113636363636,0.9878787878787879,1.0,1.0,2,0,0,51,127,239,0.9252189649711042,0.7116210966283122,0.9959595959595959,2,417
0.28,0.15,0.08,0.9324942791762013,0.9253819036427733,0.9067862714508581,0.7616822429906542,0.7126696832579186,0.6605113636363636,0.9878787878787879,1.0,1.0,2,0,0,51,127,239,0.9252189649711042,0.7116210966283122,0.9959595959595959,2,417
0.25,0.21,0.08,0.928246013667426,0.9324566646742379,0.9067862714508581,0.7477064220183486,0.7554479418886199,0.6605113636363636,0.9878787878787879,0.9904761904761905,1.0,2,3,0,55,101,239,0.9252172605261559,0.7212219091811107,0.9927849927849928,5,395
0.24,0.22,0.09,0.9261363636363638,0.933572710951526,0.9103367267032106,0.740909090909091,0.7591240875912408,0.670028818443804,0.9878787878787879,0.9904761904761905,1.0,2,3,0,57,99,229,0.9252073404442819,0.7233539989813785,0.9927849927849928,5,385
0.22,0.18,0.18,0.9188275084554679,0.9314015375517445,0.9318273497377975,0.7180616740088106,0.7308584686774942,0.7463651050080775,0.9878787878787879,1.0,0.9935483870967742,2,0,3,64,116,157,0.9251996854408168,0.7317617492314609,0.9938090583251874,5,337
0.29,0.15,0.09,0.9310344827586207,0.9253819036427733,0.9103367267032106,0.7714285714285715,0.7126696832579186,0.670028818443804,0.9818181818181818,1.0,1.0,3,0,0,48,127,229,0.9251991578127845,0.7180423577100981,0.993939393939394,3,404
0.24,0.21,0.1,0.9261363636363638,0.9324566646742379,0.911949685534591,0.740909090909091,0.7554479418886199,0.6783625730994152,0.9878787878787879,0.9904761904761905,0.9978494623655914,2,3,1,57,101,220,0.9251951183273714,0.7249065352990419,0.9920681469068565,6,378
0.3,0.26,0.05,0.933179723502304,0.9397590361445785,0.8833586626139818,0.7788461538461539,0.78,0.6023316062176166,0.9818181818181818,0.9904761904761905,1.0,3,3,0,46,88,307,0.9251893051173219,0.7203925866879235,0.9907647907647908,6,441
0.3,0.21,0.06,0.933179723502304,0.9324566646742379,0.8942307692307693,0.7788461538461539,0.7554479418886199,0.6283783783783784,0.9818181818181818,0.9904761904761905,1.0,3,3,0,46,101,275,0.9251730149995773,0.720890824704384,0.9907647907647908,6,422
0.24,0.24,0.08,0.9261363636363638,0.9358128374325134,0.9067862714508581,0.740909090909091,0.7665847665847666,0.6605113636363636,0.9878787878787879,0.9904761904761905,1.0,2,3,0,57,95,239,0.9251692873381074,0.7226684070434071,0.9927849927849928,5,391
0.22,0.21,0.16,0.9188275084554679,0.9324566646742379,0.9300924065889916,0.7180616740088106,0.7554479418886199,0.7360890302066773,0.9878787878787879,0.9904761904761905,0.9956989247311828,2,3,2,64,101,166,0.9251692349478036,0.7365328820347026,0.9913513010287204,7,331
0.27,0.22,0.06,0.9324942791762013,0.933572710951526,0.8942307692307693,0.7616822429906542,0.7591240875912408,0.6283783783783784,0.9878787878787879,0.9904761904761905,1.0,2,3,0,51,99,275,0.9251651067197124,0.7163949029867579,0.9927849927849928,5,425
0.28,0.22,0.06,0.9324942791762013,0.933572710951526,0.8942307692307693,0.7616822429906542,0.7591240875912408,0.6283783783783784,0.9878787878787879,0.9904761904761905,1.0,2,3,0,51,99,275,0.9251651067197124,0.7163949029867579,0.9927849927849928,5,425
0.24,0.17,0.11,0.9261363636363638,0.9292035398230089,0.916633741604109,0.740909090909091,0.7241379310344828,0.6915052160953801,0.9878787878787879,1.0,0.9978494623655914,2,0,1,57,120,207,0.9251559920859064,0.7188507460129846,0.9952427500814597,3,384
0.22,0.18,0.17,0.9188275084554679,0.9314015375517445,0.9315895372233401,0.7180616740088106,0.7308584686774942,0.7408,0.9878787878787879,1.0,0.9956989247311828,2,0,2,64,116,162,0.9251521229379253,0.7299067142287683,0.9945259042033235,4,342
0.23,0.18,0.15,0.92090395480226,0.9314015375517445,0.9263705482192878,0.7244444444444444,0.7308584686774942,0.7245696400625978,0.9878787878787879,1.0,0.9956989247311828,2,0,2,62,116,176,0.9251465483105109,0.7266241843948454,0.9945259042033235,4,354
0.24,0.16,0.12,0.9261363636363638,0.926470588235294,0.9206349206349207,0.740909090909091,0.7159090909090909,0.703030303030303,0.9878787878787879,1.0,0.9978494623655914,2,0,1,57,125,196,0.9251363424157542,0.719949494949495,0.9952427500814597,3,378
0.3,0.14,0.09,0.933179723502304,0.9215915740198947,0.9103367267032106,0.7788461538461539,0.7015590200445434,0.670028818443804,0.9818181818181818,1.0,1.0,3,0,0,46,134,229,0.9251346792977626,0.716811330778167,0.993939393939394,3,409
0.22,0.21,0.2,0.9188275084554679,0.9324566646742379,0.9299027552674232,0.7180616740088106,0.7554479418886199,0.7549342105263158,0.9878787878787879,0.9904761904761905,0.9870967741935484,2,3,6,64,101,149,0.9251313046834899,0.7428146088079154,0.9884839175161755,11,314
0.27,0.14,0.1,0.9324942791762013,0.9215915740198947,0.911949685534591,0.7616822429906542,0.7015590200445434,0.6783625730994152,0.9878787878787879,1.0,0.9978494623655914,2,0,1,51,134,220,0.9251145489009873,0.7138679453782043,0.9952427500814597,3,405
0.28,0.14,0.1,0.9324942791762013,0.9215915740198947,0.911949685534591,0.7616822429906542,0.7015590200445434,0.6783625730994152,0.9878787878787879,1.0,0.9978494623655914,2,0,1,51,134,220,0.9251145489009873,0.7138679453782043,0.9952427500814597,3,405
0.29,0.24,0.06,0.9310344827586207,0.9358128374325134,0.8942307692307693,0.7714285714285715,0.7665847665847666,0.6283783783783784,0.9818181818181818,0.9904761904761905,1.0,3,3,0,48,95,275,0.9251072464552182,0.7221305721305722,0.9907647907647908,6,418
0.27,0.17,0.07,0.9324942791762013,0.9292035398230089,0.9004647560030984,0.7616822429906542,0.7241379310344828,0.6440443213296398,0.9878787878787879,1.0,1.0,2,0,0,51,120,257,0.925101152735623,0.7099548317849256,0.9959595959595959,2,428
0.28,0.17,0.07,0.9324942791762013,0.9292035398230089,0.9004647560030984,0.7616822429906542,0.7241379310344828,0.6440443213296398,0.9878787878787879,1.0,1.0,2,0,0,51,120,257,0.925101152735623,0.7099548317849256,0.9959595959595959,2,428
0.23,0.23,0.13,0.92090395480226,0.934131736526946,0.9219434488251693,0.7244444444444444,0.7609756097560976,0.7112135176651305,0.9878787878787879,0.9904761904761905,0.9956989247311828,2,3,2,62,98,188,0.9250801881242476,0.7322111906218908,0.9913513010287204,7,348
0.24,0.15,0.13,0.9261363636363638,0.9253819036427733,0.9219434488251693,0.740909090909091,0.7126696832579186,0.7112135176651305,0.9878787878787879,1.0,0.9956989247311828,2,0,2,57,127,188,0.9250714426760477,0.7215974306107134,0.9945259042033235,4,372
0.25,0.15,0.11,0.928246013667426,0.9253819036427733,0.916633741604109,0.7477064220183486,0.7126696832579186,0.6915052160953801,0.9878787878787879,1.0,0.9978494623655914,2,0,1,55,127,207,0.9250643262473668,0.717293773790549,0.9952427500814597,3,389
0.29,0.18,0.07,0.9310344827586207,0.9314015375517445,0.9004647560030984,0.7714285714285715,0.7308584686774942,0.6440443213296398,0.9818181818181818,1.0,1.0,3,0,0,48,116,257,0.9250306538454534,0.7154437871452352,0.993939393939394,3,421
0.22,0.19,0.19,0.9188275084554679,0.9306461173681091,0.9320663162151235,0.7180616740088106,0.7353629976580797,0.7520391517128875,0.9878787878787879,0.9968253968253968,0.9913978494623656,2,1,4,64,113,152,0.9250208526811914,0.7351546077932593,0.9920340113888502,7,329
0.23,0.21,0.14,0.92090395480226,0.9324566646742379,0.9241516966067865,0.7244444444444444,0.7554479418886199,0.7178294573643411,0.9878787878787879,0.9904761904761905,0.9956989247311828,2,3,2,62,101,182,0.9250193161247586,0.7325739478991351,0.9913513010287204,7,345
0.26,0.16,0.08,0.9314285714285714,0.926470588235294,0.9067862714508581,0.7581395348837209,0.7159090909090909,0.6605113636363636,0.9878787878787879,1.0,1.0,2,0,0,52,125,239,0.9250127164750455,0.7115199964763917,0.9959595959595959,2,416
0.26,0.19,0.07,0.9314285714285714,0.9306461173681091,0.9004647560030984,0.7581395348837209,0.7353629976580797,0.6440443213296398,0.9878787878787879,0.9968253968253968,1.0,2,1,0,52,113,257,0.9250010721253381,0.7125156179571469,0.9949013949013948,3,422
0.25,0.14,0.13,0.928246013667426,0.9215915740198947,0.9219434488251693,0.7477064220183486,0.7015590200445434,0.7112135176651305,0.9878787878787879,1.0,0.9956989247311828,2,0,2,55,134,188,0.9249891688047153,0.7201596532426743,0.9945259042033235,4,377
0.22,0.19,0.18,0.9188275084554679,0.9306461173681091,0.9318273497377975,0.7180616740088106,0.7353629976580797,0.7463651050080775,0.9878787878787879,0.9968253968253968,0.9935483870967742,2,1,3,64,113,157,0.9249730593857263,0.733263258891656,0.9927508572669863,6,334
0.27,0.27,0.05,0.9324942791762013,0.9401451027811366,0.8833586626139818,0.7616822429906542,0.7893401015228426,0.6023316062176166,0.9878787878787879,0.9873015873015873,1.0,2,4,0,51,83,307,0.924962402945238,0.7177846502437045,0.9917267917267917,6,441
0.28,0.27,0.05,0.9324942791762013,0.9401451027811366,0.8833586626139818,0.7616822429906542,0.7893401015228426,0.6023316062176166,0.9878787878787879,0.9873015873015873,1.0,2,4,0,51,83,307,0.924962402945238,0.7177846502437045,0.9917267917267917,6,441
0.25,0.24,0.07,0.928246013667426,0.9358128374325134,0.9004647560030984,0.7477064220183486,0.7665847665847666,0.6440443213296398,0.9878787878787879,0.9904761904761905,1.0,2,3,0,55,95,257,0.9249598092640867,0.7194451699775849,0.9927849927849928,5,407
0.22,0.2,0.19,0.9188275084554679,0.9304399524375744,0.9320663162151235,0.7180616740088106,0.7417061611374408,0.7520391517128875,0.9878787878787879,0.9936507936507937,0.9913978494623656,2,2,4,64,109,152,0.924959003202031,0.737268995619713,0.9909758103306491,8,325
0.25,0.17,0.09,0.928246013667426,0.9292035398230089,0.9103367267032106,0.7477064220183486,0.7241379310344828,0.670028818443804,0.9878787878787879,1.0,1.0,2,0,0,55,120,229,0.9249514141212578,0.7139577238322118,0.9959595959595959,2,404
0.18,0.17,0.17,0.919732441471572,0.9292035398230089,0.9315895372233401,0.6962025316455697,0.7241379310344828,0.7408,1.0,1.0,0.9956989247311828,0,0,2,72,120,162,0.9249451901273567,0.7203801542266842,0.9985663082437276,2,354
0.26,0.2,0.07,0.9314285714285714,0.9304399524375744,0.9004647560030984,0.7581395348837209,0.7417061611374408,0.6440443213296398,0.9878787878787879,0.9936507936507937,1.0,2,2,0,52,109,257,0.9249392226461777,0.7146300057836005,0.9938431938431939,4,418
0.22,0.19,0.17,0.9188275084554679,0.9306461173681091,0.9315895372233401,0.7180616740088106,0.7353629976580797,0.7408,0.9878787878787879,0.9968253968253968,0.9956989247311828,2,1,2,64,113,162,0.9249254968828348,0.7314082238889634,0.9934677031451224,5,339
0.23,0.19,0.15,0.92090395480226,0.9306461173681091,0.9263705482192878,0.7244444444444444,0.7353629976580797,0.7245696400625978,0.9878787878787879,0.9968253968253968,0.9956989247311828,2,1,2,62,113,176,0.9249199222554203,0.7281256940550406,0.9934677031451224,5,351
0.29,0.29,0.05,0.9310344827586207,0.9424242424242424,0.8833586626139818,0.7714285714285715,0.7974358974358975,0.6023316062176166,0.9818181818181818,0.9873015873015873,1.0,3,4,0,48,79,307,0.9249162466293793,0.7237320250273619,0.9897065897065898,7,434
0.23,0.22,0.13,0.92090395480226,0.933572710951526,0.9219434488251693,0.7244444444444444,0.7591240875912408,0.7112135176651305,0.9878787878787879,0.9904761904761905,0.9956989247311828,2,3,2,62,99,188,0.9249124804516217,0.7315940165669387,0.9913513010287204,7,349
0.2,0.18,0.18,0.9182530795072789,0.9314015375517445,0.9318273497377975,0.703862660944206,0.7308584686774942,0.7463651050080775,0.9939393939393939,1.0,0.9935483870967742,1,0,3,69,116,157,0.9249124709667224,0.7270287448765925,0.9958292603453893,4,342
0.22,0.2,0.18,0.9188275084554679,0.9304399524375744,0.9318273497377975,0.7180616740088106,0.7417061611374408,0.7463651050080775,0.9878787878787879,0.9936507936507937,0.9935483870967742,2,2,3,64,109,157,0.9249112099065658,0.7353776467181096,0.9916926562087852,7,330
0.25,0.18,0.08,0.928246013667426,0.9314015375517445,0.9067862714508581,0.7477064220183486,0.7308584686774942,0.6605113636363636,0.9878787878787879,1.0,1.0,2,0,0,55,116,239,0.9249007223894079,0.7130254181107355,0.9959595959595959,2,410
0.24,0.18,0.1,0.9261363636363638,0.9314015375517445,0.911949685534591,0.740909090909091,0.7308584686774942,0.6783625730994152,0.9878787878787879,1.0,0.9978494623655914,2,0,1,57,116,220,0.9248785801906234,0.7167100442286668,0.9952427500814597,3,393
0.24,0.21,0.09,0.9261363636363638,0.9324566646742379,0.9103367267032106,0.740909090909091,0.7554479418886199,0.670028818443804,0.9878787878787879,0.9904761904761905,1.0,2,3,0,57,101,229,0.9248725265610954,0.722128617080505,0.9927849927849928,5,387
0.2,0.18,0.17,0.9182530795072789,0.9314015375517445,0.9315895372233401,0.703862660944206,0.7308584686774942,0.7408,0.9939393939393939,1.0,0.9956989247311828,1,0,2,69,116,162,0.9248649084638308,0.7251737098739001,0.9965461062235256,3,347
0.22,0.2,0.17,0.9188275084554679,0.9304399524375744,0.9315895372233401,0.7180616740088106,0.7417061611374408,0.7408,0.9878787878787879,0.9936507936507937,0.9956989247311828,2,2,2,64,109,162,0.9248636474036743,0.7335226117154172,0.9924095020869214,6,335
0.23,0.2,0.15,0.92090395480226,0.9304399524375744,0.9263705482192878,0.7244444444444444,0.7417061611374408,0.7245696400625978,0.9878787878787879,0.9936507936507937,0.9956989247311828,2,2,2,62,109,176,0.9248580727762599,0.7302400818814944,0.9924095020869214,6,347
0.3,0.18,0.06,0.933179723502304,0.9314015375517445,0.8942307692307693,0.7788461538461539,0.7308584686774942,0.6283783783783784,0.9818181818181818,1.0,1.0,3,0,0,46,116,275,0.9248564768628292,0.7126943336340088,0.993939393939394,3,437
0.22,0.18,0.16,0.9188275084554679,0.9314015375517445,0.9300924065889916,0.7180616740088106,0.7308584686774942,0.7360890302066773,0.9878787878787879,1.0,0.9956989247311828,2,0,2,64,116,166,0.9248526968110555,0.7283363909643273,0.9945259042033235,4,346
0.27,0.26,0.05,0.9324942791762013,0.9397590361445785,0.8833586626139818,0.7616822429906542,0.78,0.6023316062176166,0.9878787878787879,0.9904761904761905,1.0,2,3,0,51,88,307,0.9248465829542706,0.7146712830694236,0.9927849927849928,5,446
0.28,0.26,0.05,0.9324942791762013,0.9397590361445785,0.8833586626139818,0.7616822429906542,0.78,0.6023316062176166,0.9878787878787879,0.9904761904761905,1.0,2,3,0,51,88,307,0.9248465829542706,0.7146712830694236,0.9927849927849928,5,446
0.27,0.21,0.06,0.9324942791762013,0.9324566646742379,0.8942307692307693,0.7616822429906542,0.7554479418886199,0.6283783783783784,0.9878787878787879,0.9904761904761905,1.0,2,3,0,51,101,275,0.924830292836526,0.7151695210858842,0.9927849927849928,5,427
0.28,0.21,0.06,0.9324942791762013,0.9324566646742379,0.8942307692307693,0.7616822429906542,0.7554479418886199,0.6283783783783784,0.9878787878787879,0.9904761904761905,1.0,2,3,0,51,101,275,0.924830292836526,0.7151695210858842,0.9927849927849928,5,427
0.23,0.23,0.12,0.92090395480226,0.934131736526946,0.9206349206349207,0.7244444444444444,0.7609756097560976,0.703030303030303,0.9878787878787879,0.9904761904761905,0.9978494623655914,2,3,1,62,98,196,0.9248184824861979,0.7294834524102817,0.9920681469068565,6,356
0.29,0.16,0.08,0.9310344827586207,0.926470588235294,0.9067862714508581,0.7714285714285715,0.7159090909090909,0.6605113636363636,0.9818181818181818,1.0,1.0,3,0,0,48,125,239,0.9248156721400702,0.7159496753246753,0.993939393939394,3,412
0.24,0.15,0.12,0.9261363636363638,0.9253819036427733,0.9206349206349207,0.740909090909091,0.7126696832579186,0.703030303030303,0.9878787878787879,1.0,0.9978494623655914,2,0,1,57,127,196,0.924809737037998,0.7188696923991041,0.9952427500814597,3,380
0.29,0.19,0.07,0.9310344827586207,0.9306461173681091,0.9004647560030984,0.7714285714285715,0.7353629976580797,0.6440443213296398,0.9818181818181818,0.9968253968253968,1.0,3,1,0,48,113,257,0.9248040277903629,0.7169452968054303,0.9928811928811929,4,418
0.26,0.23,0.06,0.9314285714285714,0.934131736526946,0.8942307692307693,0.7581395348837209,0.7609756097560976,0.6283783783783784,0.9878787878787879,0.9904761904761905,1.0,2,3,0,52,98,275,0.9247999605185233,0.715831174339399,0.9927849927849928,5,425
0.27,0.14,0.09,0.9324942791762013,0.9215915740198947,0.9103367267032106,0.7616822429906542,0.7015590200445434,0.670028818443804,0.9878787878787879,1.0,1.0,2,0,0,51,134,229,0.9247919571347113,0.7110900271596673,0.9959595959595959,2,414
0.28,0.14,0.09,0.9324942791762013,0.9215915740198947,0.9103367267032106,0.7616822429906542,0.7015590200445434,0.670028818443804,0.9878787878787879,1.0,1.0,2,0,0,51,134,229,0.9247919571347113,0.7110900271596673,0.9959595959595959,2,414
0.3,0.12,0.12,0.933179723502304,0.9135730858468677,0.9206349206349207,0.7788461538461539,0.6788793103448276,0.703030303030303,0.9818181818181818,1.0,0.9978494623655914,3,0,1,46,149,196,0.9247887716321965,0.7202519224070949,0.9932225480612576,4,391
0.22,0.22,0.15,0.9188275084554679,0.933572710951526,0.9263705482192878,0.7180616740088106,0.7591240875912408,0.7245696400625978,0.9878787878787879,0.9904761904761905,0.9956989247311828,2,3,2,64,99,176,0.9247596771570493,0.733918467220883,0.9913513010287204,7,339
0.29,0.2,0.07,0.9310344827586207,0.9304399524375744,0.9004647560030984,0.7714285714285715,0.7417061611374408,0.6440443213296398,0.9818181818181818,0.9936507936507937,1.0,3,2,0,48,109,257,0.9247421783112024,0.7190596846318841,0.9918229918229918,5,414
0.2,0.19,0.19,0.9182530795072789,0.9306461173681091,0.9320663162151235,0.703862660944206,0.7353629976580797,0.7520391517128875,0.9939393939393939,0.9968253968253968,0.9913978494623656,1,1,4,69,113,152,0.9247336382070968,0.730421603438391,0.9940542134090521,6,334
0.25,0.14,0.12,0.928246013667426,0.9215915740198947,0.9206349206349207,0.7477064220183486,0.7015590200445434,0.703030303030303,0.9878787878787879,1.0,0.9978494623655914,2,0,1,55,134,196,0.9247274631666655,0.7174319150310651,0.9952427500814597,3,385
0.26,0.13,0.11,0.9314285714285714,0.9189031505250874,0.916633741604109,0.7581395348837209,0.6938325991189427,0.6915052160953801,0.9878787878787879,1.0,0.9978494623655914,2,0,1,52,139,207,0.9247119791926337,0.7144924500326812,0.9952427500814597,3,398
0.23,0.18,0.14,0.92090395480226,0.9314015375517445,0.9241516966067865,0.7244444444444444,0.7308584686774942,0.7178294573643411,0.9878787878787879,1.0,0.9956989247311828,2,0,2,62,116,182,0.9247027779880106,0.7243774568287599,0.9945259042033235,4,360
0.26,0.15,0.08,0.9314285714285714,0.9253819036427733,0.9067862714508581,0.7581395348837209,0.7126696832579186,0.6605113636363636,0.9878787878787879,1.0,1.0,2,0,0,52,127,239,0.9246861110972893,0.7104401939260011,0.9959595959595959,2,418
0.2,0.19,0.18,0.9182530795072789,0.9306461173681091,0.9318273497377975,0.703862660944206,0.7353629976580797,0.7463651050080775,0.9939393939393939,0.9968253968253968,0.9935483870967742,1,1,3,69,113,157,0.9246858449116316,0.7285302545367877,0.9947710592871882,5,339
0.25,0.19,0.08,0.928246013667426,0.9306461173681091,0.9067862714508581,0.7477064220183486,0.7353629976580797,0.6605113636363636,0.9878787878787879,0.9968253968253968,1.0,2,1,0,55,113,239,0.9246740963343174,0.7145269277709306,0.9949013949013948,3,407
0.2,0.2,0.19,0.9182530795072789,0.9304399524375744,0.9320663162151235,0.703862660944206,0.7417061611374408,0.7520391517128875,0.9939393939393939,0.9936507936507937,0.9913978494623656,1,2,4,69,109,152,0.9246717887279363,0.7325359912648448,0.9929960123508511,7,330
0.24,0.23,0.08,0.9261363636363638,0.934131736526946,0.9067862714508581,0.740909090909091,0.7609756097560976,0.6605113636363636,0.9878787878787879,0.9904761904761905,1.0,2,3,0,57,98,239,0.9246649570664374,0.7207986881005174,0.9927849927849928,5,394
0.24,0.19,0.1,0.9261363636363638,0.9306461173681091,0.911949685534591,0.740909090909091,0.7353629976580797,0.6783625730994152,0.9878787878787879,0.9968253968253968,0.9978494623655914,2,1,1,57,113,220,0.9246519541355328,0.718211553888862,0.9941845490232586,4,390
0.23,0.22,0.12,0.92090395480226,0.933572710951526,0.9206349206349207,0.7244444444444444,0.7591240875912408,0.703030303030303,0.9878787878787879,0.9904761904761905,0.9978494623655914,2,3,1,62,99,196,0.9246507748135719,0.7288662783553295,0.9920681469068565,6,357
0.3,0.13,0.1,0.933179723502304,0.9189031505250874,0.911949685534591,0.7788461538461539,0.6938325991189427,0.6783625730994152,0.9818181818181818,1.0,0.9978494623655914,3,0,1,46,139,220,0.9246507440155964,0.7170137753548372,0.9932225480612576,4,405
0.18,0.17,0.16,0.919732441471572,0.9292035398230089,0.9300924065889916,0.6962025316455697,0.7241379310344828,0.7360890302066773,1.0,1.0,0.9956989247311828,0,0,2,72,120,166,0.9246457640004869,0.7188098309622433,0.9985663082437276,2,358
0.2,0.19,0.17,0.9182530795072789,0.9306461173681091,0.9315895372233401,0.703862660944206,0.7353629976580797,0.7408,0.9939393939393939,0.9968253968253968,0.9956989247311828,1,1,2,69,113,162,0.9246382824087401,0.7266752195340952,0.9954879051653246,4,344
0.26,0.22,0.06,0.9314285714285714,0.933572710951526,0.8942307692307693,0.7581395348837209,0.7591240875912408,0.6283783783783784,0.9878787878787879,0.9904761904761905,1.0,2,3,0,52,99,275,0.9246322528458975,0.7152140002844467,0.9927849927849928,5,426
0.3,0.19,0.06,0.933179723502304,0.9306461173681091,0.8942307692307693,0.7788461538461539,0.7353629976580797,0.6283783783783784,0.9818181818181818,0.9968253968253968,1.0,3,1,0,46,113,275,0.9246298508077386,0.7141958432942039,0.9928811928811929,4,434
0.22,0.19,0.16,0.9188275084554679,0.9306461173681091,0.9300924065889916,0.7180616740088106,0.7353629976580797,0.7360890302066773,0.9878787878787879,0.9968253968253968,0.9956989247311828,2,1,2,64,113,166,0.924626070755965,0.7298379006245225,0.9934677031451224,5,343
0.2,0.2,0.18,0.9182530795072789,0.9304399524375744,0.9318273497377975,0.703862660944206,0.7417061611374408,0.7463651050080775,0.9939393939393939,0.9936507936507937,0.9935483870967742,1,2,3,69,109,157,0.9246239954324712,0.7306446423632416,0.9937128582289873,6,335
0.3,0.16,0.07,0.933179723502304,0.926470588235294,0.9004647560030984,0.7788461538461539,0.7159090909090909,0.6440443213296398,0.9818181818181818,1.0,1.0,3,0,0,46,125,257,0.92462398942236,0.7129331886949615,0.993939393939394,3,428
0.25,0.2,0.08,0.928246013667426,0.9304399524375744,0.9067862714508581,0.7477064220183486,0.7417061611374408,0.6605113636363636,0.9878787878787879,0.9936507936507937,1.0,2,2,0,55,109,239,0.924612246855157,0.7166413155973843,0.9938431938431939,4,403
0.29,0.23,0.06,0.9310344827586207,0.934131736526946,0.8942307692307693,0.7714285714285715,0.7609756097560976,0.6283783783783784,0.9818181818181818,0.9904761904761905,1.0,3,3,0,48,98,275,0.9246029161835481,0.7202608531876825,0.9907647907647908,6,421
0.24,0.2,0.1,0.9261363636363638,0.9304399524375744,0.911949685534591,0.740909090909091,0.7417061611374408,0.6783625730994152,0.9878787878787879,0.9936507936507937,0.9978494623655914,2,2,1,57,109,220,0.9245901046563724,0.7203259417153157,0.9931263479650575,5,386
0.26,0.14,0.1,0.9314285714285714,0.9215915740198947,0.911949685534591,0.7581395348837209,0.7015590200445434,0.6783625730994152,0.9878787878787879,1.0,0.9978494623655914,2,0,1,52,134,220,0.9245816950271724,0.7126870426758932,0.9952427500814597,3,406
0.23,0.21,0.13,0.92090395480226,0.9324566646742379,0.9219434488251693,0.7244444444444444,0.7554479418886199,0.7112135176651305,0.9878787878787879,0.9904761904761905,0.9956989247311828,2,3,2,62,101,188,0.9245776665684352,0.7303686346660649,0.9913513010287204,7,351
0.2,0.2,0.17,0.9182530795072789,0.9304399524375744,0.9315895372233401,0.703862660944206,0.7417061611374408,0.7408,0.9939393939393939,0.9936507936507937,0.9956989247311828,1,2,2,69,109,162,0.9245764329295797,0.728789607360549,0.9944297041071235,5,340
0.29,0.28,0.05,0.9310344827586207,0.9412832929782083,0.8833586626139818,0.7714285714285715,0.7933673469387755,0.6023316062176166,0.9818181818181818,0.9873015873015873,1.0,3,4,0,48,81,307,0.9245739617955692,0.7223758415283212,0.9897065897065898,7,436
0.26,0.17,0.07,0.9314285714285714,0.9292035398230089,0.9004647560030984,0.7581395348837209,0.7241379310344828,0.6440443213296398,0.9878787878787879,1.0,1.0,2,0,0,52,120,257,0.924568298861808,0.7087739290826146,0.9959595959595959,2,429
0.3,0.2,0.06,0.933179723502304,0.9304399524375744,0.8942307692307693,0.7788461538461539,0.7417061611374408,0.6283783783783784,0.9818181818181818,0.9936507936507937,1.0,3,2,0,46,109,275,0.9245680013285782,0.7163102311206577,0.9918229918229918,5,430
0.2,0.18,0.16,0.9182530795072789,0.9314015375517445,0.9300924065889916,0.703862660944206,0.7308584686774942,0.7360890302066773,0.9939393939393939,1.0,0.9956989247311828,1,0,2,69,116,166,0.9245654823369611,0.7236033866094592,0.9965461062235256,3,351
0.22,0.2,0.16,0.9188275084554679,0.9304399524375744,0.9300924065889916,0.7180616740088106,0.7417061611374408,0.7360890302066773,0.9878787878787879,0.9936507936507937,0.9956989247311828,2,2,2,64,109,166,0.9245642212768046,0.7319522884509763,0.9924095020869214,6,339
0.18,0.18,0.15,0.919732441471572,0.9314015375517445,0.9263705482192878,0.6962025316455697,0.7308584686774942,0.7245696400625978,1.0,1.0,0.9956989247311828,0,0,2,72,116,176,0.9245607916451669,0.7172102134618873,0.9985663082437276,2,364
0.24,0.18,0.09,0.9261363636363638,0.9314015375517445,0.9103367267032106,0.740909090909091,0.7308584686774942,0.670028818443804,0.9878787878787879,1.0,1.0,2,0,0,57,116,229,0.9245559884243474,0.7139321260101297,0.9959595959595959,2,402
0.22,0.2,0.2,0.9188275084554679,0.9304399524375744,0.9299027552674232,0.7180616740088106,0.7417061611374408,0.7549342105263158,0.9878787878787879,0.9936507936507937,0.9870967741935484,2,2,6,64,109,149,0.924526291012491,0.7382340152241892,0.9895421185743766,10,322
0.29,0.13,0.11,0.9310344827586207,0.9189031505250874,0.916633741604109,0.7714285714285715,0.6938325991189427,0.6915052160953801,0.9818181818181818,1.0,0.9978494623655914,3,0,1,48,139,207,0.9245149348576585,0.7189221288809647,0.9932225480612576,4,394
0.27,0.18,0.06,0.9324942791762013,0.9314015375517445,0.8942307692307693,0.7616822429906542,0.7308584686774942,0.6283783783783784,0.9878787878787879,1.0,1.0,2,0,0,51,116,275,0.9245137546997779,0.7069730300155089,0.9959595959595959,2,442
0.28,0.18,0.06,0.9324942791762013,0.9314015375517445,0.8942307692307693,0.7616822429906542,0.7308584686774942,0.6283783783783784,0.9878787878787879,1.0,1.0,2,0,0,51,116,275,0.9245137546997779,0.7069730300155089,0.9959595959595959,2,442
0.24,0.22,0.08,0.9261363636363638,0.933572710951526,0.9067862714508581,0.740909090909091,0.7591240875912408,0.6605113636363636,0.9878787878787879,0.9904761904761905,1.0,2,3,0,57,99,239,0.9244972493938113,0.7201815140455651,0.9927849927849928,5,395
0.22,0.17,0.17,0.9188275084554679,0.9292035398230089,0.9315895372233401,0.7180616740088106,0.7241379310344828,0.7408,0.9878787878787879,1.0,0.9956989247311828,2,0,2,64,120,162,0.9244927236193047,0.7276665350144311,0.9945259042033235,4,346
0.29,0.15,0.08,0.9310344827586207,0.9253819036427733,0.9067862714508581,0.7714285714285715,0.7126696832579186,0.6605113636363636,0.9818181818181818,1.0,1.0,3,0,0,48,127,239,0.924489066762314,0.7148698727742846,0.993939393939394,3,414
0.23,0.17,0.15,0.92090395480226,0.9292035398230089,0.9263705482192878,0.7244444444444444,0.7241379310344828,0.7245696400625978,0.9878787878787879,1.0,0.9956989247311828,2,0,2,62,120,176,0.9244871489918902,0.7243840051805083,0.9945259042033235,4,358
0.23,0.19,0.14,0.92090395480226,0.9306461173681091,0.9241516966067865,0.7244444444444444,0.7353629976580797,0.7178294573643411,0.9878787878787879,0.9968253968253968,0.9956989247311828,2,1,2,62,113,182,0.92447615193292,0.725878966488955,0.9934677031451224,5,357
0.25,0.23,0.07,0.928246013667426,0.934131736526946,0.9004647560030984,0.7477064220183486,0.7609756097560976,0.6440443213296398,0.9878787878787879,0.9904761904761905,1.0,2,3,0,55,98,257,0.9244554789924164,0.7175754510346953,0.9927849927849928,5,410
0.25,0.16,0.1,0.928246013667426,0.926470588235294,0.911949685534591,0.7477064220183486,0.7159090909090909,0.6783625730994152,0.9878787878787879,1.0,0.9978494623655914,2,0,1,55,125,220,0.9244541204112193,0.7139926953422849,0.9952427500814597,3,400
0.27,0.12,0.12,0.9324942791762013,0.9135730858468677,0.9206349206349207,0.7616822429906542,0.6788793103448276,0.703030303030303,0.9878787878787879,1.0,0.9978494623655914,2,0,1,51,149,196,0.9244460494691451,0.7145306187885949,0.9952427500814597,3,396
0.28,0.12,0.12,0.9324942791762013,0.9135730858468677,0.9206349206349207,0.7616822429906542,0.6788793103448276,0.703030303030303,0.9878787878787879,1.0,0.9978494623655914,2,0,1,51,149,196,0.9244460494691451,0.7145306187885949,0.9952427500814597,3,396
0.29,0.22,0.06,0.9310344827586207,0.933572710951526,0.8942307692307693,0.7714285714285715,0.7591240875912408,0.6283783783783784,0.9818181818181818,0.9904761904761905,1.0,3,3,0,48,99,275,0.924435208510922,0.7196436791327302,0.9907647907647908,6,422
0.22,0.21,0.15,0.9188275084554679,0.9324566646742379,0.9263705482192878,0.7180616740088106,0.7554479418886199,0.7245696400625978,0.9878787878787879,0.9904761904761905,0.9956989247311828,2,3,2,64,101,176,0.9244248632738629,0.7326930853200094,0.9913513010287204,7,341
0.3,0.14,0.08,0.933179723502304,0.9215915740198947,0.9067862714508581,0.7788461538461539,0.7015590200445434,0.6605113636363636,0.9818181818181818,1.0,1.0,3,0,0,46,134,239,0.9244245882472921,0.7136388458423536,0.993939393939394,3,419
0.23,0.2,0.14,0.92090395480226,0.9304399524375744,0.9241516966067865,0.7244444444444444,0.7417061611374408,0.7178294573643411,0.9878787878787879,0.9936507936507937,0.9956989247311828,2,2,2,62,109,182,0.9244143024537596,0.7279933543154088,0.9924095020869214,6,353
0.23,0.16,0.16,0.92090395480226,0.926470588235294,0.9300924065889916,0.7244444444444444,0.7159090909090909,0.7360890302066773,0.9878787878787879,1.0,0.9956989247311828,2,0,2,62,125,166,0.9244116351895164,0.7254808551867375,0.9945259042033235,4,353
0.29,0.14,0.1,0.9310344827586207,0.9215915740198947,0.911949685534591,0.7714285714285715,0.7015590200445434,0.6783625730994152,0.9818181818181818,1.0,0.9978494623655914,3,0,1,48,134,220,0.9243846506921969,0.7171167215241766,0.9932225480612576,4,402
0.24,0.14,0.14,0.9261363636363638,0.9215915740198947,0.9241516966067865,0.740909090909091,0.7015590200445434,0.7178294573643411,0.9878787878787879,1.0,0.9956989247311828,2,0,2,57,134,182,0.9243759933455076,0.7200991894393253,0.9945259042033235,4,373
0.29,0.17,0.07,0.9310344827586207,0.9292035398230089,0.9004647560030984,0.7714285714285715,0.7241379310344828,0.6440443213296398,0.9818181818181818,1.0,1.0,3,0,0,48,120,257,0.9243712545268328,0.713203607930898,0.993939393939394,3,425
0.3,0.25,0.05,0.933179723502304,0.936936936936937,0.8833586626139818,0.7788461538461539,0.7703703703703704,0.6023316062176166,0.9818181818181818,0.9904761904761905,1.0,3,3,0,46,93,307,0.9243426753550295,0.7171827101447136,0.9907647907647908,6,446
0.2,0.19,0.16,0.9182530795072789,0.9306461173681091,0.9300924065889916,0.703862660944206,0.7353629976580797,0.7360890302066773,0.9939393939393939,0.9968253968253968,0.9956989247311828,1,1,2,69,113,166,0.9243388562818704,0.7251048962696544,0.9954879051653246,4,348
0.24,0.16,0.11,0.9261363636363638,0.926470588235294,0.916633741604109,0.740909090909091,0.7159090909090909,0.6915052160953801,0.9878787878787879,1.0,0.9978494623655914,2,0,1,57,125,207,0.9243361066095919,0.7161077993045207,0.9952427500814597,3,389
0.24,0.19,0.09,0.9261363636363638,0.9306461173681091,0.9103367267032106,0.740909090909091,0.7353629976580797,0.670028818443804,0.9878787878787879,0.9968253968253968,1.0,2,1,0,57,113,229,0.9243293623692568,0.7154336356703249,0.9949013949013948,3,399
0.3,0.13,0.09,0.933179723502304,0.9189031505250874,0.9103367267032106,0.7788461538461539,0.6938325991189427,0.670028818443804,0.9818181818181818,1.0,1.0,3,0,0,46,139,229,0.9243281522493204,0.7142358571363002,0.993939393939394,3,414
0.23,0.21,0.12,0.92090395480226,0.9324566646742379,0.9206349206349207,0.7244444444444444,0.7554479418886199,0.703030303030303,0.9878787878787879,0.9904761904761905,0.9978494623655914,2,3,1,62,101,196,0.9243159609303855,0.7276408964544557,0.9920681469068565,6,359
0.22,0.22,0.14,0.9188275084554679,0.933572710951526,0.9241516966067865,0.7180616740088106,0.7591240875912408,0.7178294573643411,0.9878787878787879,0.9904761904761905,0.9956989247311828,2,3,2,64,99,182,0.924315906834549,0.7316717396547975,0.9913513010287204,7,345
0.26,0.26,0.05,0.9314285714285714,0.9397590361445785,0.8833586626139818,0.7581395348837209,0.78,0.6023316062176166,0.9878787878787879,0.9904761904761905,1.0,2,3,0,52,88,307,0.9243137290804556,0.7134903803671125,0.9927849927849928,5,447
0.27,0.13,0.1,0.9324942791762013,0.9189031505250874,0.911949685534591,0.7616822429906542,0.6938325991189427,0.6783625730994152,0.9878787878787879,1.0,0.9978494623655914,2,0,1,51,139,220,0.924308021852545,0.7112924717363374,0.9952427500814597,3,410
0.28,0.13,0.1,0.9324942791762013,0.9189031505250874,0.911949685534591,0.7616822429906542,0.6938325991189427,0.6783625730994152,0.9878787878787879,1.0,0.9978494623655914,2,0,1,51,139,220,0.924308021852545,0.7112924717363374,0.9952427500814597,3,410
0.26,0.21,0.06,0.9314285714285714,0.9324566646742379,0.8942307692307693,0.7581395348837209,0.7554479418886199,0.6283783783783784,0.9878787878787879,0.9904761904761905,1.0,2,3,0,52,101,275,0.924297438962711,0.713988618383573,0.9927849927849928,5,428
0.3,0.15,0.07,0.933179723502304,0.9253819036427733,0.9004647560030984,0.7788461538461539,0.7126696832579186,0.6440443213296398,0.9818181818181818,1.0,1.0,3,0,0,46,127,257,0.9242973840446038,0.7118533861445707,0.993939393939394,3,430
0.25,0.22,0.07,0.928246013667426,0.933572710951526,0.9004647560030984,0.7477064220183486,0.7591240875912408,0.6440443213296398,0.9878787878787879,0.9904761904761905,1.0,2,3,0,55,99,257,0.9242877713197906,0.7169582769797431,0.9927849927849928,5,411
0.27,0.19,0.06,0.9324942791762013,0.9306461173681091,0.8942307692307693,0.7616822429906542,0.7353629976580797,0.6283783783783784,0.9878787878787879,0.9968253968253968,1.0,2,1,0,51,113,275,0.9242871286446872,0.7084745396757041,0.9949013949013948,3,439
0.28,0.19,0.06,0.9324942791762013,0.9306461173681091,0.8942307692307693,0.7616822429906542,0.7353629976580797,0.6283783783783784,0.9878787878787879,0.9968253968253968,1.0,2,1,0,51,113,275,0.9242871286446872,0.7084745396757041,0.9949013949013948,3,439
0.27,0.16,0.07,0.9324942791762013,0.926470588235294,0.9004647560030984,0.7616822429906542,0.7159090909090909,0.6440443213296398,0.9878787878787879,1.0,1.0,2,0,0,51,125,257,0.9242812672593086,0.7072118850764616,0.9959595959595959,2,433
0.28,0.16,0.07,0.9324942791762013,0.926470588235294,0.9004647560030984,0.7616822429906542,0.7159090909090909,0.6440443213296398,0.9878787878787879,1.0,1.0,2,0,0,51,125,257,0.9242812672593086,0.7072118850764616,0.9959595959595959,2,433
0.2,0.2,0.16,0.9182530795072789,0.9304399524375744,0.9300924065889916,0.703862660944206,0.7417061611374408,0.7360890302066773,0.9939393939393939,0.9936507936507937,0.9956989247311828,1,2,2,69,109,166,0.92427700680271,0.7272192840961081,0.9944297041071235,5,344
0.24,0.2,0.09,0.9261363636363638,0.9304399524375744,0.9103367267032106,0.740909090909091,0.7417061611374408,0.670028818443804,0.9878787878787879,0.9936507936507937,1.0,2,2,0,57,109,229,0.9242675128900963,0.7175480234967786,0.9938431938431939,4,395
0.23,0.18,0.13,0.92090395480226,0.9314015375517445,0.9219434488251693,0.7244444444444444,0.7308584686774942,0.7112135176651305,0.9878787878787879,1.0,0.9956989247311828,2,0,2,62,116,188,0.9242611284316872,0.7221721435956897,0.9945259042033235,4,366
0.26,0.14,0.09,0.9314285714285714,0.9215915740198947,0.9103367267032106,0.7581395348837209,0.7015590200445434,0.670028818443804,0.9878787878787879,1.0,1.0,2,0,0,52,134,229,0.9242591032608963,0.7099091244573561,0.9959595959595959,2,415
0.25,0.17,0.08,0.928246013667426,0.9292035398230089,0.9067862714508581,0.7477064220183486,0.7241379310344828,0.6605113636363636,0.9878787878787879,1.0,1.0,2,0,0,55,120,239,0.9242413230707873,0.7107852388963983,0.9959595959595959,2,414
0.2,0.2,0.2,0.9182530795072789,0.9304399524375744,0.9299027552674232,0.703862660944206,0.7417061611374408,0.7549342105263158,0.9939393939393939,0.9936507936507937,0.9870967741935484,1,2,6,69,109,149,0.9242390765383963,0.733501010869321,0.9915623205945786,9,327
0.29,0.27,0.05,0.9310344827586207,0.9401451027811366,0.8833586626139818,0.7714285714285715,0.7893401015228426,0.6023316062176166,0.9818181818181818,0.9873015873015873,1.0,3,4,0,48,83,307,0.9242325047364476,0.7210334263896768,0.9897065897065898,7,438
0.27,0.2,0.06,0.9324942791762013,0.9304399524375744,0.8942307692307693,0.7616822429906542,0.7417061611374408,0.6283783783783784,0.9878787878787879,0.9936507936507937,1.0,2,2,0,51,109,275,0.9242252791655268,0.7105889275021579,0.9938431938431939,4,435
0.28,0.2,0.06,0.9324942791762013,0.9304399524375744,0.8942307692307693,0.7616822429906542,0.7417061611374408,0.6283783783783784,0.9878787878787879,0.9936507936507937,1.0,2,2,0,51,109,275,0.9242252791655268,0.7105889275021579,0.9938431938431939,4,435
0.24,0.17,0.1,0.9261363636363638,0.9292035398230089,0.911949685534591,0.740909090909091,0.7241379310344828,0.6783625730994152,0.9878787878787879,1.0,0.9978494623655914,2,0,1,57,120,220,0.9242191808720027,0.7144698650143297,0.9952427500814597,3,397
0.2,0.17,0.17,0.9182530795072789,0.9292035398230089,0.9315895372233401,0.703862660944206,0.7241379310344828,0.7408,0.9939393939393939,1.0,0.9956989247311828,1,0,2,69,120,162,0.92420550914521,0.7229335306595629,0.9965461062235256,3,351
0.3,0.17,0.06,0.933179723502304,0.9292035398230089,0.8942307692307693,0.7788461538461539,0.7241379310344828,0.6283783783783784,0.9818181818181818,1.0,1.0,3,0,0,46,120,275,0.9241970775442085,0.7104541544196716,0.993939393939394,3,441
0.22,0.17,0.16,0.9188275084554679,0.9292035398230089,0.9300924065889916,0.7180616740088106,0.7241379310344828,0.7360890302066773,0.9878787878787879,1.0,0.9956989247311828,2,0,2,64,120,166,0.924193297492435,0.7260962117499902,0.9945259042033235,4,350
0.25,0.13,0.13,0.928246013667426,0.9189031505250874,0.9219434488251693,0.7477064220183486,0.6938325991189427,0.7112135176651305,0.9878787878787879,1.0,0.9956989247311828,2,0,2,55,139,188,0.9241826417562731,0.7175841796008072,0.9945259042033235,4,382
0.24,0.21,0.08,0.9261363636363638,0.9324566646742379,0.9067862714508581,0.740909090909091,0.7554479418886199,0.6605113636363636,0.9878787878787879,0.9904761904761905,1.0,2,3,0,57,101,239,0.9241624355106248,0.7189561321446916,0.9927849927849928,5,397
0.25,0.16,0.09,0.928246013667426,0.926470588235294,0.9103367267032106,0.7477064220183486,0.7159090909090909,0.670028818443804,0.9878787878787879,1.0,1.0,2,0,0,55,125,229,0.9241315286449433,0.7112147771237479,0.9959595959595959,2,409
0.25,0.15,0.1,0.928246013667426,0.9253819036427733,0.911949685534591,0.7477064220183486,0.7126696832579186,0.6783625730994152,0.9878787878787879,1.0,0.9978494623655914,2,0,1,55,127,220,0.9241275150334631,0.7129128927918941,0.9952427500814597,3,402
0.18,0.18,0.14,0.919732441471572,0.9314015375517445,0.9241516966067865,0.6962025316455697,0.7308584686774942,0.7178294573643411,1.0,1.0,0.9956989247311828,0,0,2,72,116,182,0.9241170213226666,0.7149634858958017,0.9985663082437276,2,370
0.29,0.26,0.05,0.9310344827586207,0.9397590361445785,0.8833586626139818,0.7714285714285715,0.78,0.6023316062176166,0.9818181818181818,0.9904761904761905,1.0,3,3,0,48,88,307,0.9241166847454801,0.717920059215396,0.9907647907647908,6,443
0.22,0.18,0.15,0.9188275084554679,0.9314015375517445,0.9263705482192878,0.7180616740088106,0.7308584686774942,0.7245696400625978,0.9878787878787879,1.0,0.9956989247311828,2,0,2,64,116,176,0.9241083251371148,0.7244965942496342,0.9945259042033235,4,356
0.29,0.21,0.06,0.9310344827586207,0.9324566646742379,0.8942307692307693,0.7714285714285715,0.7554479418886199,0.6283783783783784,0.9818181818181818,0.9904761904761905,1.0,3,3,0,48,101,275,0.9241003946277355,0.7184182972318566,0.9907647907647908,6,424
0.27,0.14,0.08,0.9324942791762013,0.9215915740198947,0.9067862714508581,0.7616822429906542,0.7015590200445434,0.6605113636363636,0.9878787878787879,1.0,1.0,2,0,0,51,134,239,0.9240818660842407,0.7079175422238538,0.9959595959595959,2,424
0.28,0.14,0.08,0.9324942791762013,0.9215915740198947,0.9067862714508581,0.7616822429906542,0.7015590200445434,0.6605113636363636,0.9878787878787879,1.0,1.0,2,0,0,51,134,239,0.9240818660842407,0.7079175422238538,0.9959595959595959,2,424
0.29,0.14,0.09,0.9310344827586207,0.9215915740198947,0.9103367267032106,0.7714285714285715,0.7015590200445434,0.670028818443804,0.9818181818181818,1.0,1.0,3,0,0,48,134,229,0.9240620589259209,0.7143388033056396,0.993939393939394,3,411
0.25,0.25,0.06,0.928246013667426,0.936936936936937,0.8942307692307693,0.7477064220183486,0.7703703703703704,0.6283783783783784,0.9878787878787879,0.9904761904761905,1.0,2,3,0,55,93,275,0.924050241760948,0.7154850569223657,0.9927849927849928,5,423
0.23,0.17,0.14,0.92090395480226,0.9292035398230089,0.9241516966067865,0.7244444444444444,0.7241379310344828,0.7178294573643411,0.9878787878787879,1.0,0.9956989247311828,2,0,2,62,120,182,0.9240433786693899,0.7221372776144227,0.9945259042033235,4,364
0.23,0.19,0.13,0.92090395480226,0.9306461173681091,0.9219434488251693,0.7244444444444444,0.7353629976580797,0.7112135176651305,0.9878787878787879,0.9968253968253968,0.9956989247311828,2,1,2,62,113,188,0.9240345023765966,0.7236736532558848,0.9934677031451224,5,363
0.23,0.23,0.11,0.92090395480226,0.934131736526946,0.916633741604109,0.7244444444444444,0.7609756097560976,0.6915052160953801,0.9878787878787879,0.9904761904761905,0.9978494623655914,2,3,1,62,98,207,0.9240182466800356,0.7256417567653074,0.9920681469068565,6,367
0.24,0.15,0.11,0.9261363636363638,0.9253819036427733,0.916633741604109,0.740909090909091,0.7126696832579186,0.6915052160953801,0.9878787878787879,1.0,0.9978494623655914,2,0,1,57,127,207,0.9240095012318357,0.7150279967541299,0.9952427500814597,3,391
0.3,0.24,0.05,0.933179723502304,0.9358128374325134,0.8833586626139818,0.7788461538461539,0.7665847665847666,0.6023316062176166,0.9818181818181818,0.9904761904761905,1.0,3,3,0,46,95,307,0.9240054455037024,0.715920842216179,0.9907647907647908,6,448
0.27,0.25,0.05,0.9324942791762013,0.936936936936937,0.8833586626139818,0.7616822429906542,0.7703703703703704,0.6023316062176166,0.9878787878787879,0.9904761904761905,1.0,2,3,0,51,93,307,0.9239999531919781,0.7114614065262138,0.9927849927849928,5,451
0.28,0.25,0.05,0.9324942791762013,0.936936936936937,0.8833586626139818,0.7616822429906542,0.7703703703703704,0.6023316062176166,0.9878787878787879,0.9904761904761905,1.0,2,3,0,51,93,307,0.9239999531919781,0.7114614065262138,0.9927849927849928,5,451
0.23,0.18,0.12,0.92090395480226,0.9314015375517445,0.9206349206349207,0.7244444444444444,0.7308584686774942,0.703030303030303,0.9878787878787879,1.0,0.9978494623655914,2,0,1,62,116,196,0.9239994227936374,0.7194444053840806,0.9952427500814597,3,374
0.3,0.12,0.11,0.933179723502304,0.9135730858468677,0.916633741604109,0.7788461538461539,0.6788793103448276,0.6915052160953801,0.9818181818181818,1.0,0.9978494623655914,3,0,1,46,149,207,0.9239885358260342,0.7164102267621205,0.9932225480612576,4,402
0.27,0.13,0.09,0.9324942791762013,0.9189031505250874,0.9103367267032106,0.7616822429906542,0.6938325991189427,0.670028818443804,0.9878787878787879,1.0,1.0,2,0,0,51,139,229,0.923985430086269,0.7085145535178002,0.9959595959595959,2,419
0.28,0.13,0.09,0.9324942791762013,0.9189031505250874,0.9103367267032106,0.7616822429906542,0.6938325991189427,0.670028818443804,0.9878787878787879,1.0,1.0,2,0,0,51,139,229,0.923985430086269,0.7085145535178002,0.9959595959595959,2,419
0.22,0.21,0.14,0.9188275084554679,0.9324566646742379,0.9241516966067865,0.7180616740088106,0.7554479418886199,0.7178294573643411,0.9878787878787879,0.9904761904761905,0.9956989247311828,2,3,2,64,101,182,0.9239810929513625,0.7304463577539239,0.9913513010287204,7,347
0.26,0.18,0.06,0.9314285714285714,0.9314015375517445,0.8942307692307693,0.7581395348837209,0.7308584686774942,0.6283783783783784,0.9878787878787879,1.0,1.0,2,0,0,52,116,275,0.923980900825963,0.7057921273131978,0.9959595959595959,2,443
0.23,0.2,0.13,0.92090395480226,0.9304399524375744,0.9219434488251693,0.7244444444444444,0.7417061611374408,0.7112135176651305,0.9878787878787879,0.9936507936507937,0.9956989247311828,2,2,2,62,109,188,0.9239726528974361,0.7257880410823386,0.9924095020869214,6,359
0.27,0.15,0.07,0.9324942791762013,0.9253819036427733,0.9004647560030984,0.7616822429906542,0.7126696832579186,0.6440443213296398,0.9878787878787879,1.0,1.0,2,0,0,51,127,257,0.9239546618815524,0.706132082526071,0.9959595959595959,2,435
0.28,0.15,0.07,0.9324942791762013,0.9253819036427733,0.9004647560030984,0.7616822429906542,0.7126696832579186,0.6440443213296398,0.9878787878787879,1.0,1.0,2,0,0,51,127,257,0.9239546618815524,0.706132082526071,0.9959595959595959,2,435
0.25,0.21,0.07,0.928246013667426,0.9324566646742379,0.9004647560030984,0.7477064220183486,0.7554479418886199,0.6440443213296398,0.9878787878787879,0.9904761904761905,1.0,2,3,0,55,101,257,0.9239529574366041,0.7157328950788694,0.9927849927849928,5,413
0.24,0.14,0.13,0.9261363636363638,0.9215915740198947,0.9219434488251693,0.740909090909091,0.7015590200445434,0.7112135176651305,0.9878787878787879,1.0,0.9956989247311828,2,0,2,57,134,188,0.9239343437891842,0.7178938762062549,0.9945259042033235,4,379
0.25,0.14,0.11,0.928246013667426,0.9215915740198947,0.916633741604109,0.7477064220183486,0.7015590200445434,0.6915052160953801,0.9878787878787879,1.0,0.9978494623655914,2,0,1,55,134,207,0.9239272273605033,0.7135902193860907,0.9952427500814597,3,396
0.25,0.13,0.12,0.928246013667426,0.9189031505250874,0.9206349206349207,0.7477064220183486,0.6938325991189427,0.703030303030303,0.9878787878787879,1.0,0.9978494623655914,2,0,1,55,139,196,0.9239209361182233,0.7148564413891981,0.9952427500814597,3,390
0.26,0.12,0.12,0.9314285714285714,0.9135730858468677,0.9206349206349207,0.7581395348837209,0.6788793103448276,0.703030303030303,0.9878787878787879,1.0,0.9978494623655914,2,0,1,52,149,196,0.9239131955953301,0.713349716086284,0.9952427500814597,3,397
0.2,0.17,0.16,0.9182530795072789,0.9292035398230089,0.9300924065889916,0.703862660944206,0.7241379310344828,0.7360890302066773,0.9939393939393939,1.0,0.9956989247311828,1,0,2,69,120,166,0.9239060830183403,0.721363207395122,0.9965461062235256,3,355
0.24,0.24,0.07,0.9261363636363638,0.9358128374325134,0.9004647560030984,0.740909090909091,0.7665847665847666,0.6440443213296398,0.9878787878787879,0.9904761904761905,1.0,2,3,0,57,95,257,0.9239049842485556,0.7171793929411657,0.9927849927849928,5,409
0.18,0.17,0.15,0.919732441471572,0.9292035398230089,0.9263705482192878,0.6962025316455697,0.7241379310344828,0.7245696400625978,1.0,1.0,0.9956989247311828,0,0,2,72,120,176,0.9239013923265462,0.7149700342475501,0.9985663082437276,2,368
0.24,0.17,0.09,0.9261363636363638,0.9292035398230089,0.9103367267032106,0.740909090909091,0.7241379310344828,0.670028818443804,0.9878787878787879,1.0,1.0,2,0,0,57,120,229,0.9238965891057267,0.7116919467957926,0.9959595959595959,2,406
0.19,0.18,0.18,0.9162011173184358,0.9314015375517445,0.9318273497377975,0.6978723404255319,0.7308584686774942,0.7463651050080775,0.9939393939393939,1.0,0.9935483870967742,1,0,3,71,116,157,0.9238864898723008,0.725031971370368,0.9958292603453893,4,344
0.22,0.19,0.15,0.9188275084554679,0.9306461173681091,0.9263705482192878,0.7180616740088106,0.7353629976580797,0.7245696400625978,0.9878787878787879,0.9968253968253968,0.9956989247311828,2,1,2,64,113,176,0.9238816990820243,0.7259981039098293,0.9934677031451224,5,353
0.22,0.22,0.13,0.9188275084554679,0.933572710951526,0.9219434488251693,0.7180616740088106,0.7591240875912408,0.7112135176651305,0.9878787878787879,0.9904761904761905,0.9956989247311828,2,3,2,64,99,188,0.9238742572782256,0.7294664264217273,0.9913513010287204,7,351
0.27,0.17,0.06,0.9324942791762013,0.9292035398230089,0.8942307692307693,0.7616822429906542,0.7241379310344828,0.6283783783783784,0.9878787878787879,1.0,1.0,2,0,0,51,120,275,0.9238543553811571,0.7047328508011718,0.9959595959595959,2,446
0.28,0.17,0.06,0.9324942791762013,0.9292035398230089,0.8942307692307693,0.7616822429906542,0.7241379310344828,0.6283783783783784,0.9878787878787879,1.0,1.0,2,0,0,51,120,275,0.9238543553811571,0.7047328508011718,0.9959595959595959,2,446
0.23,0.22,0.11,0.92090395480226,0.933572710951526,0.916633741604109,0.7244444444444444,0.7591240875912408,0.6915052160953801,0.9878787878787879,0.9904761904761905,0.9978494623655914,2,3,1,62,99,207,0.9238505390074097,0.7250245827103551,0.9920681469068565,6,368
0.24,0.18,0.08,0.9261363636363638,0.9314015375517445,0.9067862714508581,0.740909090909091,0.7308584686774942,0.6605113636363636,0.9878787878787879,1.0,1.0,2,0,0,57,116,239,0.9238458973738768,0.7107596410743162,0.9959595959595959,2,412
0.19,0.18,0.17,0.9162011173184358,0.9314015375517445,0.9315895372233401,0.6978723404255319,0.7308584686774942,0.7408,0.9939393939393939,1.0,0.9956989247311828,1,0,2,71,116,162,0.9238389273694093,0.7231769363676754,0.9965461062235256,3,349
0.18,0.16,0.16,0.919732441471572,0.926470588235294,0.9300924065889916,0.6962025316455697,0.7159090909090909,0.7360890302066773,1.0,1.0,0.9956989247311828,0,0,2,72,125,166,0.9238258785241724,0.7160668842537793,0.9985663082437276,2,363
0.2,0.18,0.15,0.9182530795072789,0.9314015375517445,0.9263705482192878,0.703862660944206,0.7308584686774942,0.7245696400625978,0.9939393939393939,1.0,0.9956989247311828,1,0,2,69,116,176,0.9238211106630204,0.719763589894766,0.9965461062235256,3,361
0.22,0.2,0.15,0.9188275084554679,0.9304399524375744,0.9263705482192878,0.7180616740088106,0.7417061611374408,0.7245696400625978,0.9878787878787879,0.9936507936507937,0.9956989247311828,2,2,2,64,109,176,0.9238198496028639,0.7281124917362831,0.9924095020869214,6,349
0.25,0.15,0.09,0.928246013667426,0.9253819036427733,0.9103367267032106,0.7477064220183486,0.7126696832579186,0.670028818443804,0.9878787878787879,1.0,1.0,2,0,0,55,127,229,0.9238049232671871,0.7101349745733571,0.9959595959595959,2,411
0.29,0.18,0.06,0.9310344827586207,0.9314015375517445,0.8942307692307693,0.7714285714285715,0.7308584686774942,0.6283783783783784,0.9818181818181818,1.0,1.0,3,0,0,48,116,275,0.9237838564909875,0.7102218061614813,0.993939393939394,3,439
0.26,0.13,0.1,0.9314285714285714,0.9189031505250874,0.911949685534591,0.7581395348837209,0.6938325991189427,0.6783625730994152,0.9878787878787879,1.0,0.9978494623655914,2,0,1,52,139,220,0.92377516797873,0.7101115690340262,0.9952427500814597,3,411
0.23,0.19,0.12,0.92090395480226,0.9306461173681091,0.9206349206349207,0.7244444444444444,0.7353629976580797,0.703030303030303,0.9878787878787879,0.9968253968253968,0.9978494623655914,2,1,1,62,113,196,0.9237727967385468,0.7209459150442757,0.9941845490232586,4,371
0.26,0.19,0.06,0.9314285714285714,0.9306461173681091,0.8942307692307693,0.7581395348837209,0.7353629976580797,0.6283783783783784,0.9878787878787879,0.9968253968253968,1.0,2,1,0,52,113,275,0.9237542747708722,0.707293636973393,0.9949013949013948,3,440
0.26,0.16,0.07,0.9314285714285714,0.926470588235294,0.9004647560030984,0.7581395348837209,0.7159090909090909,0.6440443213296398,0.9878787878787879,1.0,1.0,2,0,0,52,125,257,0.9237484133854936,0.7060309823741505,0.9959595959595959,2,434
0.29,0.12,0.12,0.9310344827586207,0.9135730858468677,0.9206349206349207,0.7714285714285715,0.6788793103448276,0.703030303030303,0.9818181818181818,1.0,0.9978494623655914,3,0,1,48,149,196,0.9237161512603548,0.7177793949345674,0.9932225480612576,4,393
0.25,0.24,0.06,0.928246013667426,0.9358128374325134,0.8942307692307693,0.7477064220183486,0.7665847665847666,0.6283783783783784,0.9878787878787879,0.9904761904761905,1.0,2,3,0,55,95,275,0.9237130119096209,0.7142231889938312,0.9927849927849928,5,425
0.23,0.2,0.12,0.92090395480226,0.9304399524375744,0.9206349206349207,0.7244444444444444,0.7417061611374408,0.703030303030303,0.9878787878787879,0.9936507936507937,0.9978494623655914,2,2,1,62,109,196,0.9237109472593864,0.7230603028707295,0.9931263479650575,5,367
0.19,0.19,0.19,0.9162011173184358,0.9306461173681091,0.9320663162151235,0.6978723404255319,0.7353629976580797,0.7520391517128875,0.9939393939393939,0.9968253968253968,0.9913978494623656,1,1,4,71,113,152,0.9237076571126752,0.7284248299321664,0.9940542134090521,6,336
0.26,0.2,0.06,0.9314285714285714,0.9304399524375744,0.8942307692307693,0.7581395348837209,0.7417061611374408,0.6283783783783784,0.9878787878787879,0.9936507936507937,1.0,2,2,0,52,109,275,0.9236924252917118,0.7094080247998468,0.9938431938431939,4,436
0.18,0.18,0.13,0.919732441471572,0.9314015375517445,0.9219434488251693,0.6962025316455697,0.7308584686774942,0.7112135176651305,1.0,1.0,0.9956989247311828,0,0,2,72,116,188,0.9236753717663432,0.7127581726627316,0.9985663082437276,2,376
0.24,0.14,0.12,0.9261363636363638,0.9215915740198947,0.9206349206349207,0.740909090909091,0.7015590200445434,0.703030303030303,0.9878787878787879,1.0,0.9978494623655914,2,0,1,57,134,196,0.9236726381511344,0.7151661379946458,0.9952427500814597,3,387
0.23,0.16,0.15,0.92090395480226,0.926470588235294,0.9263705482192878,0.7244444444444444,0.7159090909090909,0.7245696400625978,0.9878787878787879,1.0,0.9956989247311828,2,0,2,62,125,176,0.9236672635155757,0.7216410584720444,0.9945259042033235,4,363
0.22,0.18,0.14,0.9188275084554679,0.9314015375517445,0.9241516966067865,0.7180616740088106,0.7308584686774942,0.7178294573643411,0.9878787878787879,1.0,0.9956989247311828,2,0,2,64,116,182,0.9236645548146145,0.7222498666835486,0.9945259042033235,4,362
0.27,0.24,0.05,0.9324942791762013,0.9358128374325134,0.8833586626139818,0.7616822429906542,0.7665847665847666,0.6023316062176166,0.9878787878787879,0.9904761904761905,1.0,2,3,0,51,95,307,0.923662723340651,0.7101995385976791,0.9927849927849928,5,453
0.28,0.24,0.05,0.9324942791762013,0.9358128374325134,0.8833586626139818,0.7616822429906542,0.7665847665847666,0.6023316062176166,0.9878787878787879,0.9904761904761905,1.0,2,3,0,51,95,307,0.923662723340651,0.7101995385976791,0.9927849927849928,5,453
0.19,0.19,0.18,0.9162011173184358,0.9306461173681091,0.9318273497377975,0.6978723404255319,0.7353629976580797,0.7463651050080775,0.9939393939393939,0.9968253968253968,0.9935483870967742,1,1,3,71,113,157,0.9236598638172101,0.7265334810305631,0.9947710592871882,5,341
0.27,0.12,0.11,0.9324942791762013,0.9135730858468677,0.916633741604109,0.7616822429906542,0.6788793103448276,0.6915052160953801,0.9878787878787879,1.0,0.9978494623655914,2,0,1,51,149,207,0.9236458136629828,0.7106889231436208,0.9952427500814597,3,407
0.28,0.12,0.11,0.9324942791762013,0.9135730858468677,0.916633741604109,0.7616822429906542,0.6788793103448276,0.6915052160953801,0.9878787878787879,1.0,0.9978494623655914,2,0,1,51,149,207,0.9236458136629828,0.7106889231436208,0.9952427500814597,3,407
0.25,0.18,0.07,0.928246013667426,0.9314015375517445,0.9004647560030984,0.7477064220183486,0.7308584686774942,0.6440443213296398,0.9878787878787879,1.0,1.0,2,0,0,55,116,257,0.9236364192998561,0.7075364040084943,0.9959595959595959,2,428
0.24,0.19,0.08,0.9261363636363638,0.9306461173681091,0.9067862714508581,0.740909090909091,0.7353629976580797,0.6605113636363636,0.9878787878787879,0.9968253968253968,1.0,2,1,0,57,113,239,0.9236192713187863,0.7122611507345115,0.9949013949013948,3,409
0.3,0.13,0.08,0.933179723502304,0.9189031505250874,0.9067862714508581,0.7788461538461539,0.6938325991189427,0.6605113636363636,0.9818181818181818,1.0,1.0,3,0,0,46,139,239,0.9236180611988498,0.7110633722004868,0.993939393939394,3,424
0.22,0.22,0.12,0.9188275084554679,0.933572710951526,0.9206349206349207,0.7180616740088106,0.7591240875912408,0.703030303030303,0.9878787878787879,0.9904761904761905,0.9978494623655914,2,3,1,64,99,196,0.9236125516401759,0.7267386882101182,0.9920681469068565,6,359
0.19,0.19,0.17,0.9162011173184358,0.9306461173681091,0.9315895372233401,0.6978723404255319,0.7353629976580797,0.7408,0.9939393939393939,0.9968253968253968,0.9956989247311828,1,1,2,71,113,162,0.9236123013143186,0.7246784460278706,0.9954879051653246,4,346
0.23,0.17,0.13,0.92090395480226,0.9292035398230089,0.9219434488251693,0.7244444444444444,0.7241379310344828,0.7112135176651305,0.9878787878787879,1.0,0.9956989247311828,2,0,2,62,120,188,0.9236017291130665,0.7199319643813525,0.9945259042033235,4,370
0.2,0.19,0.15,0.9182530795072789,0.9306461173681091,0.9263705482192878,0.703862660944206,0.7353629976580797,0.7245696400625978,0.9939393939393939,0.9968253968253968,0.9956989247311828,1,1,2,69,113,176,0.9235944846079297,0.7212650995549611,0.9954879051653246,4,358
0.29,0.13,0.1,0.9310344827586207,0.9189031505250874,0.911949685534591,0.7714285714285715,0.6938325991189427,0.6783625730994152,0.9818181818181818,1.0,0.9978494623655914,3,0,1,48,139,220,0.9235781236437548,0.7145412478823099,0.9932225480612576,4,407
0.24,0.2,0.08,0.9261363636363638,0.9304399524375744,0.9067862714508581,0.740909090909091,0.7417061611374408,0.6605113636363636,0.9878787878787879,0.9936507936507937,1.0,2,2,0,57,109,239,0.9235574218396259,0.7143755385609651,0.9938431938431939,4,405
0.29,0.19,0.06,0.9310344827586207,0.9306461173681091,0.8942307692307693,0.7714285714285715,0.7353629976580797,0.6283783783783784,0.9818181818181818,0.9968253968253968,1.0,3,1,0,48,113,275,0.923557230435897,0.7117233158216765,0.9928811928811929,4,436
0.29,0.16,0.07,0.9310344827586207,0.926470588235294,0.9004647560030984,0.7714285714285715,0.7159090909090909,0.6440443213296398,0.9818181818181818,1.0,1.0,3,0,0,48,125,257,0.9235513690505182,0.7104606612224341,0.993939393939394,3,430
0.26,0.14,0.08,0.9314285714285714,0.9215915740198947,0.9067862714508581,0.7581395348837209,0.7015590200445434,0.6605113636363636,0.9878787878787879,1.0,1.0,2,0,0,52,134,239,0.9235490122104257,0.7067366395215426,0.9959595959595959,2,425
0.19,0.18,0.16,0.9162011173184358,0.9314015375517445,0.9300924065889916,0.6978723404255319,0.7308584686774942,0.7360890302066773,0.9939393939393939,1.0,0.9956989247311828,1,0,2,71,116,166,0.9235395012425396,0.7216066131032345,0.9965461062235256,3,353
0.22,0.21,0.13,0.9188275084554679,0.9324566646742379,0.9219434488251693,0.7180616740088106,0.7554479418886199,0.7112135176651305,0.9878787878787879,0.9904761904761905,0.9956989247311828,2,3,2,64,101,188,0.9235394433950391,0.7282410445208537,0.9913513010287204,7,353
0.2,0.2,0.15,0.9182530795072789,0.9304399524375744,0.9263705482192878,0.703862660944206,0.7417061611374408,0.7245696400625978,0.9939393939393939,0.9936507936507937,0.9956989247311828,1,2,2,69,109,176,0.9235326351287693,0.7233794873814149,0.9944297041071235,5,354
0.21,0.21,0.21,0.914702581369248,0.9324566646742379,0.9321689683184401,0.7056277056277056,0.7554479418886199,0.7624584717607974,0.9878787878787879,0.9904761904761905,0.9870967741935484,2,3,6,68,101,143,0.9235220837505834,0.7411780397590411,0.9884839175161755,11,312
0.23,0.21,0.11,0.92090395480226,0.9324566646742379,0.916633741604109,0.7244444444444444,0.7554479418886199,0.6915052160953801,0.9878787878787879,0.9904761904761905,0.9978494623655914,2,3,1,62,101,207,0.9235157251242232,0.7237992008094815,0.9920681469068565,6,370
0.21,0.21,0.19,0.914702581369248,0.9324566646742379,0.9320663162151235,0.7056277056277056,0.7554479418886199,0.7520391517128875,0.9878787878787879,0.9904761904761905,0.9913978494623656,2,3,4,68,101,152,0.92350155332992,0.7377049330764044,0.9899176092724481,9,321
0.3,0.23,0.05,0.933179723502304,0.934131736526946,0.8833586626139818,0.7788461538461539,0.7609756097560976,0.6023316062176166,0.9818181818181818,0.9904761904761905,1.0,3,3,0,46,98,307,0.9235011152320322,0.7140511232732893,0.9907647907647908,6,451
0.29,0.2,0.06,0.9310344827586207,0.9304399524375744,0.8942307692307693,0.7714285714285715,0.7417061611374408,0.6283783783783784,0.9818181818181818,0.9936507936507937,1.0,3,2,0,48,109,275,0.9234953809567366,0.7138377036481303,0.9918229918229918,5,432
0.26,0.25,0.05,0.9314285714285714,0.936936936936937,0.8833586626139818,0.7581395348837209,0.7703703703703704,0.6023316062176166,0.9878787878787879,0.9904761904761905,1.0,2,3,0,52,93,307,0.9234670993181632,0.7102805038239026,0.9927849927849928,5,452
0.18,0.17,0.14,0.919732441471572,0.9292035398230089,0.9241516966067865,0.6962025316455697,0.7241379310344828,0.7178294573643411,1.0,1.0,0.9956989247311828,0,0,2,72,120,182,0.9234576220040459,0.7127233066814646,0.9985663082437276,2,374
0.21,0.21,0.18,0.914702581369248,0.9324566646742379,0.9318273497377975,0.7056277056277056,0.7554479418886199,0.7463651050080775,0.9878787878787879,0.9904761904761905,0.9935483870967742,2,3,3,68,101,157,0.9234537600344549,0.7358135841748009,0.9906344551505842,8,326
0.26,0.13,0.09,0.9314285714285714,0.9189031505250874,0.9103367267032106,0.7581395348837209,0.6938325991189427,0.670028818443804,0.9878787878787879,1.0,1.0,2,0,0,52,139,229,0.923452576212454,0.7073336508154893,0.9959595959595959,2,420
0.22,0.17,0.15,0.9188275084554679,0.9292035398230089,0.9263705482192878,0.7180616740088106,0.7241379310344828,0.7245696400625978,0.9878787878787879,1.0,0.9956989247311828,2,0,2,64,120,176,0.9234489258184942,0.722256415035297,0.9945259042033235,4,360
0.22,0.19,0.14,0.9188275084554679,0.9306461173681091,0.9241516966067865,0.7180616740088106,0.7353629976580797,0.7178294573643411,0.9878787878787879,0.9968253968253968,0.9956989247311828,2,1,2,64,113,182,0.923437928759524,0.7237513763437438,0.9934677031451224,5,359
0.26,0.15,0.07,0.9314285714285714,0.9253819036427733,0.9004647560030984,0.7581395348837209,0.7126696832579186,0.6440443213296398,0.9878787878787879,1.0,1.0,2,0,0,52,127,257,0.9234218080077374,0.7049511798237598,0.9959595959595959,2,436
0.25,0.16,0.08,0.928246013667426,0.926470588235294,0.9067862714508581,0.7477064220183486,0.7159090909090909,0.6605113636363636,0.9878787878787879,1.0,1.0,2,0,0,55,125,239,0.9234214375944727,0.7080422921879345,0.9959595959595959,2,419
0.18,0.18,0.12,0.919732441471572,0.9314015375517445,0.9206349206349207,0.6962025316455697,0.7308584686774942,0.703030303030303,1.0,1.0,0.9978494623655914,0,0,1,72,116,196,0.9234136661282935,0.7100304344511223,0.9992831541218639,1,384
0.25,0.19,0.07,0.928246013667426,0.9306461173681091,0.9004647560030984,0.7477064220183486,0.7353629976580797,0.6440443213296398,0.9878787878787879,0.9968253968253968,1.0,2,1,0,55,113,257,0.9234097932447654,0.7090379136686894,0.9949013949013948,3,425
0.21,0.21,0.17,0.914702581369248,0.9324566646742379,0.9315895372233401,0.7056277056277056,0.7554479418886199,0.7408,0.9878787878787879,0.9904761904761905,0.9956989247311828,2,3,2,68,101,162,0.9234061975315634,0.7339585491721086,0.9913513010287204,7,331
0.24,0.23,0.07,0.9261363636363638,0.934131736526946,0.9004647560030984,0.740909090909091,0.7609756097560976,0.6440443213296398,0.9878787878787879,0.9904761904761905,1.0,2,3,0,57,98,257,0.9234006539768853,0.7153096739982762,0.9927849927849928,5,412
0.24,0.16,0.1,0.9261363636363638,0.926470588235294,0.911949685534591,0.740909090909091,0.7159090909090909,0.6783625730994152,0.9878787878787879,1.0,0.9978494623655914,2,0,1,57,125,220,0.9233992953956882,0.7117269183058657,0.9952427500814597,3,402
0.2,0.18,0.14,0.9182530795072789,0.9314015375517445,0.9241516966067865,0.703862660944206,0.7308584686774942,0.7178294573643411,0.9939393939393939,1.0,0.9956989247311828,1,0,2,69,116,182,0.9233773403405201,0.7175168623286804,0.9965461062235256,3,367
0.3,0.16,0.06,0.933179723502304,0.926470588235294,0.8942307692307693,0.7788461538461539,0.7159090909090909,0.6283783783783784,0.9818181818181818,1.0,1.0,3,0,0,46,125,275,0.9233771920678941,0.7077112077112077,0.993939393939394,3,446
0.22,0.2,0.14,0.9188275084554679,0.9304399524375744,0.9241516966067865,0.7180616740088106,0.7417061611374408,0.7178294573643411,0.9878787878787879,0.9936507936507937,0.9956989247311828,2,2,2,64,109,182,0.9233760792803636,0.7258657641701975,0.9924095020869214,6,355
0.22,0.16,0.16,0.9188275084554679,0.926470588235294,0.9300924065889916,0.7180616740088106,0.7159090909090909,0.7360890302066773,0.9878787878787879,1.0,0.9956989247311828,2,0,2,64,125,166,0.9233734120161204,0.7233532650415263,0.9945259042033235,4,355
0.29,0.14,0.08,0.9310344827586207,0.9215915740198947,0.9067862714508581,0.7714285714285715,0.7015590200445434,0.6605113636363636,0.9818181818181818,1.0,1.0,3,0,0,48,134,239,0.9233519678754503,0.7111663183698261,0.993939393939394,3,421
0.25,0.2,0.07,0.928246013667426,0.9304399524375744,0.9004647560030984,0.7477064220183486,0.7417061611374408,0.6440443213296398,0.9878787878787879,0.9936507936507937,1.0,2,2,0,55,109,257,0.9233479437656049,0.7111523014951432,0.9938431938431939,4,421
0.23,0.15,0.15,0.92090395480226,0.9253819036427733,0.9263705482192878,0.7244444444444444,0.7126696832579186,0.7245696400625978,0.9878787878787879,1.0,0.9956989247311828,2,0,2,62,127,176,0.9233406581378195,0.7205612559216537,0.9945259042033235,4,365
0.23,0.17,0.12,0.92090395480226,0.9292035398230089,0.9206349206349207,0.7244444444444444,0.7241379310344828,0.703030303030303,0.9878787878787879,1.0,0.9978494623655914,2,0,1,62,120,196,0.9233400234750168,0.7172042261697434,0.9952427500814597,3,378
0.3,0.22,0.05,0.933179723502304,0.933572710951526,0.8833586626139818,0.7788461538461539,0.7591240875912408,0.6023316062176166,0.9818181818181818,0.9904761904761905,1.0,3,3,0,46,99,307,0.9233334075594062,0.713433949218337,0.9907647907647908,6,452
0.26,0.17,0.06,0.9314285714285714,0.9292035398230089,0.8942307692307693,0.7581395348837209,0.7241379310344828,0.6283783783783784,0.9878787878787879,1.0,1.0,2,0,0,52,120,275,0.9233215015073422,0.7035519480988607,0.9959595959595959,2,447
0.19,0.19,0.16,0.9162011173184358,0.9306461173681091,0.9300924065889916,0.6978723404255319,0.7353629976580797,0.7360890302066773,0.9939393939393939,0.9968253968253968,0.9956989247311828,1,1,2,71,113,166,0.9233128751874489,0.7231081227634296,0.9954879051653246,4,350
0.22,0.21,0.12,0.9188275084554679,0.9324566646742379,0.9206349206349207,0.7180616740088106,0.7554479418886199,0.703030303030303,0.9878787878787879,0.9904761904761905,0.9978494623655914,2,3,1,64,101,196,0.9232777377569894,0.7255133063092445,0.9920681469068565,6,361
0.27,0.13,0.08,0.9324942791762013,0.9189031505250874,0.9067862714508581,0.7616822429906542,0.6938325991189427,0.6605113636363636,0.9878787878787879,1.0,1.0,2,0,0,51,139,239,0.9232753390357984,0.7053420685819868,0.9959595959595959,2,429
0.28,0.13,0.08,0.9324942791762013,0.9189031505250874,0.9067862714508581,0.7616822429906542,0.6938325991189427,0.6605113636363636,0.9878787878787879,1.0,1.0,2,0,0,51,139,239,0.9232753390357984,0.7053420685819868,0.9959595959595959,2,429
0.29,0.25,0.05,0.9310344827586207,0.936936936936937,0.8833586626139818,0.7714285714285715,0.7703703703703704,0.6023316062176166,0.9818181818181818,0.9904761904761905,1.0,3,3,0,48,93,307,0.9232700549831877,0.7147101826721861,0.9907647907647908,6,448
0.29,0.13,0.09,0.9310344827586207,0.9189031505250874,0.9103367267032106,0.7714285714285715,0.6938325991189427,0.670028818443804,0.9818181818181818,1.0,1.0,3,0,0,48,139,229,0.9232555318774788,0.7117633296637728,0.993939393939394,3,416
0.24,0.22,0.07,0.9261363636363638,0.933572710951526,0.9004647560030984,0.740909090909091,0.7591240875912408,0.6440443213296398,0.9878787878787879,0.9904761904761905,1.0,2,3,0,57,99,257,0.9232329463042594,0.7146924999433238,0.9927849927849928,5,413
0.29,0.15,0.07,0.9310344827586207,0.9253819036427733,0.9004647560030984,0.7714285714285715,0.7126696832579186,0.6440443213296398,0.9818181818181818,1.0,1.0,3,0,0,48,127,257,0.923224763672762,0.7093808586720433,0.993939393939394,3,432
0.23,0.16,0.14,0.92090395480226,0.926470588235294,0.9241516966067865,0.7244444444444444,0.7159090909090909,0.7178294573643411,0.9878787878787879,1.0,0.9956989247311828,2,0,2,62,125,182,0.9232234931930754,0.7193943309059588,0.9945259042033235,4,369
0.22,0.18,0.13,0.9188275084554679,0.9314015375517445,0.9219434488251693,0.7180616740088106,0.7308584686774942,0.7112135176651305,0.9878787878787879,1.0,0.9956989247311828,2,0,2,64,116,188,0.9232229052582911,0.7200445534504785,0.9945259042033235,4,368
0.25,0.23,0.06,0.928246013667426,0.934131736526946,0.8942307692307693,0.7477064220183486,0.7609756097560976,0.6283783783783784,0.9878787878787879,0.9904761904761905,1.0,2,3,0,55,98,275,0.9232086816379507,0.7123534700509415,0.9927849927849928,5,428
0.23,0.18,0.11,0.92090395480226,0.9314015375517445,0.916633741604109,0.7244444444444444,0.7308584686774942,0.6915052160953801,0.9878787878787879,1.0,0.9978494623655914,2,0,1,62,116,207,0.9231991869874752,0.7156027097391062,0.9952427500814597,3,385
0.24,0.17,0.08,0.9261363636363638,0.9292035398230089,0.9067862714508581,0.740909090909091,0.7241379310344828,0.6605113636363636,0.9878787878787879,1.0,1.0,2,0,0,57,120,239,0.9231864980552562,0.7085194618599792,0.9959595959595959,2,416
0.19,0.17,0.17,0.9162011173184358,0.9292035398230089,0.9315895372233401,0.6978723404255319,0.7241379310344828,0.7408,0.9939393939393939,1.0,0.9956989247311828,1,0,2,71,120,162,0.9231795280507885,0.7209367571533383,0.9965461062235256,3,353
0.2,0.17,0.15,0.9182530795072789,0.9292035398230089,0.9263705482192878,0.703862660944206,0.7241379310344828,0.7245696400625978,0.9939393939393939,1.0,0.9956989247311828,1,0,2,69,120,176,0.9231617113443996,0.7175234106804288,0.9965461062235256,3,365
0.3,0.14,0.07,0.933179723502304,0.9215915740198947,0.9004647560030984,0.7788461538461539,0.7015590200445434,0.6440443213296398,0.9818181818181818,1.0,1.0,3,0,0,46,134,257,0.9231602851577401,0.7081498317401124,0.993939393939394,3,437
0.27,0.23,0.05,0.9324942791762013,0.934131736526946,0.8833586626139818,0.7616822429906542,0.7609756097560976,0.6023316062176166,0.9878787878787879,0.9904761904761905,1.0,2,3,0,51,98,307,0.9231583930689807,0.7083298196547895,0.9927849927849928,5,456
0.28,0.23,0.05,0.9324942791762013,0.934131736526946,0.8833586626139818,0.7616822429906542,0.7609756097560976,0.6023316062176166,0.9878787878787879,0.9904761904761905,1.0,2,3,0,51,98,307,0.9231583930689807,0.7083298196547895,0.9927849927849928,5,456
0.2,0.19,0.14,0.9182530795072789,0.9306461173681091,0.9241516966067865,0.703862660944206,0.7353629976580797,0.7178294573643411,0.9939393939393939,0.9968253968253968,0.9956989247311828,1,1,2,69,113,182,0.9231507142854294,0.7190183719888755,0.9954879051653246,4,364
0.21,0.18,0.18,0.914702581369248,0.9314015375517445,0.9318273497377975,0.7056277056277056,0.7308584686774942,0.7463651050080775,0.9878787878787879,1.0,0.9935483870967742,2,0,3,68,116,157,0.9231372218977069,0.7276170931044258,0.9938090583251874,5,341
0.26,0.24,0.05,0.9314285714285714,0.9358128374325134,0.8833586626139818,0.7581395348837209,0.7665847665847666,0.6023316062176166,0.9878787878787879,0.9904761904761905,1.0,2,3,0,52,95,307,0.9231298694668361,0.709018635895368,0.9927849927849928,5,454
0.24,0.13,0.13,0.9261363636363638,0.9189031505250874,0.9219434488251693,0.740909090909091,0.6938325991189427,0.7112135176651305,0.9878787878787879,1.0,0.9956989247311828,2,0,2,57,139,188,0.923127816740742,0.7153184025643881,0.9945259042033235,4,384
0.29,0.17,0.06,0.9310344827586207,0.9292035398230089,0.8942307692307693,0.7714285714285715,0.7241379310344828,0.6283783783783784,0.9818181818181818,1.0,1.0,3,0,0,48,120,275,0.9231244571723669,0.7079816269471442,0.993939393939394,3,443
0.25,0.13,0.11,0.928246013667426,0.9189031505250874,0.916633741604109,0.7477064220183486,0.6938325991189427,0.6915052160953801,0.9878787878787879,1.0,0.9978494623655914,2,0,1,55,139,207,0.9231207003120611,0.7110147457442237,0.9952427500814597,3,401
0.26,0.12,0.11,0.9314285714285714,0.9135730858468677,0.916633741604109,0.7581395348837209,0.6788793103448276,0.6915052160953801,0.9878787878787879,1.0,0.9978494623655914,2,0,1,52,149,207,0.9231129597891679,0.7095080204413096,0.9952427500814597,3,408
0.21,0.21,0.16,0.914702581369248,0.9324566646742379,0.9300924065889916,0.7056277056277056,0.7554479418886199,0.7360890302066773,0.9878787878787879,0.9904761904761905,0.9956989247311828,2,3,2,68,101,166,0.9231067714046937,0.7323882259076676,0.9913513010287204,7,335
0.25,0.15,0.08,0.928246013667426,0.9253819036427733,0.9067862714508581,0.7477064220183486,0.7126696832579186,0.6605113636363636,0.9878787878787879,1.0,1.0,2,0,0,55,127,239,0.9230948322167165,0.7069624896375436,0.9959595959595959,2,421
0.21,0.18,0.17,0.914702581369248,0.9314015375517445,0.9315895372233401,0.7056277056277056,0.7308584686774942,0.7408,0.9878787878787879,1.0,0.9956989247311828,2,0,2,68,116,162,0.9230896593948154,0.7257620581017332,0.9945259042033235,4,346
0.2,0.2,0.14,0.9182530795072789,0.9304399524375744,0.9241516966067865,0.703862660944206,0.7417061611374408,0.7178294573643411,0.9939393939393939,0.9936507936507937,0.9956989247311828,1,2,2,69,109,182,0.923088864806269,0.7211327598153293,0.9944297041071235,5,360
0.2,0.16,0.16,0.9182530795072789,0.926470588235294,0.9300924065889916,0.703862660944206,0.7159090909090909,0.7360890302066773,0.9939393939393939,1.0,0.9956989247311828,1,0,2,69,125,166,0.9230861975420259,0.7186202606866581,0.9965461062235256,3,360
0.18,0.16,0.15,0.919732441471572,0.926470588235294,0.9263705482192878,0.6962025316455697,0.7159090909090909,0.7245696400625978,1.0,1.0,0.9956989247311828,0,0,2,72,125,176,0.9230815068502317,0.7122270875390861,0.9985663082437276,2,373
0.23,0.23,0.1,0.92090395480226,0.934131736526946,0.911949685534591,0.7244444444444444,0.7609756097560976,0.6783625730994152,0.9878787878787879,0.9904761904761905,0.9978494623655914,2,3,1,62,98,220,0.923081435466132,0.7212608757666524,0.9920681469068565,6,380
0.24,0.16,0.09,0.9261363636363638,0.926470588235294,0.9103367267032106,0.740909090909091,0.7159090909090909,0.670028818443804,0.9878787878787879,1.0,1.0,2,0,0,57,125,229,0.9230767036294122,0.7089490000873288,0.9959595959595959,2,411
0.24,0.15,0.1,0.9261363636363638,0.9253819036427733,0.911949685534591,0.740909090909091,0.7126696832579186,0.6783625730994152,0.9878787878787879,1.0,0.9978494623655914,2,0,1,57,127,220,0.923072690017932,0.7106471157554749,0.9952427500814597,3,404
0.21,0.21,0.2,0.914702581369248,0.9324566646742379,0.9299027552674232,0.7056277056277056,0.7554479418886199,0.7549342105263158,0.9878787878787879,0.9904761904761905,0.9870967741935484,2,3,6,68,101,149,0.92306884114038,0.7386699526808805,0.9884839175161755,11,318
0.3,0.12,0.1,0.933179723502304,0.9135730858468677,0.911949685534591,0.7788461538461539,0.6788793103448276,0.6783625730994152,0.9818181818181818,1.0,0.9978494623655914,3,0,1,46,149,220,0.9230517246121306,0.7120293457634655,0.9932225480612576,4,415
0.3,0.15,0.06,0.933179723502304,0.9253819036427733,0.8942307692307693,0.7788461538461539,0.7126696832579186,0.6283783783783784,0.9818181818181818,1.0,1.0,3,0,0,46,127,275,0.923050586690138,0.706631405160817,0.993939393939394,3,448
0.25,0.22,0.06,0.928246013667426,0.933572710951526,0.8942307692307693,0.7477064220183486,0.7591240875912408,0.6283783783783784,0.9878787878787879,0.9904761904761905,1.0,2,3,0,55,99,275,0.9230409739653247,0.7117362959959893,0.9927849927849928,5,429
0.27,0.16,0.06,0.9324942791762013,0.926470588235294,0.8942307692307693,0.7616822429906542,0.7159090909090909,0.6283783783783784,0.9878787878787879,1.0,1.0,2,0,0,51,125,275,0.9230344699048427,0.7019899040927079,0.9959595959595959,2,451
0.28,0.16,0.06,0.9324942791762013,0.926470588235294,0.8942307692307693,0.7616822429906542,0.7159090909090909,0.6283783783783784,0.9878787878787879,1.0,1.0,2,0,0,51,125,275,0.9230344699048427,0.7019899040927079,0.9959595959595959,2,451
0.18,0.17,0.13,0.919732441471572,0.9292035398230089,0.9219434488251693,0.6962025316455697,0.7241379310344828,0.7112135176651305,1.0,1.0,0.9956989247311828,0,0,2,72,120,188,0.9230159724477225,0.7105179934483944,0.9985663082437276,2,380
0.22,0.17,0.14,0.9188275084554679,0.9292035398230089,0.9241516966067865,0.7180616740088106,0.7241379310344828,0.7178294573643411,0.9878787878787879,1.0,0.9956989247311828,2,0,2,64,120,182,0.9230051554959939,0.7200096874692115,0.9945259042033235,4,366
0.3,0.21,0.05,0.933179723502304,0.9324566646742379,0.8833586626139818,0.7788461538461539,0.7554479418886199,0.6023316062176166,0.9818181818181818,0.9904761904761905,1.0,3,3,0,46,101,307,0.9229985936762197,0.7122085673174635,0.9907647907647908,6,454
0.22,0.19,0.13,0.9188275084554679,0.9306461173681091,0.9219434488251693,0.7180616740088106,0.7353629976580797,0.7112135176651305,0.9878787878787879,0.9968253968253968,0.9956989247311828,2,1,2,64,113,188,0.9229962792032006,0.7215460631106736,0.9934677031451224,5,365
0.27,0.22,0.05,0.9324942791762013,0.933572710951526,0.8833586626139818,0.7616822429906542,0.7591240875912408,0.6023316062176166,0.9878787878787879,0.9904761904761905,1.0,2,3,0,51,99,307,0.9229906853963549,0.7077126455998372,0.9927849927849928,5,457
0.28,0.22,0.05,0.9324942791762013,0.933572710951526,0.8833586626139818,0.7616822429906542,0.7591240875912408,0.6023316062176166,0.9878787878787879,0.9904761904761905,1.0,2,3,0,51,99,307,0.9229906853963549,0.7077126455998372,0.9927849927849928,5,457
0.25,0.14,0.1,0.928246013667426,0.9215915740198947,0.911949685534591,0.7477064220183486,0.7015590200445434,0.6783625730994152,0.9878787878787879,1.0,0.9978494623655914,2,0,1,55,134,220,0.9229904161465996,0.7092093383874358,0.9952427500814597,3,409
0.25,0.17,0.07,0.928246013667426,0.9292035398230089,0.9004647560030984,0.7477064220183486,0.7241379310344828,0.6440443213296398,0.9878787878787879,1.0,1.0,2,0,0,55,120,257,0.9229770199812353,0.7052962247941571,0.9959595959595959,2,432
0.23,0.19,0.11,0.92090395480226,0.9306461173681091,0.916633741604109,0.7244444444444444,0.7353629976580797,0.6915052160953801,0.9878787878787879,0.9968253968253968,0.9978494623655914,2,1,1,62,113,207,0.9229725609323846,0.7171042193993014,0.9941845490232586,4,382
0.22,0.18,0.12,0.9188275084554679,0.9314015375517445,0.9206349206349207,0.7180616740088106,0.7308584686774942,0.703030303030303,0.9878787878787879,1.0,0.9978494623655914,2,0,1,64,116,196,0.9229611996202414,0.7173168152388693,0.9952427500814597,3,376
0.21,0.19,0.19,0.914702581369248,0.9306461173681091,0.9320663162151235,0.7056277056277056,0.7353629976580797,0.7520391517128875,0.9878787878787879,0.9968253968253968,0.9913978494623656,2,1,4,68,113,152,0.9229583891380815,0.7310099516662243,0.9920340113888502,7,333
0.2,0.18,0.13,0.9182530795072789,0.9314015375517445,0.9219434488251693,0.703862660944206,0.7308584686774942,0.7112135176651305,0.9939393939393939,1.0,0.9956989247311828,1,0,2,69,116,188,0.9229356907841967,0.7153115490956102,0.9965461062235256,3,373
0.22,0.2,0.13,0.9188275084554679,0.9304399524375744,0.9219434488251693,0.7180616740088106,0.7417061611374408,0.7112135176651305,0.9878787878787879,0.9936507936507937,0.9956989247311828,2,2,2,64,109,188,0.9229344297240402,0.7236604509371274,0.9924095020869214,6,361
0.29,0.24,0.05,0.9310344827586207,0.9358128374325134,0.8833586626139818,0.7714285714285715,0.7665847665847666,0.6023316062176166,0.9818181818181818,0.9904761904761905,1.0,3,3,0,48,95,307,0.9229328251318607,0.7134483147436516,0.9907647907647908,6,450
0.29,0.12,0.11,0.9310344827586207,0.9135730858468677,0.916633741604109,0.7714285714285715,0.6788793103448276,0.6915052160953801,0.9818181818181818,1.0,0.9978494623655914,3,0,1,48,149,207,0.9229159154541925,0.713937699289593,0.9932225480612576,4,404
0.23,0.22,0.1,0.92090395480226,0.933572710951526,0.911949685534591,0.7244444444444444,0.7591240875912408,0.6783625730994152,0.9878787878787879,0.9904761904761905,0.9978494623655914,2,3,1,62,99,220,0.922913727793506,0.7206437017117002,0.9920681469068565,6,381
0.23,0.2,0.11,0.92090395480226,0.9304399524375744,0.916633741604109,0.7244444444444444,0.7417061611374408,0.6915052160953801,0.9878787878787879,0.9936507936507937,0.9978494623655914,2,2,1,62,109,207,0.9229107114532241,0.7192186072257551,0.9931263479650575,5,378
0.21,0.19,0.18,0.914702581369248,0.9306461173681091,0.9318273497377975,0.7056277056277056,0.7353629976580797,0.7463651050080775,0.9878787878787879,0.9968253968253968,0.9935483870967742,2,1,3,68,113,157,0.9229105958426163,0.729118602764621,0.9927508572669863,6,338
0.24,0.21,0.07,0.9261363636363638,0.9324566646742379,0.9004647560030984,0.740909090909091,0.7554479418886199,0.6440443213296398,0.9878787878787879,0.9904761904761905,1.0,2,3,0,57,101,257,0.922898132421073,0.7134671180424502,0.9927849927849928,5,415
0.23,0.15,0.14,0.92090395480226,0.9253819036427733,0.9241516966067865,0.7244444444444444,0.7126696832579186,0.7178294573643411,0.9878787878787879,1.0,0.9956989247311828,2,0,2,62,127,182,0.9228968878153192,0.7183145283555681,0.9945259042033235,4,371
0.21,0.2,0.19,0.914702581369248,0.9304399524375744,0.9320663162151235,0.7056277056277056,0.7417061611374408,0.7520391517128875,0.9878787878787879,0.9936507936507937,0.9913978494623656,2,2,4,68,109,152,0.922896539658921,0.733124339492678,0.9909758103306491,8,329
0.19,0.17,0.16,0.9162011173184358,0.9292035398230089,0.9300924065889916,0.6978723404255319,0.7241379310344828,0.7360890302066773,0.9939393939393939,1.0,0.9956989247311828,1,0,2,71,120,166,0.9228801019239188,0.7193664338888973,0.9965461062235256,3,357
0.24,0.14,0.11,0.9261363636363638,0.9215915740198947,0.916633741604109,0.740909090909091,0.7015590200445434,0.6915052160953801,0.9878787878787879,1.0,0.9978494623655914,2,0,1,57,134,207,0.9228724023449721,0.7113244423496715,0.9952427500814597,3,398
0.24,0.13,0.12,0.9261363636363638,0.9189031505250874,0.9206349206349207,0.740909090909091,0.6938325991189427,0.703030303030303,0.9878787878787879,1.0,0.9978494623655914,2,0,1,57,139,196,0.9228661111026922,0.712590664352779,0.9952427500814597,3,392
0.21,0.19,0.17,0.914702581369248,0.9306461173681091,0.9315895372233401,0.7056277056277056,0.7353629976580797,0.7408,0.9878787878787879,0.9968253968253968,0.9956989247311828,2,1,2,68,113,162,0.9228630333397247,0.7272635677619285,0.9934677031451224,5,343
0.21,0.2,0.18,0.914702581369248,0.9304399524375744,0.9318273497377975,0.7056277056277056,0.7417061611374408,0.7463651050080775,0.9878787878787879,0.9936507936507937,0.9935483870967742,2,2,3,68,109,157,0.9228487463634558,0.7312329905910747,0.9916926562087852,7,334
0.27,0.14,0.07,0.9324942791762013,0.9215915740198947,0.9004647560030984,0.7616822429906542,0.7015590200445434,0.6440443213296398,0.9878787878787879,1.0,1.0,2,0,0,51,134,257,0.9228175629946889,0.7024285281216125,0.9959595959595959,2,442
0.28,0.14,0.07,0.9324942791762013,0.9215915740198947,0.9004647560030984,0.7616822429906542,0.7015590200445434,0.6440443213296398,0.9878787878787879,1.0,1.0,2,0,0,51,134,257,0.9228175629946889,0.7024285281216125,0.9959595959595959,2,442
0.22,0.22,0.11,0.9188275084554679,0.933572710951526,0.916633741604109,0.7180616740088106,0.7591240875912408,0.6915052160953801,0.9878787878787879,0.9904761904761905,0.9978494623655914,2,3,1,64,99,207,0.9228123158340136,0.7228969925651438,0.9920681469068565,6,370
0.21,0.2,0.17,0.914702581369248,0.9304399524375744,0.9315895372233401,0.7056277056277056,0.7417061611374408,0.7408,0.9878787878787879,0.9936507936507937,0.9956989247311828,2,2,2,68,109,162,0.9228011838605643,0.7293779555883821,0.9924095020869214,6,339
0.19,0.18,0.15,0.9162011173184358,0.9314015375517445,0.9263705482192878,0.6978723404255319,0.7308584686774942,0.7245696400625978,0.9939393939393939,1.0,0.9956989247311828,1,0,2,71,116,176,0.9227951295685989,0.7177668163885413,0.9965461062235256,3,363
0.21,0.18,0.16,0.914702581369248,0.9314015375517445,0.9300924065889916,0.7056277056277056,0.7308584686774942,0.7360890302066773,0.9878787878787879,1.0,0.9956989247311828,2,0,2,68,116,166,0.9227902332679456,0.7241917348372923,0.9945259042033235,4,350
0.23,0.16,0.13,0.92090395480226,0.926470588235294,0.9219434488251693,0.7244444444444444,0.7159090909090909,0.7112135176651305,0.9878787878787879,1.0,0.9956989247311828,2,0,2,62,125,188,0.922781843636752,0.7171890176728887,0.9945259042033235,4,375
0.23,0.23,0.09,0.92090395480226,0.934131736526946,0.9103367267032106,0.7244444444444444,0.7609756097560976,0.670028818443804,0.9878787878787879,0.9904761904761905,1.0,2,3,0,62,98,229,0.922758843699856,0.7184829575481153,0.9927849927849928,5,389
0.18,0.15,0.15,0.919732441471572,0.9253819036427733,0.9263705482192878,0.6962025316455697,0.7126696832579186,0.7245696400625978,1.0,1.0,0.9956989247311828,0,0,2,72,127,176,0.9227549014724755,0.7111472849886953,0.9985663082437276,2,375
0.18,0.17,0.12,0.919732441471572,0.9292035398230089,0.9206349206349207,0.6962025316455697,0.7241379310344828,0.703030303030303,1.0,1.0,0.9978494623655914,0,0,1,72,120,196,0.9227542668096728,0.7077902552367852,0.9992831541218639,1,388
0.24,0.15,0.09,0.9261363636363638,0.9253819036427733,0.9103367267032106,0.740909090909091,0.7126696832579186,0.670028818443804,0.9878787878787879,1.0,1.0,2,0,0,57,127,229,0.922750098251656,0.7078691975369379,0.9959595959595959,2,413
0.26,0.13,0.08,0.9314285714285714,0.9189031505250874,0.9067862714508581,0.7581395348837209,0.6938325991189427,0.6605113636363636,0.9878787878787879,1.0,1.0,2,0,0,52,139,239,0.9227424851619834,0.7041611658796758,0.9959595959595959,2,430
0.22,0.19,0.12,0.9188275084554679,0.9306461173681091,0.9206349206349207,0.7180616740088106,0.7353629976580797,0.703030303030303,0.9878787878787879,0.9968253968253968,0.9978494623655914,2,1,1,64,113,196,0.9227345735651509,0.7188183248990644,0.9941845490232586,4,373
0.3,0.12,0.09,0.933179723502304,0.9135730858468677,0.9103367267032106,0.7788461538461539,0.6788793103448276,0.670028818443804,0.9818181818181818,1.0,1.0,3,0,0,46,149,229,0.9227291328458546,0.7092514275449285,0.993939393939394,3,424
0.2,0.17,0.14,0.9182530795072789,0.9292035398230089,0.9241516966067865,0.703862660944206,0.7241379310344828,0.7178294573643411,0.9939393939393939,1.0,0.9956989247311828,1,0,2,69,120,182,0.9227179410218993,0.7152766831143432,0.9965461062235256,3,371
0.2,0.19,0.13,0.9182530795072789,0.9306461173681091,0.9219434488251693,0.703862660944206,0.7353629976580797,0.7112135176651305,0.9939393939393939,0.9968253968253968,0.9956989247311828,1,1,2,69,113,188,0.922709064729106,0.7168130587558054,0.9954879051653246,4,370
0.27,0.12,0.1,0.9324942791762013,0.9135730858468677,0.911949685534591,0.7616822429906542,0.6788793103448276,0.6783625730994152,0.9878787878787879,1.0,0.9978494623655914,2,0,1,51,149,220,0.9227090024490792,0.7063080421449657,0.9952427500814597,3,420
0.28,0.12,0.1,0.9324942791762013,0.9135730858468677,0.911949685534591,0.7616822429906542,0.6788793103448276,0.6783625730994152,0.9878787878787879,1.0,0.9978494623655914,2,0,1,51,149,220,0.9227090024490792,0.7063080421449657,0.9952427500814597,3,420
0.27,0.15,0.06,0.9324942791762013,0.9253819036427733,0.8942307692307693,0.7616822429906542,0.7126696832579186,0.6283783783783784,0.9878787878787879,1.0,1.0,2,0,0,51,127,275,0.9227078645270865,0.7009101015423171,0.9959595959595959,2,453
0.28,0.15,0.06,0.9324942791762013,0.9253819036427733,0.8942307692307693,0.7616822429906542,0.7126696832579186,0.6283783783783784,0.9878787878787879,1.0,1.0,2,0,0,51,127,275,0.9227078645270865,0.7009101015423171,0.9959595959595959,2,453
0.25,0.21,0.06,0.928246013667426,0.9324566646742379,0.8942307692307693,0.7477064220183486,0.7554479418886199,0.6283783783783784,0.9878787878787879,0.9904761904761905,1.0,2,3,0,55,101,275,0.9227061600821382,0.7105109140951157,0.9927849927849928,5,431
0.3,0.18,0.05,0.933179723502304,0.9314015375517445,0.8833586626139818,0.7788461538461539,0.7308584686774942,0.6023316062176166,0.9818181818181818,1.0,1.0,3,0,0,46,116,307,0.9226820555394717,0.7040120762470882,0.993939393939394,3,469
0.2,0.18,0.12,0.9182530795072789,0.9314015375517445,0.9206349206349207,0.703862660944206,0.7308584686774942,0.703030303030303,0.9939393939393939,1.0,0.9978494623655914,1,0,1,69,116,196,0.922673985146147,0.7125838108840011,0.9972629521016617,2,381
0.22,0.2,0.12,0.9188275084554679,0.9304399524375744,0.9206349206349207,0.7180616740088106,0.7417061611374408,0.703030303030303,0.9878787878787879,0.9936507936507937,0.9978494623655914,2,2,1,64,109,196,0.9226727240859904,0.7209327127255182,0.9931263479650575,5,369
0.25,0.14,0.09,0.928246013667426,0.9215915740198947,0.9103367267032106,0.7477064220183486,0.7015590200445434,0.670028818443804,0.9878787878787879,1.0,1.0,2,0,0,55,134,229,0.9226678243803236,0.7064314201688987,0.9959595959595959,2,418
0.24,0.24,0.06,0.9261363636363638,0.9358128374325134,0.8942307692307693,0.740909090909091,0.7665847665847666,0.6283783783783784,0.9878787878787879,0.9904761904761905,1.0,2,3,0,57,95,275,0.9226581868940897,0.711957411957412,0.9927849927849928,5,427
0.27,0.21,0.05,0.9324942791762013,0.9324566646742379,0.8833586626139818,0.7616822429906542,0.7554479418886199,0.6023316062176166,0.9878787878787879,0.9904761904761905,1.0,2,3,0,51,101,307,0.9226558715131684,0.7064872636989635,0.9927849927849928,5,459
0.28,0.21,0.05,0.9324942791762013,0.9324566646742379,0.8833586626139818,0.7616822429906542,0.7554479418886199,0.6023316062176166,0.9878787878787879,0.9904761904761905,1.0,2,3,0,51,101,307,0.9226558715131684,0.7064872636989635,0.9927849927849928,5,459
0.2,0.2,0.13,0.9182530795072789,0.9304399524375744,0.9219434488251693,0.703862660944206,0.7417061611374408,0.7112135176651305,0.9939393939393939,0.9936507936507937,0.9956989247311828,1,2,2,69,109,188,0.9226472152499455,0.7189274465822592,0.9944297041071235,5,366
0.18,0.16,0.14,0.919732441471572,0.926470588235294,0.9241516966067865,0.6962025316455697,0.7159090909090909,0.7178294573643411,1.0,1.0,0.9956989247311828,0,0,2,72,125,182,0.9226377365277314,0.7099803599730006,0.9985663082437276,2,379
0.22,0.16,0.15,0.9188275084554679,0.926470588235294,0.9263705482192878,0.7180616740088106,0.7159090909090909,0.7245696400625978,0.9878787878787879,1.0,0.9956989247311828,2,0,2,64,125,176,0.9226290403421797,0.719513468326833,0.9945259042033235,4,365
0.26,0.23,0.05,0.9314285714285714,0.934131736526946,0.8833586626139818,0.7581395348837209,0.7609756097560976,0.6023316062176166,0.9878787878787879,0.9904761904761905,1.0,2,3,0,52,98,307,0.9226255391951658,0.7071489169524784,0.9927849927849928,5,457
0.18,0.18,0.11,0.919732441471572,0.9314015375517445,0.916633741604109,0.6962025316455697,0.7308584686774942,0.6915052160953801,1.0,1.0,0.9978494623655914,0,0,1,72,116,207,0.9226134303221312,0.706188738806148,0.9992831541218639,1,395
0.23,0.22,0.09,0.92090395480226,0.933572710951526,0.9103367267032106,0.7244444444444444,0.7591240875912408,0.670028818443804,0.9878787878787879,0.9904761904761905,1.0,2,3,0,62,99,229,0.92259113602723,0.7178657834931631,0.9927849927849928,5,390
0.24,0.18,0.07,0.9261363636363638,0.9314015375517445,0.9004647560030984,0.740909090909091,0.7308584686774942,0.6440443213296398,0.9878787878787879,1.0,1.0,2,0,0,57,116,257,0.922581594284325,0.7052706269720751,0.9959595959595959,2,430
0.23,0.21,0.1,0.92090395480226,0.9324566646742379,0.911949685534591,0.7244444444444444,0.7554479418886199,0.6783625730994152,0.9878787878787879,0.9904761904761905,0.9978494623655914,2,3,1,62,101,220,0.9225789139103195,0.7194183198108265,0.9920681469068565,6,383
0.19,0.19,0.15,0.9162011173184358,0.9306461173681091,0.9263705482192878,0.6978723404255319,0.7353629976580797,0.7245696400625978,0.9939393939393939,0.9968253968253968,0.9956989247311828,1,1,2,71,113,176,0.9225685035135082,0.7192683260487365,0.9954879051653246,4,360
0.3,0.11,0.11,0.933179723502304,0.9088286208886325,0.916633741604109,0.7788461538461539,0.6659619450317125,0.6915052160953801,0.9818181818181818,1.0,0.9978494623655914,3,0,1,46,158,207,0.9225651963385636,0.7121044383244155,0.9932225480612576,4,411
0.21,0.19,0.16,0.914702581369248,0.9306461173681091,0.9300924065889916,0.7056277056277056,0.7353629976580797,0.7360890302066773,0.9878787878787879,0.9968253968253968,0.9956989247311828,2,1,2,68,113,166,0.922563607212855,0.7256932444974876,0.9934677031451224,5,347
0.22,0.17,0.13,0.9188275084554679,0.9292035398230089,0.9219434488251693,0.7180616740088106,0.7241379310344828,0.7112135176651305,0.9878787878787879,1.0,0.9956989247311828,2,0,2,64,120,188,0.9225635059396705,0.7178043742361413,0.9945259042033235,4,372
0.29,0.13,0.08,0.9310344827586207,0.9189031505250874,0.9067862714508581,0.7714285714285715,0.6938325991189427,0.6605113636363636,0.9818181818181818,1.0,1.0,3,0,0,48,139,239,0.9225454408270082,0.7085908447279593,0.993939393939394,3,426
0.23,0.17,0.11,0.92090395480226,0.9292035398230089,0.916633741604109,0.7244444444444444,0.7241379310344828,0.6915052160953801,0.9878787878787879,1.0,0.9978494623655914,2,0,1,62,120,207,0.9225397876688545,0.7133625305247691,0.9952427500814597,3,389
0.23,0.16,0.12,0.92090395480226,0.926470588235294,0.9206349206349207,0.7244444444444444,0.7159090909090909,0.703030303030303,0.9878787878787879,1.0,0.9978494623655914,2,0,1,62,125,196,0.9225201379987022,0.7144612794612795,0.9952427500814597,3,383
0.21,0.2,0.16,0.914702581369248,0.9304399524375744,0.9300924065889916,0.7056277056277056,0.7417061611374408,0.7360890302066773,0.9878787878787879,0.9936507936507937,0.9956989247311828,2,2,2,68,109,166,0.9225017577336946,0.7278076323239412,0.9924095020869214,6,343
0.26,0.16,0.06,0.9314285714285714,0.926470588235294,0.8942307692307693,0.7581395348837209,0.7159090909090909,0.6283783783783784,0.9878787878787879,1.0,1.0,2,0,0,52,125,275,0.9225016160310278,0.7008090013903967,0.9959595959595959,2,452
0.22,0.21,0.11,0.9188275084554679,0.9324566646742379,0.916633741604109,0.7180616740088106,0.7554479418886199,0.6915052160953801,0.9878787878787879,0.9904761904761905,0.9978494623655914,2,3,1,64,101,207,0.9224775019508271,0.7216716106642701,0.9920681469068565,6,372
0.21,0.2,0.2,0.914702581369248,0.9304399524375744,0.9299027552674232,0.7056277056277056,0.7417061611374408,0.7549342105263158,0.9878787878787879,0.9936507936507937,0.9870967741935484,2,2,6,68,109,149,0.9224638274693809,0.7340893590971541,0.9895421185743766,10,326
0.26,0.22,0.05,0.9314285714285714,0.933572710951526,0.8833586626139818,0.7581395348837209,0.7591240875912408,0.6023316062176166,0.9878787878787879,0.9904761904761905,1.0,2,3,0,52,99,307,0.9224578315225399,0.7065317428975261,0.9927849927849928,5,458
0.3,0.19,0.05,0.933179723502304,0.9306461173681091,0.8833586626139818,0.7788461538461539,0.7353629976580797,0.6023316062176166,0.9818181818181818,0.9968253968253968,1.0,3,1,0,46,113,307,0.9224554294843811,0.7055135859072834,0.9928811928811929,4,466
0.23,0.15,0.13,0.92090395480226,0.9253819036427733,0.9219434488251693,0.7244444444444444,0.7126696832579186,0.7112135176651305,0.9878787878787879,1.0,0.9956989247311828,2,0,2,62,127,188,0.9224552382589958,0.7161092151224979,0.9945259042033235,4,377
0.2,0.19,0.12,0.9182530795072789,0.9306461173681091,0.9206349206349207,0.703862660944206,0.7353629976580797,0.703030303030303,0.9939393939393939,0.9968253968253968,0.9978494623655914,1,1,1,69,113,196,0.9224473590910562,0.7140853205441963,0.9962047510434607,3,378
0.21,0.17,0.17,0.914702581369248,0.9292035398230089,0.9315895372233401,0.7056277056277056,0.7241379310344828,0.7408,0.9878787878787879,1.0,0.9956989247311828,2,0,2,68,120,162,0.9224302600761947,0.7235218788873962,0.9945259042033235,4,350
0.29,0.23,0.05,0.9310344827586207,0.934131736526946,0.8833586626139818,0.7714285714285715,0.7609756097560976,0.6023316062176166,0.9818181818181818,0.9904761904761905,1.0,3,3,0,48,98,307,0.9224284948601905,0.7115785958007619,0.9907647907647908,6,453
0.17,0.17,0.17,0.9146341463414633,0.9292035398230089,0.9315895372233401,0.6818181818181818,0.7241379310344828,0.7408,1.0,1.0,0.9956989247311828,0,0,2,77,120,162,0.9223960425623023,0.7155853709508881,0.9985663082437276,2,359
0.3,0.2,0.05,0.933179723502304,0.9304399524375744,0.8833586626139818,0.7788461538461539,0.7417061611374408,0.6023316062176166,0.9818181818181818,0.9936507936507937,1.0,3,2,0,46,109,307,0.9223935800052206,0.7076279737337371,0.9918229918229918,5,462
0.25,0.18,0.06,0.928246013667426,0.9314015375517445,0.8942307692307693,0.7477064220183486,0.7308584686774942,0.6283783783783784,0.9878787878787879,1.0,1.0,2,0,0,55,116,275,0.9223896219453902,0.7023144230247405,0.9959595959595959,2,446
0.27,0.12,0.09,0.9324942791762013,0.9135730858468677,0.9103367267032106,0.7616822429906542,0.6788793103448276,0.670028818443804,0.9878787878787879,1.0,1.0,2,0,0,51,149,229,0.9223864106828031,0.7035301239264286,0.9959595959595959,2,429
0.28,0.12,0.09,0.9324942791762013,0.9135730858468677,0.9103367267032106,0.7616822429906542,0.6788793103448276,0.670028818443804,0.9878787878787879,1.0,1.0,2,0,0,51,149,229,0.9223864106828031,0.7035301239264286,0.9959595959595959,2,429
0.2,0.2,0.12,0.9182530795072789,0.9304399524375744,0.9206349206349207,0.703862660944206,0.7417061611374408,0.703030303030303,0.9939393939393939,0.9936507936507937,0.9978494623655914,1,2,1,69,109,196,0.9223855096118958,0.7161997083706501,0.9951465499852596,4,374
0.24,0.16,0.08,0.9261363636363638,0.926470588235294,0.9067862714508581,0.740909090909091,0.7159090909090909,0.6605113636363636,0.9878787878787879,1.0,1.0,2,0,0,57,125,239,0.9223666125789416,0.7057765151515153,0.9959595959595959,2,421
0.21,0.21,0.15,0.914702581369248,0.9324566646742379,0.9263705482192878,0.7056277056277056,0.7554479418886199,0.7245696400625978,0.9878787878787879,0.9904761904761905,0.9956989247311828,2,3,2,68,101,176,0.922362399730753,0.7285484291929745,0.9913513010287204,7,345
0.24,0.19,0.07,0.9261363636363638,0.9306461173681091,0.9004647560030984,0.740909090909091,0.7353629976580797,0.6440443213296398,0.9878787878787879,0.9968253968253968,1.0,2,1,0,57,113,257,0.9223549682292342,0.7067721366322702,0.9949013949013948,3,427
0.3,0.13,0.07,0.933179723502304,0.9189031505250874,0.9004647560030984,0.7788461538461539,0.6938325991189427,0.6440443213296398,0.9818181818181818,1.0,1.0,3,0,0,46,139,257,0.922353758109298,0.7055743580982455,0.993939393939394,3,442
0.19,0.18,0.14,0.9162011173184358,0.9314015375517445,0.9241516966067865,0.6978723404255319,0.7308584686774942,0.7178294573643411,0.9939393939393939,1.0,0.9956989247311828,1,0,2,71,116,182,0.9223513592460986,0.7155200888224558,0.9965461062235256,3,369
0.2,0.16,0.15,0.9182530795072789,0.926470588235294,0.9263705482192878,0.703862660944206,0.7159090909090909,0.7245696400625978,0.9939393939393939,1.0,0.9956989247311828,1,0,2,69,125,176,0.9223418258680852,0.7147804639719649,0.9965461062235256,3,370
0.27,0.18,0.05,0.9324942791762013,0.9314015375517445,0.8833586626139818,0.7616822429906542,0.7308584686774942,0.6023316062176166,0.9878787878787879,1.0,1.0,2,0,0,51,116,307,0.9223393333764204,0.6982907726285883,0.9959595959595959,2,474
0.28,0.18,0.05,0.9324942791762013,0.9314015375517445,0.8833586626139818,0.7616822429906542,0.7308584686774942,0.6023316062176166,0.9878787878787879,1.0,1.0,2,0,0,51,116,307,0.9223393333764204,0.6982907726285883,0.9959595959595959,2,474
0.25,0.12,0.12,0.928246013667426,0.9135730858468677,0.9206349206349207,0.7477064220183486,0.6788793103448276,0.703030303030303,0.9878787878787879,1.0,0.9978494623655914,2,0,1,55,149,196,0.9223219167147574,0.7098720117978264,0.9952427500814597,3,400
0.18,0.15,0.14,0.919732441471572,0.9253819036427733,0.9241516966067865,0.6962025316455697,0.7126696832579186,0.7178294573643411,1.0,1.0,0.9956989247311828,0,0,2,72,127,182,0.9223111311499752,0.7089005574226098,0.9985663082437276,2,381
0.29,0.16,0.06,0.9310344827586207,0.926470588235294,0.8942307692307693,0.7714285714285715,0.7159090909090909,0.6283783783783784,0.9818181818181818,1.0,1.0,3,0,0,48,125,275,0.9223045716960524,0.7052386802386802,0.993939393939394,3,448
0.22,0.15,0.15,0.9188275084554679,0.9253819036427733,0.9263705482192878,0.7180616740088106,0.7126696832579186,0.7245696400625978,0.9878787878787879,1.0,0.9956989247311828,2,0,2,64,127,176,0.9223024349644235,0.7184336657764424,0.9945259042033235,4,367
0.22,0.17,0.12,0.9188275084554679,0.9292035398230089,0.9206349206349207,0.7180616740088106,0.7241379310344828,0.703030303030303,0.9878787878787879,1.0,0.9978494623655914,2,0,1,64,120,196,0.9223018003016208,0.7150766360245321,0.9952427500814597,3,380
0.24,0.2,0.07,0.9261363636363638,0.9304399524375744,0.9004647560030984,0.740909090909091,0.7417061611374408,0.6440443213296398,0.9878787878787879,0.9936507936507937,1.0,2,2,0,57,109,257,0.9222931187500738,0.7088865244587238,0.9938431938431939,4,423
0.26,0.14,0.07,0.9314285714285714,0.9215915740198947,0.9004647560030984,0.7581395348837209,0.7015590200445434,0.6440443213296398,0.9878787878787879,1.0,1.0,2,0,0,52,134,257,0.9222847091208739,0.7012476254193013,0.9959595959595959,2,443
0.2,0.17,0.13,0.9182530795072789,0.9292035398230089,0.9219434488251693,0.703862660944206,0.7241379310344828,0.7112135176651305,0.9939393939393939,1.0,0.9956989247311828,1,0,2,69,120,188,0.9222762914655759,0.7130713698812731,0.9965461062235256,3,377
0.23,0.18,0.1,0.92090395480226,0.9314015375517445,0.911949685534591,0.7244444444444444,0.7308584686774942,0.6783625730994152,0.9878787878787879,1.0,0.9978494623655914,2,0,1,62,116,220,0.9222623757735715,0.7112218287404511,0.9952427500814597,3,398
0.29,0.22,0.05,0.9310344827586207,0.933572710951526,0.8833586626139818,0.7714285714285715,0.7591240875912408,0.6023316062176166,0.9818181818181818,0.9904761904761905,1.0,3,3,0,48,99,307,0.9222607871875644,0.7109614217458096,0.9907647907647908,6,454
0.23,0.21,0.09,0.92090395480226,0.9324566646742379,0.9103367267032106,0.7244444444444444,0.7554479418886199,0.670028818443804,0.9878787878787879,0.9904761904761905,1.0,2,3,0,62,101,229,0.9222563221440435,0.7166404015922895,0.9927849927849928,5,392
0.27,0.11,0.11,0.9324942791762013,0.9088286208886325,0.916633741604109,0.7616822429906542,0.6659619450317125,0.6915052160953801,0.9878787878787879,1.0,0.9978494623655914,2,0,1,51,158,207,0.9222224741755123,0.7063831347059155,0.9952427500814597,3,416
0.28,0.11,0.11,0.9324942791762013,0.9088286208886325,0.916633741604109,0.7616822429906542,0.6659619450317125,0.6915052160953801,0.9878787878787879,1.0,0.9978494623655914,2,0,1,51,158,207,0.9222224741755123,0.7063831347059155,0.9952427500814597,3,416
0.18,0.16,0.13,0.919732441471572,0.926470588235294,0.9219434488251693,0.6962025316455697,0.7159090909090909,0.7112135176651305,1.0,1.0,0.9956989247311828,0,0,2,72,125,188,0.922196086971408,0.7077750467399304,0.9985663082437276,2,385
0.23,0.15,0.12,0.92090395480226,0.9253819036427733,0.9206349206349207,0.7244444444444444,0.7126696832579186,0.703030303030303,0.9878787878787879,1.0,0.9978494623655914,2,0,1,62,127,196,0.922193532620946,0.7133814769108887,0.9952427500814597,3,385
0.22,0.16,0.14,0.9188275084554679,0.926470588235294,0.9241516966067865,0.7180616740088106,0.7159090909090909,0.7178294573643411,0.9878787878787879,1.0,0.9956989247311828,2,0,2,64,125,182,0.9221852700196794,0.7172667407607475,0.9945259042033235,4,371
0.25,0.13,0.1,0.928246013667426,0.9189031505250874,0.911949685534591,0.7477064220183486,0.6938325991189427,0.6783625730994152,0.9878787878787879,1.0,0.9978494623655914,2,0,1,55,139,220,0.9221838890981574,0.7066338647455689,0.9952427500814597,3,414
0.26,0.12,0.1,0.9314285714285714,0.9135730858468677,0.911949685534591,0.7581395348837209,0.6788793103448276,0.6783625730994152,0.9878787878787879,1.0,0.9978494623655914,2,0,1,52,149,220,0.9221761485752642,0.7051271394426545,0.9952427500814597,3,421
0.26,0.15,0.06,0.9314285714285714,0.9253819036427733,0.8942307692307693,0.7581395348837209,0.7126696832579186,0.6283783783783784,0.9878787878787879,1.0,1.0,2,0,0,52,127,275,0.9221750106532716,0.699729198840006,0.9959595959595959,2,454
0.25,0.19,0.06,0.928246013667426,0.9306461173681091,0.8942307692307693,0.7477064220183486,0.7353629976580797,0.6283783783783784,0.9878787878787879,0.9968253968253968,1.0,2,1,0,55,113,275,0.9221629958902996,0.7038159326849356,0.9949013949013948,3,443
0.22,0.18,0.11,0.9188275084554679,0.9314015375517445,0.916633741604109,0.7180616740088106,0.7308584686774942,0.6915052160953801,0.9878787878787879,1.0,0.9978494623655914,2,0,1,64,116,207,0.9221609638140791,0.713475119593895,0.9952427500814597,3,387
0.25,0.16,0.07,0.928246013667426,0.926470588235294,0.9004647560030984,0.7477064220183486,0.7159090909090909,0.6440443213296398,0.9878787878787879,1.0,1.0,2,0,0,55,125,257,0.9221571345049209,0.7025532780856931,0.9959595959595959,2,437
0.24,0.23,0.06,0.9261363636363638,0.934131736526946,0.8942307692307693,0.740909090909091,0.7609756097560976,0.6283783783783784,0.9878787878787879,0.9904761904761905,1.0,2,3,0,57,98,275,0.9221538566224196,0.7100876930145223,0.9927849927849928,5,430
0.19,0.17,0.15,0.9162011173184358,0.9292035398230089,0.9263705482192878,0.6978723404255319,0.7241379310344828,0.7245696400625978,0.9939393939393939,1.0,0.9956989247311828,1,0,2,71,120,176,0.9221357302499781,0.7155266371742042,0.9965461062235256,3,367
0.21,0.17,0.16,0.914702581369248,0.9292035398230089,0.9300924065889916,0.7056277056277056,0.7241379310344828,0.7360890302066773,0.9878787878787879,1.0,0.9956989247311828,2,0,2,68,120,166,0.9221308339493249,0.7219515556229553,0.9945259042033235,4,354
0.19,0.19,0.14,0.9162011173184358,0.9306461173681091,0.9241516966067865,0.6978723404255319,0.7353629976580797,0.7178294573643411,0.9939393939393939,0.9968253968253968,0.9956989247311828,1,1,2,71,113,182,0.9221247331910079,0.7170215984826509,0.9954879051653246,4,366
0.26,0.21,0.05,0.9314285714285714,0.9324566646742379,0.8833586626139818,0.7581395348837209,0.7554479418886199,0.6023316062176166,0.9878787878787879,0.9904761904761905,1.0,2,3,0,52,101,307,0.9221230176393534,0.7053063609966524,0.9927849927849928,5,460
0.27,0.19,0.05,0.9324942791762013,0.9306461173681091,0.8833586626139818,0.7616822429906542,0.7353629976580797,0.6023316062176166,0.9878787878787879,0.9968253968253968,1.0,2,1,0,51,113,307,0.9221127073213297,0.6997922822887834,0.9949013949013948,3,471
0.28,0.19,0.05,0.9324942791762013,0.9306461173681091,0.8833586626139818,0.7616822429906542,0.7353629976580797,0.6023316062176166,0.9878787878787879,0.9968253968253968,1.0,2,1,0,51,113,307,0.9221127073213297,0.6997922822887834,0.9949013949013948,3,471
0.25,0.2,0.06,0.928246013667426,0.9304399524375744,0.8942307692307693,0.7477064220183486,0.7417061611374408,0.6283783783783784,0.9878787878787879,0.9936507936507937,1.0,2,2,0,55,109,275,0.9221011464111392,0.7059303205113893,0.9938431938431939,4,439
0.17,0.17,0.16,0.9146341463414633,0.9292035398230089,0.9300924065889916,0.6818181818181818,0.7241379310344828,0.7360890302066773,1.0,1.0,0.9956989247311828,0,0,2,77,120,166,0.9220966164354326,0.7140150476864472,0.9985663082437276,2,363
0.29,0.14,0.07,0.9310344827586207,0.9215915740198947,0.9004647560030984,0.7714285714285715,0.7015590200445434,0.6440443213296398,0.9818181818181818,1.0,1.0,3,0,0,48,134,257,0.9220876647858984,0.7056773042675849,0.993939393939394,3,439
0.24,0.13,0.11,0.9261363636363638,0.9189031505250874,0.916633741604109,0.740909090909091,0.6938325991189427,0.6915052160953801,0.9878787878787879,1.0,0.9978494623655914,2,0,1,57,139,207,0.92206587529653,0.7087489687078046,0.9952427500814597,3,403
0.19,0.16,0.16,0.9162011173184358,0.926470588235294,0.9300924065889916,0.6978723404255319,0.7159090909090909,0.7360890302066773,0.9939393939393939,1.0,0.9956989247311828,1,0,2,71,125,166,0.9220602164476044,0.7166234871804334,0.9965461062235256,3,362
0.27,0.2,0.05,0.9324942791762013,0.9304399524375744,0.8833586626139818,0.7616822429906542,0.7417061611374408,0.6023316062176166,0.9878787878787879,0.9936507936507937,1.0,2,2,0,51,109,307,0.9220508578421692,0.7019066701152372,0.9938431938431939,4,467
0.28,0.2,0.05,0.9324942791762013,0.9304399524375744,0.8833586626139818,0.7616822429906542,0.7417061611374408,0.6023316062176166,0.9878787878787879,0.9936507936507937,1.0,2,2,0,51,109,307,0.9220508578421692,0.7019066701152372,0.9938431938431939,4,467
0.23,0.23,0.08,0.92090395480226,0.934131736526946,0.9067862714508581,0.7244444444444444,0.7609756097560976,0.6605113636363636,0.9878787878787879,0.9904761904761905,1.0,2,3,0,62,98,239,0.9220487526493855,0.7153104726123019,0.9927849927849928,5,399
0.21,0.18,0.15,0.914702581369248,0.9314015375517445,0.9263705482192878,0.7056277056277056,0.7308584686774942,0.7245696400625978,0.9878787878787879,1.0,0.9956989247311828,2,0,2,68,116,176,0.9220458615940049,0.7203519381225991,0.9945259042033235,4,360
0.24,0.15,0.08,0.9261363636363638,0.9253819036427733,0.9067862714508581,0.740909090909091,0.7126696832579186,0.6605113636363636,0.9878787878787879,1.0,1.0,2,0,0,57,127,239,0.9220400072011854,0.7046967126011244,0.9959595959595959,2,423
0.23,0.19,0.1,0.92090395480226,0.9306461173681091,0.911949685534591,0.7244444444444444,0.7353629976580797,0.6783625730994152,0.9878787878787879,0.9968253968253968,0.9978494623655914,2,1,1,62,113,220,0.9220357497184809,0.7127233384006463,0.9941845490232586,4,395
0.3,0.17,0.05,0.933179723502304,0.9292035398230089,0.8833586626139818,0.7788461538461539,0.7241379310344828,0.6023316062176166,0.9818181818181818,1.0,1.0,3,0,0,46,120,307,0.922022656220851,0.7017718970327511,0.993939393939394,3,473
0.3,0.12,0.08,0.933179723502304,0.9135730858468677,0.9067862714508581,0.7788461538461539,0.6788793103448276,0.6605113636363636,0.9818181818181818,1.0,1.0,3,0,0,46,149,239,0.922019041795384,0.7060789426091151,0.993939393939394,3,434
0.2,0.15,0.15,0.9182530795072789,0.9253819036427733,0.9263705482192878,0.703862660944206,0.7126696832579186,0.7245696400625978,0.9939393939393939,1.0,0.9956989247311828,1,0,2,69,127,176,0.922015220490329,0.7137006614215742,0.9965461062235256,3,372
0.2,0.17,0.12,0.9182530795072789,0.9292035398230089,0.9206349206349207,0.703862660944206,0.7241379310344828,0.703030303030303,0.9939393939393939,1.0,0.9978494623655914,1,0,1,69,120,196,0.9220145858275262,0.710343631669664,0.9972629521016617,2,385
0.27,0.13,0.07,0.9324942791762013,0.9189031505250874,0.9004647560030984,0.7616822429906542,0.6938325991189427,0.6440443213296398,0.9878787878787879,1.0,1.0,2,0,0,51,139,257,0.9220110359462466,0.6998530544797456,0.9959595959595959,2,447
0.28,0.13,0.07,0.9324942791762013,0.9189031505250874,0.9004647560030984,0.7616822429906542,0.6938325991189427,0.6440443213296398,0.9878787878787879,1.0,1.0,2,0,0,51,139,257,0.9220110359462466,0.6998530544797456,0.9959595959595959,2,447
0.24,0.22,0.06,0.9261363636363638,0.933572710951526,0.8942307692307693,0.740909090909091,0.7591240875912408,0.6283783783783784,0.9878787878787879,0.9904761904761905,1.0,2,3,0,57,99,275,0.9219861489497936,0.70947051895957,0.9927849927849928,5,431
0.29,0.12,0.1,0.9310344827586207,0.9135730858468677,0.911949685534591,0.7714285714285715,0.6788793103448276,0.6783625730994152,0.9818181818181818,1.0,0.9978494623655914,3,0,1,48,149,220,0.9219791042402888,0.7095568182909382,0.9932225480612576,4,417
0.29,0.15,0.06,0.9310344827586207,0.9253819036427733,0.8942307692307693,0.7714285714285715,0.7126696832579186,0.6283783783783784,0.9818181818181818,1.0,1.0,3,0,0,48,127,275,0.9219779663182962,0.7041588776882896,0.993939393939394,3,450
0.23,0.2,0.1,0.92090395480226,0.9304399524375744,0.911949685534591,0.7244444444444444,0.7417061611374408,0.6783625730994152,0.9878787878787879,0.9936507936507937,0.9978494623655914,2,2,1,62,109,220,0.9219739002393205,0.7148377262271003,0.9931263479650575,5,391
0.25,0.14,0.08,0.928246013667426,0.9215915740198947,0.9067862714508581,0.7477064220183486,0.7015590200445434,0.6605113636363636,0.9878787878787879,1.0,1.0,2,0,0,55,134,239,0.921957733329853,0.7032589352330852,0.9959595959595959,2,428
0.18,0.17,0.11,0.919732441471572,0.9292035398230089,0.916633741604109,0.6962025316455697,0.7241379310344828,0.6915052160953801,1.0,1.0,0.9978494623655914,0,0,1,72,120,207,0.9219540310035105,0.7039485595918108,0.9992831541218639,1,399
0.23,0.18,0.09,0.92090395480226,0.9314015375517445,0.9103367267032106,0.7244444444444444,0.7308584686774942,0.670028818443804,0.9878787878787879,1.0,1.0,2,0,0,62,116,229,0.9219397840072955,0.7084439105219142,0.9959595959595959,2,407
0.24,0.14,0.1,0.9261363636363638,0.9215915740198947,0.911949685534591,0.740909090909091,0.7015590200445434,0.6783625730994152,0.9878787878787879,1.0,0.9978494623655914,2,0,1,57,134,220,0.9219355911310685,0.7069435613510165,0.9952427500814597,3,411
0.18,0.16,0.12,0.919732441471572,0.926470588235294,0.9206349206349207,0.6962025316455697,0.7159090909090909,0.703030303030303,1.0,1.0,0.9978494623655914,0,0,1,72,125,196,0.9219343813333583,0.7050473085283212,0.9992831541218639,1,393
0.22,0.19,0.11,0.9188275084554679,0.9306461173681091,0.916633741604109,0.7180616740088106,0.7353629976580797,0.6915052160953801,0.9878787878787879,0.9968253968253968,0.9978494623655914,2,1,1,64,113,207,0.9219343377589886,0.7149766292540901,0.9941845490232586,4,384
0.29,0.21,0.05,0.9310344827586207,0.9324566646742379,0.8833586626139818,0.7714285714285715,0.7554479418886199,0.6023316062176166,0.9818181818181818,0.9904761904761905,1.0,3,3,0,48,101,307,0.921925973304378,0.709736039844936,0.9907647907647908,6,456
0.24,0.17,0.07,0.9261363636363638,0.9292035398230089,0.9004647560030984,0.740909090909091,0.7241379310344828,0.6440443213296398,0.9878787878787879,1.0,1.0,2,0,0,57,120,257,0.9219221949657042,0.7030304477577379,0.9959595959595959,2,434
0.21,0.21,0.14,0.914702581369248,0.9324566646742379,0.9241516966067865,0.7056277056277056,0.7554479418886199,0.7178294573643411,0.9878787878787879,0.9904761904761905,0.9956989247311828,2,3,2,68,101,182,0.9219186294082526,0.7263017016268889,0.9913513010287204,7,351
0.3,0.14,0.06,0.933179723502304,0.9215915740198947,0.8942307692307693,0.7788461538461539,0.7015590200445434,0.6283783783783784,0.9818181818181818,1.0,1.0,3,0,0,46,134,275,0.9219134878032743,0.7029278507563586,0.993939393939394,3,455
0.19,0.18,0.13,0.9162011173184358,0.9314015375517445,0.9219434488251693,0.6978723404255319,0.7308584686774942,0.7112135176651305,0.9939393939393939,1.0,0.9956989247311828,1,0,2,71,116,188,0.9219097096897751,0.7133147755893856,0.9965461062235256,3,375
0.2,0.16,0.14,0.9182530795072789,0.926470588235294,0.9241516966067865,0.703862660944206,0.7159090909090909,0.7178294573643411,0.9939393939393939,1.0,0.9956989247311828,1,0,2,69,125,182,0.9218980555455849,0.7125337364058794,0.9965461062235256,3,376
0.23,0.22,0.08,0.92090395480226,0.933572710951526,0.9067862714508581,0.7244444444444444,0.7591240875912408,0.6605113636363636,0.9878787878787879,0.9904761904761905,1.0,2,3,0,62,99,239,0.9218810449767594,0.7146932985573496,0.9927849927849928,5,400
0.25,0.25,0.05,0.928246013667426,0.936936936936937,0.8833586626139818,0.7477064220183486,0.7703703703703704,0.6023316062176166,0.9878787878787879,0.9904761904761905,1.0,2,3,0,55,93,307,0.9218758204375904,0.7068027995354451,0.9927849927849928,5,455
0.22,0.22,0.1,0.9188275084554679,0.933572710951526,0.911949685534591,0.7180616740088106,0.7591240875912408,0.6783625730994152,0.9878787878787879,0.9904761904761905,0.9978494623655914,2,3,1,64,99,220,0.9218755046201099,0.718516111566489,0.9920681469068565,6,383
0.2,0.18,0.11,0.9182530795072789,0.9314015375517445,0.916633741604109,0.703862660944206,0.7308584686774942,0.6915052160953801,0.9939393939393939,1.0,0.9978494623655914,1,0,1,69,116,207,0.9218737493399847,0.7087421152390267,0.9972629521016617,2,392
0.22,0.2,0.11,0.9188275084554679,0.9304399524375744,0.916633741604109,0.7180616740088106,0.7417061611374408,0.6915052160953801,0.9878787878787879,0.9936507936507937,0.9978494623655914,2,2,1,64,109,207,0.9218724882798282,0.7170910170805439,0.9931263479650575,5,380
0.18,0.15,0.13,0.919732441471572,0.9253819036427733,0.9219434488251693,0.6962025316455697,0.7126696832579186,0.7112135176651305,1.0,1.0,0.9956989247311828,0,0,2,72,127,188,0.9218694815936518,0.7066952441895396,0.9985663082437276,2,387
0.25,0.13,0.09,0.928246013667426,0.9189031505250874,0.9103367267032106,0.7477064220183486,0.6938325991189427,0.670028818443804,0.9878787878787879,1.0,1.0,2,0,0,55,139,229,0.9218612973318814,0.7038559465270318,0.9959595959595959,2,423
0.22,0.15,0.14,0.9188275084554679,0.9253819036427733,0.9241516966067865,0.7180616740088106,0.7126696832579186,0.7178294573643411,0.9878787878787879,1.0,0.9956989247311828,2,0,2,64,127,182,0.9218586646419232,0.7161869382103568,0.9945259042033235,4,373
0.26,0.12,0.09,0.9314285714285714,0.9135730858468677,0.9103367267032106,0.7581395348837209,0.6788793103448276,0.670028818443804,0.9878787878787879,1.0,1.0,2,0,0,52,149,229,0.9218535568089882,0.7023492212241176,0.9959595959595959,2,430
0.25,0.15,0.07,0.928246013667426,0.9253819036427733,0.9004647560030984,0.7477064220183486,0.7126696832579186,0.6440443213296398,0.9878787878787879,1.0,1.0,2,0,0,55,127,257,0.9218305291271647,0.7014734755353024,0.9959595959595959,2,439
0.21,0.19,0.15,0.914702581369248,0.9306461173681091,0.9263705482192878,0.7056277056277056,0.7353629976580797,0.7245696400625978,0.9878787878787879,0.9968253968253968,0.9956989247311828,2,1,2,68,113,176,0.9218192355389143,0.7218534477827944,0.9934677031451224,5,357
0.26,0.18,0.05,0.9314285714285714,0.9314015375517445,0.8833586626139818,0.7581395348837209,0.7308584686774942,0.6023316062176166,0.9878787878787879,1.0,1.0,2,0,0,52,116,307,0.9218064795026054,0.6971098699262771,0.9959595959595959,2,475
0.23,0.14,0.14,0.92090395480226,0.9215915740198947,0.9241516966067865,0.7244444444444444,0.7015590200445434,0.7178294573643411,0.9878787878787879,1.0,0.9956989247311828,2,0,2,62,134,182,0.9217597889284557,0.7146109739511096,0.9945259042033235,4,378
0.21,0.2,0.15,0.914702581369248,0.9304399524375744,0.9263705482192878,0.7056277056277056,0.7417061611374408,0.7245696400625978,0.9878787878787879,0.9936507936507937,0.9956989247311828,2,2,2,68,109,176,0.9217573860597539,0.723967835609248,0.9924095020869214,6,353
0.22,0.16,0.13,0.9188275084554679,0.926470588235294,0.9219434488251693,0.7180616740088106,0.7159090909090909,0.7112135176651305,0.9878787878787879,1.0,0.9956989247311828,2,0,2,64,125,188,0.921743620463356,0.7150614275276773,0.9945259042033235,4,377
0.25,0.17,0.06,0.928246013667426,0.9292035398230089,0.8942307692307693,0.7477064220183486,0.7241379310344828,0.6283783783783784,0.9878787878787879,1.0,1.0,2,0,0,55,120,275,0.9217302226267695,0.7000742438104033,0.9959595959595959,2,450
0.23,0.16,0.11,0.92090395480226,0.926470588235294,0.916633741604109,0.7244444444444444,0.7159090909090909,0.6915052160953801,0.9878787878787879,1.0,0.9978494623655914,2,0,1,62,125,207,0.92171990219254,0.7106195838163051,0.9952427500814597,3,394
0.23,0.19,0.09,0.92090395480226,0.9306461173681091,0.9103367267032106,0.7244444444444444,0.7353629976580797,0.670028818443804,0.9878787878787879,0.9968253968253968,1.0,2,1,0,62,113,229,0.9217131579522049,0.7099454201821094,0.9949013949013948,3,404
0.19,0.17,0.14,0.9162011173184358,0.9292035398230089,0.9241516966067865,0.6978723404255319,0.7241379310344828,0.7178294573643411,0.9939393939393939,1.0,0.9956989247311828,1,0,2,71,120,182,0.9216919599274778,0.7132799096081186,0.9965461062235256,3,373
0.26,0.11,0.11,0.9314285714285714,0.9088286208886325,0.916633741604109,0.7581395348837209,0.6659619450317125,0.6915052160953801,0.9878787878787879,1.0,0.9978494623655914,2,0,1,52,158,207,0.9216896203016973,0.7052022320036045,0.9952427500814597,3,417
0.19,0.19,0.13,0.9162011173184358,0.9306461173681091,0.9219434488251693,0.6978723404255319,0.7353629976580797,0.7112135176651305,0.9939393939393939,0.9968253968253968,0.9956989247311828,1,1,2,71,113,188,0.9216830836346844,0.7148162852495807,0.9954879051653246,4,372
0.27,0.17,0.05,0.9324942791762013,0.9292035398230089,0.8833586626139818,0.7616822429906542,0.7241379310344828,0.6023316062176166,0.9878787878787879,1.0,1.0,2,0,0,51,120,307,0.9216799340577996,0.6960505934142511,0.9959595959595959,2,478
0.28,0.17,0.05,0.9324942791762013,0.9292035398230089,0.8833586626139818,0.7616822429906542,0.7241379310344828,0.6023316062176166,0.9878787878787879,1.0,1.0,2,0,0,51,120,307,0.9216799340577996,0.6960505934142511,0.9959595959595959,2,478
0.18,0.18,0.1,0.919732441471572,0.9314015375517445,0.911949685534591,0.6962025316455697,0.7308584686774942,0.6783625730994152,1.0,1.0,0.9978494623655914,0,0,1,72,116,220,0.9216766191082275,0.7018078578074931,0.9992831541218639,1,408
0.27,0.12,0.08,0.9324942791762013,0.9135730858468677,0.9067862714508581,0.7616822429906542,0.6788793103448276,0.6605113636363636,0.9878787878787879,1.0,1.0,2,0,0,51,149,239,0.9216763196323325,0.7003576389906151,0.9959595959595959,2,439
0.28,0.12,0.08,0.9324942791762013,0.9135730858468677,0.9067862714508581,0.7616822429906542,0.6788793103448276,0.6605113636363636,0.9878787878787879,1.0,1.0,2,0,0,51,149,239,0.9216763196323325,0.7003576389906151,0.9959595959595959,2,439
0.29,0.12,0.09,0.9310344827586207,0.9135730858468677,0.9103367267032106,0.7714285714285715,0.6788793103448276,0.670028818443804,0.9818181818181818,1.0,1.0,3,0,0,48,149,229,0.9216565124740128,0.7067789000724011,0.993939393939394,3,426
0.24,0.21,0.06,0.9261363636363638,0.9324566646742379,0.8942307692307693,0.740909090909091,0.7554479418886199,0.6283783783783784,0.9878787878787879,0.9904761904761905,1.0,2,3,0,57,101,275,0.9216513350666071,0.7082451370586965,0.9927849927849928,5,433
0.23,0.2,0.09,0.92090395480226,0.9304399524375744,0.9103367267032106,0.7244444444444444,0.7417061611374408,0.670028818443804,0.9878787878787879,0.9936507936507937,1.0,2,2,0,62,109,229,0.9216513084730444,0.7120598080085632,0.9938431938431939,4,400
0.19,0.18,0.12,0.9162011173184358,0.9314015375517445,0.9206349206349207,0.6978723404255319,0.7308584686774942,0.703030303030303,0.9939393939393939,1.0,0.9978494623655914,1,0,1,71,116,196,0.9216480040517254,0.7105870373777764,0.9972629521016617,2,383
0.2,0.19,0.11,0.9182530795072789,0.9306461173681091,0.916633741604109,0.703862660944206,0.7353629976580797,0.6915052160953801,0.9939393939393939,0.9968253968253968,0.9978494623655914,1,1,1,69,113,207,0.921647123284894,0.7102436248992219,0.9962047510434607,3,389
0.3,0.11,0.1,0.933179723502304,0.9088286208886325,0.911949685534591,0.7788461538461539,0.6659619450317125,0.6783625730994152,0.9818181818181818,1.0,0.9978494623655914,3,0,1,46,158,220,0.9216283851246599,0.7077235573257606,0.9932225480612576,4,424
0.24,0.14,0.09,0.9261363636363638,0.9215915740198947,0.9103367267032106,0.740909090909091,0.7015590200445434,0.670028818443804,0.9878787878787879,1.0,1.0,2,0,0,57,134,229,0.9216129993647925,0.7041656431324794,0.9959595959595959,2,420
0.29,0.18,0.05,0.9310344827586207,0.9314015375517445,0.8833586626139818,0.7714285714285715,0.7308584686774942,0.6023316062176166,0.9818181818181818,1.0,1.0,3,0,0,48,116,307,0.9216094351676299,0.7015395487745607,0.993939393939394,3,471
0.18,0.15,0.12,0.919732441471572,0.9253819036427733,0.9206349206349207,0.6962025316455697,0.7126696832579186,0.703030303030303,1.0,1.0,0.9978494623655914,0,0,1,72,127,196,0.9216077759556021,0.7039675059779303,0.9992831541218639,1,395
0.23,0.17,0.1,0.92090395480226,0.9292035398230089,0.911949685534591,0.7244444444444444,0.7241379310344828,0.6783625730994152,0.9878787878787879,1.0,0.9978494623655914,2,0,1,62,120,220,0.9216029764549508,0.708981649526114,0.9952427500814597,3,402
0.21,0.18,0.14,0.914702581369248,0.9314015375517445,0.9241516966067865,0.7056277056277056,0.7308584686774942,0.7178294573643411,0.9878787878787879,1.0,0.9956989247311828,2,0,2,68,116,182,0.9216020912715046,0.7181052105565137,0.9945259042033235,4,366
0.2,0.2,0.11,0.9182530795072789,0.9304399524375744,0.916633741604109,0.703862660944206,0.7417061611374408,0.6915052160953801,0.9939393939393939,0.9936507936507937,0.9978494623655914,1,2,1,69,109,207,0.9215852738057335,0.7123580127256757,0.9951465499852596,4,385
0.26,0.19,0.05,0.9314285714285714,0.9306461173681091,0.8833586626139818,0.7581395348837209,0.7353629976580797,0.6023316062176166,0.9878787878787879,0.9968253968253968,1.0,2,1,0,52,113,307,0.9215798534475147,0.6986113795864725,0.9949013949013948,3,472
0.2,0.15,0.14,0.9182530795072789,0.9253819036427733,0.9241516966067865,0.703862660944206,0.7126696832579186,0.7178294573643411,0.9939393939393939,1.0,0.9956989247311828,1,0,2,69,127,182,0.9215714501678287,0.7114539338554886,0.9965461062235256,3,378
0.27,0.14,0.06,0.9324942791762013,0.9215915740198947,0.8942307692307693,0.7616822429906542,0.7015590200445434,0.6283783783783784,0.9878787878787879,1.0,1.0,2,0,0,51,134,275,0.921570765640223,0.6972065471378587,0.9959595959595959,2,460
0.28,0.14,0.06,0.9324942791762013,0.9215915740198947,0.8942307692307693,0.7616822429906542,0.7015590200445434,0.6283783783783784,0.9878787878787879,1.0,1.0,2,0,0,51,134,275,0.921570765640223,0.6972065471378587,0.9959595959595959,2,460
0.22,0.22,0.09,0.9188275084554679,0.933572710951526,0.9103367267032106,0.7180616740088106,0.7591240875912408,0.670028818443804,0.9878787878787879,0.9904761904761905,1.0,2,3,0,64,99,229,0.9215529128538339,0.7157381933479519,0.9927849927849928,5,392
0.23,0.21,0.08,0.92090395480226,0.9324566646742379,0.9067862714508581,0.7244444444444444,0.7554479418886199,0.6605113636363636,0.9878787878787879,0.9904761904761905,1.0,2,3,0,62,101,239,0.9215462310935729,0.713467916656476,0.9927849927849928,5,402
0.22,0.21,0.1,0.9188275084554679,0.9324566646742379,0.911949685534591,0.7180616740088106,0.7554479418886199,0.6783625730994152,0.9878787878787879,0.9904761904761905,0.9978494623655914,2,3,1,64,101,220,0.9215406907369235,0.7172907296656152,0.9920681469068565,6,385
0.25,0.24,0.05,0.928246013667426,0.9358128374325134,0.8833586626139818,0.7477064220183486,0.7665847665847666,0.6023316062176166,0.9878787878787879,0.9904761904761905,1.0,2,3,0,55,95,307,0.9215385905862633,0.7055409316069107,0.9927849927849928,5,457
0.25,0.12,0.11,0.928246013667426,0.9135730858468677,0.916633741604109,0.7477064220183486,0.6788793103448276,0.6915052160953801,0.9878787878787879,1.0,0.9978494623655914,2,0,1,55,149,207,0.9215216809085951,0.706030316152852,0.9952427500814597,3,411
0.26,0.2,0.05,0.9314285714285714,0.9304399524375744,0.8833586626139818,0.7581395348837209,0.7417061611374408,0.6023316062176166,0.9878787878787879,0.9936507936507937,1.0,2,2,0,52,109,307,0.9215180039683543,0.700725767412926,0.9938431938431939,4,468
0.22,0.17,0.11,0.9188275084554679,0.9292035398230089,0.916633741604109,0.7180616740088106,0.7241379310344828,0.6915052160953801,0.9878787878787879,1.0,0.9978494623655914,2,0,1,64,120,207,0.9215015644954585,0.7112349403795578,0.9952427500814597,3,391
0.29,0.11,0.11,0.9310344827586207,0.9088286208886325,0.916633741604109,0.7714285714285715,0.6659619450317125,0.6915052160953801,0.9818181818181818,1.0,0.9978494623655914,3,0,1,48,158,207,0.9214925759667218,0.709631910851888,0.9932225480612576,4,413
0.22,0.16,0.12,0.9188275084554679,0.926470588235294,0.9206349206349207,0.7180616740088106,0.7159090909090909,0.703030303030303,0.9878787878787879,1.0,0.9978494623655914,2,0,1,64,125,196,0.9214819148253063,0.7123336893160682,0.9952427500814597,3,385
0.26,0.13,0.07,0.9314285714285714,0.9189031505250874,0.9004647560030984,0.7581395348837209,0.6938325991189427,0.6440443213296398,0.9878787878787879,1.0,1.0,2,0,0,52,139,257,0.9214781820724316,0.6986721517774345,0.9959595959595959,2,448
0.21,0.21,0.13,0.914702581369248,0.9324566646742379,0.9219434488251693,0.7056277056277056,0.7554479418886199,0.7112135176651305,0.9878787878787879,0.9904761904761905,0.9956989247311828,2,3,2,68,101,188,0.9214769798519292,0.7240963883938187,0.9913513010287204,7,357
0.2,0.16,0.13,0.9182530795072789,0.926470588235294,0.9219434488251693,0.703862660944206,0.7159090909090909,0.7112135176651305,0.9939393939393939,1.0,0.9956989247311828,1,0,2,69,125,188,0.9214564059892615,0.7103284231728092,0.9965461062235256,3,382
0.19,0.19,0.12,0.9162011173184358,0.9306461173681091,0.9206349206349207,0.6978723404255319,0.7353629976580797,0.703030303030303,0.9939393939393939,0.9968253968253968,0.9978494623655914,1,1,1,71,113,196,0.9214213779966347,0.7120885470379715,0.9962047510434607,3,380
0.22,0.15,0.13,0.9188275084554679,0.9253819036427733,0.9219434488251693,0.7180616740088106,0.7126696832579186,0.7112135176651305,0.9878787878787879,1.0,0.9956989247311828,2,0,2,64,127,188,0.9214170150855998,0.7139816249772867,0.9945259042033235,4,379
0.23,0.15,0.11,0.92090395480226,0.9253819036427733,0.916633741604109,0.7244444444444444,0.7126696832579186,0.6915052160953801,0.9878787878787879,1.0,0.9978494623655914,2,0,1,62,127,207,0.9213932968147838,0.7095397812659144,0.9952427500814597,3,396
0.21,0.17,0.15,0.914702581369248,0.9292035398230089,0.9263705482192878,0.7056277056277056,0.7241379310344828,0.7245696400625978,0.9878787878787879,1.0,0.9956989247311828,2,0,2,68,120,176,0.9213864622753842,0.7181117589082621,0.9945259042033235,4,364
0.29,0.19,0.05,0.9310344827586207,0.9306461173681091,0.8833586626139818,0.7714285714285715,0.7353629976580797,0.6023316062176166,0.9818181818181818,0.9968253968253968,1.0,3,1,0,48,113,307,0.9213828091125394,0.703041058434756,0.9928811928811929,4,468
0.21,0.19,0.14,0.914702581369248,0.9306461173681091,0.9241516966067865,0.7056277056277056,0.7353629976580797,0.7178294573643411,0.9878787878787879,0.9968253968253968,0.9956989247311828,2,1,2,68,113,182,0.921375465216414,0.7196067202167088,0.9934677031451224,5,363
0.18,0.18,0.09,0.919732441471572,0.9314015375517445,0.9103367267032106,0.6962025316455697,0.7308584686774942,0.670028818443804,1.0,1.0,1.0,0,0,0,72,116,229,0.9213540273419515,0.699029939588956,1.0,0,417
0.17,0.17,0.15,0.9146341463414633,0.9292035398230089,0.9263705482192878,0.6818181818181818,0.7241379310344828,0.7245696400625978,1.0,1.0,0.9956989247311828,0,0,2,77,120,176,0.9213522447614919,0.710175250971754,0.9985663082437276,2,373
0.24,0.18,0.06,0.9261363636363638,0.9314015375517445,0.8942307692307693,0.740909090909091,0.7308584686774942,0.6283783783783784,0.9878787878787879,1.0,1.0,2,0,0,57,116,275,0.9213347969298591,0.7000486459883212,0.9959595959595959,2,448
0.29,0.2,0.05,0.9310344827586207,0.9304399524375744,0.8833586626139818,0.7714285714285715,0.7417061611374408,0.6023316062176166,0.9818181818181818,0.9936507936507937,1.0,3,2,0,48,109,307,0.921320959633379,0.7051554462612096,0.9918229918229918,5,464
0.23,0.14,0.13,0.92090395480226,0.9215915740198947,0.9219434488251693,0.7244444444444444,0.7015590200445434,0.7112135176651305,0.9878787878787879,1.0,0.9956989247311828,2,0,2,62,134,188,0.9213181393721322,0.7124056607180395,0.9945259042033235,4,384
0.19,0.16,0.15,0.9162011173184358,0.926470588235294,0.9263705482192878,0.6978723404255319,0.7159090909090909,0.7245696400625978,0.9939393939393939,1.0,0.9956989247311828,1,0,2,71,125,176,0.9213158447736637,0.7127836904657402,0.9965461062235256,3,372
0.21,0.2,0.14,0.914702581369248,0.9304399524375744,0.9241516966067865,0.7056277056277056,0.7417061611374408,0.7178294573643411,0.9878787878787879,0.9936507936507937,0.9956989247311828,2,2,2,68,109,182,0.9213136157372536,0.7217211080431625,0.9924095020869214,6,359
0.21,0.16,0.16,0.914702581369248,0.926470588235294,0.9300924065889916,0.7056277056277056,0.7159090909090909,0.7360890302066773,0.9878787878787879,1.0,0.9956989247311828,2,0,2,68,125,166,0.9213109484730104,0.7192086089144913,0.9945259042033235,4,359
0.3,0.11,0.09,0.933179723502304,0.9088286208886325,0.9103367267032106,0.7788461538461539,0.6659619450317125,0.670028818443804,0.9818181818181818,1.0,1.0,3,0,0,46,158,229,0.9213057933583839,0.7049456391072235,0.993939393939394,3,433
0.27,0.11,0.1,0.9324942791762013,0.9088286208886325,0.911949685534591,0.7616822429906542,0.6659619450317125,0.6783625730994152,0.9878787878787879,1.0,0.9978494623655914,2,0,1,51,158,220,0.9212856629616086,0.7020022537072607,0.9952427500814597,3,429
0.28,0.11,0.1,0.9324942791762013,0.9088286208886325,0.911949685534591,0.7616822429906542,0.6659619450317125,0.6783625730994152,0.9878787878787879,1.0,0.9978494623655914,2,0,1,51,158,220,0.9212856629616086,0.7020022537072607,0.9952427500814597,3,429
0.29,0.13,0.07,0.9310344827586207,0.9189031505250874,0.9004647560030984,0.7714285714285715,0.6938325991189427,0.6440443213296398,0.9818181818181818,1.0,1.0,3,0,0,48,139,257,0.9212811377374563,0.7031018306257181,0.993939393939394,3,444
0.23,0.17,0.09,0.92090395480226,0.9292035398230089,0.9103367267032106,0.7244444444444444,0.7241379310344828,0.670028818443804,0.9878787878787879,1.0,1.0,2,0,0,62,120,229,0.9212803846886748,0.7062037313075771,0.9959595959595959,2,411
0.17,0.16,0.16,0.9146341463414633,0.926470588235294,0.9300924065889916,0.6818181818181818,0.7159090909090909,0.7360890302066773,1.0,1.0,0.9956989247311828,0,0,2,77,125,166,0.9212767309591181,0.7112721009779833,0.9985663082437276,2,368
0.24,0.12,0.12,0.9261363636363638,0.9135730858468677,0.9206349206349207,0.740909090909091,0.6788793103448276,0.703030303030303,0.9878787878787879,1.0,0.9978494623655914,2,0,1,57,149,196,0.9212670916992263,0.7076062347614073,0.9952427500814597,3,402
0.19,0.17,0.13,0.9162011173184358,0.9292035398230089,0.9219434488251693,0.6978723404255319,0.7241379310344828,0.7112135176651305,0.9939393939393939,1.0,0.9956989247311828,1,0,2,71,120,188,0.9212503103711543,0.7110745963750484,0.9965461062235256,3,379
0.23,0.18,0.08,0.92090395480226,0.9314015375517445,0.9067862714508581,0.7244444444444444,0.7308584686774942,0.6605113636363636,0.9878787878787879,1.0,1.0,2,0,0,62,116,239,0.9212296929568249,0.7052714255861008,0.9959595959595959,2,417
0.22,0.18,0.1,0.9188275084554679,0.9314015375517445,0.911949685534591,0.7180616740088106,0.7308584686774942,0.6783625730994152,0.9878787878787879,1.0,0.9978494623655914,2,0,1,64,116,220,0.9212241526001754,0.7090942385952399,0.9952427500814597,3,400
0.22,0.21,0.09,0.9188275084554679,0.9324566646742379,0.9103367267032106,0.7180616740088106,0.7554479418886199,0.670028818443804,0.9878787878787879,0.9904761904761905,1.0,2,3,0,64,101,229,0.9212180989706474,0.7145128114470781,0.9927849927849928,5,394
0.21,0.21,0.12,0.914702581369248,0.9324566646742379,0.9206349206349207,0.7056277056277056,0.7554479418886199,0.703030303030303,0.9878787878787879,0.9904761904761905,0.9978494623655914,2,3,1,68,101,196,0.9212152742138795,0.7213686501822095,0.9920681469068565,6,365
0.2,0.17,0.11,0.9182530795072789,0.9292035398230089,0.916633741604109,0.703862660944206,0.7241379310344828,0.6915052160953801,0.9939393939393939,1.0,0.9978494623655914,1,0,1,69,120,207,0.9212143500213639,0.7065019360246896,0.9972629521016617,2,396
0.3,0.16,0.05,0.933179723502304,0.926470588235294,0.8833586626139818,0.7788461538461539,0.7159090909090909,0.6023316062176166,0.9818181818181818,1.0,1.0,3,0,0,46,125,307,0.9212027707445366,0.6990289503242871,0.993939393939394,3,478
0.2,0.16,0.12,0.9182530795072789,0.926470588235294,0.9206349206349207,0.703862660944206,0.7159090909090909,0.703030303030303,0.9939393939393939,1.0,0.9978494623655914,1,0,1,69,125,196,0.9211947003512118,0.7076006849612,0.9972629521016617,2,390
0.18,0.14,0.14,0.919732441471572,0.9215915740198947,0.9241516966067865,0.6962025316455697,0.7015590200445434,0.7178294573643411,1.0,1.0,0.9956989247311828,0,0,2,72,134,182,0.9211740322631117,0.7051970030181515,0.9985663082437276,2,388
0.21,0.18,0.13,0.914702581369248,0.9314015375517445,0.9219434488251693,0.7056277056277056,0.7308584686774942,0.7112135176651305,0.9878787878787879,1.0,0.9956989247311828,2,0,2,68,116,188,0.9211604417151812,0.7158998973234434,0.9945259042033235,4,372
0.22,0.15,0.12,0.9188275084554679,0.9253819036427733,0.9206349206349207,0.7180616740088106,0.7126696832579186,0.703030303030303,0.9878787878787879,1.0,0.9978494623655914,2,0,1,64,127,196,0.9211553094475501,0.7112538867656775,0.9952427500814597,3,387
0.25,0.13,0.08,0.928246013667426,0.9189031505250874,0.9067862714508581,0.7477064220183486,0.6938325991189427,0.6605113636363636,0.9878787878787879,1.0,1.0,2,0,0,55,139,239,0.9211512062814109,0.7006834615912183,0.9959595959595959,2,433
0.26,0.17,0.05,0.9314285714285714,0.9292035398230089,0.8833586626139818,0.7581395348837209,0.7241379310344828,0.6023316062176166,0.9878787878787879,1.0,1.0,2,0,0,52,120,307,0.9211470801839846,0.6948696907119402,0.9959595959595959,2,479
0.26,0.12,0.08,0.9314285714285714,0.9135730858468677,0.9067862714508581,0.7581395348837209,0.6788793103448276,0.6605113636363636,0.9878787878787879,1.0,1.0,2,0,0,52,149,239,0.9211434657585176,0.6991767362883041,0.9959595959595959,2,440
0.18,0.16,0.11,0.919732441471572,0.926470588235294,0.916633741604109,0.6962025316455697,0.7159090909090909,0.6915052160953801,1.0,1.0,0.9978494623655914,0,0,1,72,125,207,0.921134145527196,0.7012056128833469,0.9992831541218639,1,404
0.2,0.15,0.13,0.9182530795072789,0.9253819036427733,0.9219434488251693,0.703862660944206,0.7126696832579186,0.7112135176651305,0.9939393939393939,1.0,0.9956989247311828,1,0,2,69,127,188,0.9211298006115053,0.7092486206224184,0.9965461062235256,3,384
0.24,0.13,0.1,0.9261363636363638,0.9189031505250874,0.911949685534591,0.740909090909091,0.6938325991189427,0.6783625730994152,0.9878787878787879,1.0,0.9978494623655914,2,0,1,57,139,220,0.9211290640826263,0.7043680877091495,0.9952427500814597,3,416
0.24,0.19,0.06,0.9261363636363638,0.9306461173681091,0.8942307692307693,0.740909090909091,0.7353629976580797,0.6283783783783784,0.9878787878787879,0.9968253968253968,1.0,2,1,0,57,113,275,0.9211081708747685,0.7015501556485164,0.9949013949013948,3,445
0.3,0.13,0.06,0.933179723502304,0.9189031505250874,0.8942307692307693,0.7788461538461539,0.6938325991189427,0.6283783783783784,0.9818181818181818,1.0,1.0,3,0,0,46,139,275,0.9211069607548321,0.7003523771144917,0.993939393939394,3,460
0.24,0.16,0.07,0.9261363636363638,0.926470588235294,0.9004647560030984,0.740909090909091,0.7159090909090909,0.6440443213296398,0.9878787878787879,1.0,1.0,2,0,0,57,125,257,0.9211023094893898,0.700287501049274,0.9959595959595959,2,439
0.23,0.14,0.12,0.92090395480226,0.9215915740198947,0.9206349206349207,0.7244444444444444,0.7015590200445434,0.703030303030303,0.9878787878787879,1.0,0.9978494623655914,2,0,1,62,134,196,0.9210564337340825,0.7096779225064304,0.9952427500814597,3,392
0.24,0.2,0.06,0.9261363636363638,0.9304399524375744,0.8942307692307693,0.740909090909091,0.7417061611374408,0.6283783783783784,0.9878787878787879,0.9936507936507937,1.0,2,2,0,57,109,275,0.921046321395608,0.7036645434749701,0.9938431938431939,4,441
0.26,0.14,0.06,0.9314285714285714,0.9215915740198947,0.8942307692307693,0.7581395348837209,0.7015590200445434,0.6283783783783784,0.9878787878787879,1.0,1.0,2,0,0,52,134,275,0.921037911766408,0.6960256444355476,0.9959595959595959,2,461
0.25,0.23,0.05,0.928246013667426,0.934131736526946,0.8833586626139818,0.7477064220183486,0.7609756097560976,0.6023316062176166,0.9878787878787879,0.9904761904761905,1.0,2,3,0,55,98,307,0.9210342603145931,0.7036712126640209,0.9927849927849928,5,460
0.18,0.17,0.1,0.919732441471572,0.9292035398230089,0.911949685534591,0.6962025316455697,0.7241379310344828,0.6783625730994152,1.0,1.0,0.9978494623655914,0,0,1,72,120,220,0.9210172197896068,0.6995676785931559,0.9992831541218639,1,412
0.23,0.19,0.08,0.92090395480226,0.9306461173681091,0.9067862714508581,0.7244444444444444,0.7353629976580797,0.6605113636363636,0.9878787878787879,0.9968253968253968,1.0,2,1,0,62,113,239,0.9210030669017344,0.7067729352462959,0.9949013949013948,3,414
0.22,0.19,0.1,0.9188275084554679,0.9306461173681091,0.911949685534591,0.7180616740088106,0.7353629976580797,0.6783625730994152,0.9878787878787879,0.9968253968253968,0.9978494623655914,2,1,1,64,113,220,0.9209975265450849,0.710595748255435,0.9941845490232586,4,397
0.19,0.15,0.15,0.9162011173184358,0.9253819036427733,0.9263705482192878,0.6978723404255319,0.7126696832579186,0.7245696400625978,0.9939393939393939,1.0,0.9956989247311828,1,0,2,71,127,176,0.9209892393959075,0.7117038879153496,0.9965461062235256,3,374
0.19,0.17,0.12,0.9162011173184358,0.9292035398230089,0.9206349206349207,0.6978723404255319,0.7241379310344828,0.703030303030303,0.9939393939393939,1.0,0.9978494623655914,1,0,1,71,120,196,0.9209886047331046,0.7083468581634392,0.9972629521016617,2,387
0.27,0.11,0.09,0.9324942791762013,0.9088286208886325,0.9103367267032106,0.7616822429906542,0.6659619450317125,0.670028818443804,0.9878787878787879,1.0,1.0,2,0,0,51,158,229,0.9209630711953326,0.6992243354887235,0.9959595959595959,2,438
0.28,0.11,0.09,0.9324942791762013,0.9088286208886325,0.9103367267032106,0.7616822429906542,0.6659619450317125,0.670028818443804,0.9878787878787879,1.0,1.0,2,0,0,51,158,229,0.9209630711953326,0.6992243354887235,0.9959595959595959,2,438
0.29,0.17,0.05,0.9310344827586207,0.9292035398230089,0.8833586626139818,0.7714285714285715,0.7241379310344828,0.6023316062176166,0.9818181818181818,1.0,1.0,3,0,0,48,120,307,0.9209500358490094,0.6992993695602236,0.993939393939394,3,475
0.29,0.12,0.08,0.9310344827586207,0.9135730858468677,0.9067862714508581,0.7714285714285715,0.6788793103448276,0.6605113636363636,0.9818181818181818,1.0,1.0,3,0,0,48,149,239,0.9209464214235423,0.7036064151365876,0.993939393939394,3,436
0.21,0.17,0.14,0.914702581369248,0.9292035398230089,0.9241516966067865,0.7056277056277056,0.7241379310344828,0.7178294573643411,0.9878787878787879,1.0,0.9956989247311828,2,0,2,68,120,182,0.9209426919528839,0.7158650313421765,0.9945259042033235,4,370
0.23,0.2,0.08,0.92090395480226,0.9304399524375744,0.9067862714508581,0.7244444444444444,0.7417061611374408,0.6605113636363636,0.9878787878787879,0.9936507936507937,1.0,2,2,0,62,109,239,0.920941217422574,0.7088873230727497,0.9938431938431939,4,410
0.2,0.18,0.1,0.9182530795072789,0.9314015375517445,0.911949685534591,0.703862660944206,0.7308584686774942,0.6783625730994152,0.9939393939393939,1.0,0.9978494623655914,1,0,1,69,116,220,0.920936938126081,0.7043612342403719,0.9972629521016617,2,405
0.22,0.2,0.1,0.9188275084554679,0.9304399524375744,0.911949685534591,0.7180616740088106,0.7417061611374408,0.6783625730994152,0.9878787878787879,0.9936507936507937,0.9978494623655914,2,2,1,64,109,220,0.9209356770659245,0.7127101360818889,0.9931263479650575,5,393
0.21,0.19,0.13,0.914702581369248,0.9306461173681091,0.9219434488251693,0.7056277056277056,0.7353629976580797,0.7112135176651305,0.9878787878787879,0.9968253968253968,0.9956989247311828,2,1,2,68,113,188,0.9209338156600906,0.7174014069836386,0.9934677031451224,5,369
0.25,0.16,0.06,0.928246013667426,0.926470588235294,0.8942307692307693,0.7477064220183486,0.7159090909090909,0.6283783783783784,0.9878787878787879,1.0,1.0,2,0,0,55,125,275,0.920910337150455,0.6973312971019393,0.9959595959595959,2,455
0.17,0.17,0.14,0.9146341463414633,0.9292035398230089,0.9241516966067865,0.6818181818181818,0.7241379310344828,0.7178294573643411,1.0,1.0,0.9956989247311828,0,0,2,77,120,182,0.9209084744389916,0.7079285234056686,0.9985663082437276,2,379
0.24,0.14,0.08,0.9261363636363638,0.9215915740198947,0.9067862714508581,0.740909090909091,0.7015590200445434,0.6605113636363636,0.9878787878787879,1.0,1.0,2,0,0,57,134,239,0.9209029083143219,0.700993158196666,0.9959595959595959,2,430
0.22,0.18,0.09,0.9188275084554679,0.9314015375517445,0.9103367267032106,0.7180616740088106,0.7308584686774942,0.670028818443804,0.9878787878787879,1.0,1.0,2,0,0,64,116,229,0.9209015608338994,0.706316320376703,0.9959595959595959,2,409
0.21,0.18,0.12,0.914702581369248,0.9314015375517445,0.9206349206349207,0.7056277056277056,0.7308584686774942,0.703030303030303,0.9878787878787879,1.0,0.9978494623655914,2,0,1,68,116,196,0.9208987360771315,0.7131721591118342,0.9952427500814597,3,380
0.3,0.15,0.05,0.933179723502304,0.9253819036427733,0.8833586626139818,0.7788461538461539,0.7126696832579186,0.6023316062176166,0.9818181818181818,1.0,1.0,3,0,0,46,127,307,0.9208761653667804,0.6979491477738963,0.993939393939394,3,480
0.19,0.16,0.14,0.9162011173184358,0.926470588235294,0.9241516966067865,0.6978723404255319,0.7159090909090909,0.7178294573643411,0.9939393939393939,1.0,0.9956989247311828,1,0,2,71,125,182,0.9208720744511634,0.7105369628996546,0.9965461062235256,3,378
0.21,0.2,0.13,0.914702581369248,0.9304399524375744,0.9219434488251693,0.7056277056277056,0.7417061611374408,0.7112135176651305,0.9878787878787879,0.9936507936507937,0.9956989247311828,2,2,2,68,109,188,0.9208719661809301,0.7195157948100923,0.9924095020869214,6,365
0.2,0.15,0.12,0.9182530795072789,0.9253819036427733,0.9206349206349207,0.703862660944206,0.7126696832579186,0.703030303030303,0.9939393939393939,1.0,0.9978494623655914,1,0,1,69,127,196,0.9208680949734556,0.7065208824108092,0.9972629521016617,2,392
0.25,0.22,0.05,0.928246013667426,0.933572710951526,0.8833586626139818,0.7477064220183486,0.7591240875912408,0.6023316062176166,0.9878787878787879,0.9904761904761905,1.0,2,3,0,55,99,307,0.9208665526419672,0.7030540386090687,0.9927849927849928,5,461
0.27,0.16,0.05,0.9324942791762013,0.926470588235294,0.8833586626139818,0.7616822429906542,0.7159090909090909,0.6023316062176166,0.9878787878787879,1.0,1.0,2,0,0,51,125,307,0.9208600485814852,0.6933076467057872,0.9959595959595959,2,483
0.28,0.16,0.05,0.9324942791762013,0.926470588235294,0.8833586626139818,0.7616822429906542,0.7159090909090909,0.6023316062176166,0.9878787878787879,1.0,1.0,2,0,0,51,125,307,0.9208600485814852,0.6933076467057872,0.9959595959595959,2,483
0.19,0.18,0.11,0.9162011173184358,0.9314015375517445,0.916633741604109,0.6978723404255319,0.7308584686774942,0.6915052160953801,0.9939393939393939,1.0,0.9978494623655914,1,0,1,71,116,207,0.9208477682455631,0.7067453417328021,0.9972629521016617,2,394
0.3,0.1,0.1,0.933179723502304,0.9062140391254315,0.911949685534591,0.7788461538461539,0.6589958158995816,0.6783625730994152,0.9818181818181818,1.0,0.9978494623655914,3,0,1,46,163,220,0.9208440105956996,0.7054015142817169,0.9932225480612576,4,429
0.22,0.22,0.08,0.9188275084554679,0.933572710951526,0.9067862714508581,0.7180616740088106,0.7591240875912408,0.6605113636363636,0.9878787878787879,0.9904761904761905,1.0,2,3,0,64,99,239,0.9208428218033633,0.7125657084121384,0.9927849927849928,5,402
0.29,0.14,0.06,0.9310344827586207,0.9215915740198947,0.8942307692307693,0.7714285714285715,0.7015590200445434,0.6283783783783784,0.9818181818181818,1.0,1.0,3,0,0,48,134,275,0.9208408674314326,0.7004553232838311,0.993939393939394,3,457
0.18,0.15,0.11,0.919732441471572,0.9253819036427733,0.916633741604109,0.6962025316455697,0.7126696832579186,0.6915052160953801,1.0,1.0,0.9978494623655914,0,0,1,72,127,207,0.9208075401494398,0.7001258103329562,0.9992831541218639,1,406
0.24,0.13,0.09,0.9261363636363638,0.9189031505250874,0.9103367267032106,0.740909090909091,0.6938325991189427,0.670028818443804,0.9878787878787879,1.0,1.0,2,0,0,57,139,229,0.9208064723163503,0.7015901694906126,0.9959595959595959,2,425
0.23,0.23,0.07,0.92090395480226,0.934131736526946,0.9004647560030984,0.7244444444444444,0.7609756097560976,0.6440443213296398,0.9878787878787879,0.9904761904761905,1.0,2,3,0,62,98,257,0.9207844495598334,0.7098214585100605,0.9927849927849928,5,417
0.23,0.16,0.1,0.92090395480226,0.926470588235294,0.911949685534591,0.7244444444444444,0.7159090909090909,0.6783625730994152,0.9878787878787879,1.0,0.9978494623655914,2,0,1,62,125,220,0.9207830909786363,0.7062387028176502,0.9952427500814597,3,407
0.24,0.15,0.07,0.9261363636363638,0.9253819036427733,0.9004647560030984,0.740909090909091,0.7126696832579186,0.6440443213296398,0.9878787878787879,1.0,1.0,2,0,0,57,127,257,0.9207757041116336,0.6992076984988831,0.9959595959595959,2,441
0.27,0.13,0.06,0.9324942791762013,0.9189031505250874,0.8942307692307693,0.7616822429906542,0.6938325991189427,0.6283783783783784,0.9878787878787879,1.0,1.0,2,0,0,51,139,275,0.9207642385917807,0.6946310734959917,0.9959595959595959,2,465
0.28,0.13,0.06,0.9324942791762013,0.9189031505250874,0.8942307692307693,0.7616822429906542,0.6938325991189427,0.6283783783783784,0.9878787878787879,1.0,1.0,2,0,0,51,139,275,0.9207642385917807,0.6946310734959917,0.9959595959595959,2,465
0.3,0.12,0.07,0.933179723502304,0.9135730858468677,0.9004647560030984,0.7788461538461539,0.6788793103448276,0.6440443213296398,0.9818181818181818,1.0,1.0,3,0,0,46,149,257,0.9207547387058321,0.7005899285068738,0.993939393939394,3,452
0.26,0.11,0.1,0.9314285714285714,0.9088286208886325,0.911949685534591,0.7581395348837209,0.6659619450317125,0.6783625730994152,0.9878787878787879,1.0,0.9978494623655914,2,0,1,52,158,220,0.9207528090877937,0.7008213510049496,0.9952427500814597,3,430
0.18,0.14,0.13,0.919732441471572,0.9215915740198947,0.9219434488251693,0.6962025316455697,0.7015590200445434,0.7112135176651305,1.0,1.0,0.9956989247311828,0,0,2,72,134,188,0.9207323827067883,0.7029916897850813,0.9985663082437276,2,394
0.22,0.14,0.14,0.9188275084554679,0.9215915740198947,0.9241516966067865,0.7180616740088106,0.7015590200445434,0.7178294573643411,0.9878787878787879,1.0,0.9956989247311828,2,0,2,64,134,182,0.9207215657550596,0.7124833838058984,0.9945259042033235,4,380
0.2,0.19,0.1,0.9182530795072789,0.9306461173681091,0.911949685534591,0.703862660944206,0.7353629976580797,0.6783625730994152,0.9939393939393939,0.9968253968253968,0.9978494623655914,1,1,1,69,113,220,0.9207103120709903,0.705862743900567,0.9962047510434607,3,402
0.18,0.17,0.09,0.919732441471572,0.9292035398230089,0.9103367267032106,0.6962025316455697,0.7241379310344828,0.670028818443804,1.0,1.0,1.0,0,0,0,72,120,229,0.9206946280233308,0.6967897603746188,1.0,0,421
0.25,0.14,0.07,0.928246013667426,0.9215915740198947,0.9004647560030984,0.7477064220183486,0.7015590200445434,0.6440443213296398,0.9878787878787879,1.0,1.0,2,0,0,55,134,257,0.9206934302403011,0.697769921130844,0.9959595959595959,2,446
0.22,0.16,0.11,0.9188275084554679,0.926470588235294,0.916633741604109,0.7180616740088106,0.7159090909090909,0.6915052160953801,0.9878787878787879,1.0,0.9978494623655914,2,0,1,64,125,207,0.920681679019144,0.7084919936710938,0.9952427500814597,3,396
0.24,0.17,0.06,0.9261363636363638,0.9292035398230089,0.8942307692307693,0.740909090909091,0.7241379310344828,0.6283783783783784,0.9878787878787879,1.0,1.0,2,0,0,57,120,275,0.9206753976112384,0.6978084667739841,0.9959595959595959,2,452
0.22,0.19,0.09,0.9188275084554679,0.9306461173681091,0.9103367267032106,0.7180616740088106,0.7353629976580797,0.670028818443804,0.9878787878787879,0.9968253968253968,1.0,2,1,0,64,113,229,0.9206749347788089,0.7078178300368981,0.9949013949013948,3,406
0.21,0.19,0.12,0.914702581369248,0.9306461173681091,0.9206349206349207,0.7056277056277056,0.7353629976580797,0.703030303030303,0.9878787878787879,0.9968253968253968,0.9978494623655914,2,1,1,68,113,196,0.9206721100220409,0.7146736687720295,0.9941845490232586,4,377
0.2,0.2,0.1,0.9182530795072789,0.9304399524375744,0.911949685534591,0.703862660944206,0.7417061611374408,0.6783625730994152,0.9939393939393939,0.9936507936507937,0.9978494623655914,1,2,1,69,109,220,0.9206484625918299,0.7079771317270206,0.9951465499852596,4,398
0.18,0.18,0.08,0.919732441471572,0.9314015375517445,0.9067862714508581,0.6962025316455697,0.7308584686774942,0.6605113636363636,1.0,1.0,1.0,0,0,0,72,116,239,0.9206439362914809,0.6958574546531425,1.0,0,427
0.19,0.19,0.11,0.9162011173184358,0.9306461173681091,0.916633741604109,0.6978723404255319,0.7353629976580797,0.6915052160953801,0.9939393939393939,0.9968253968253968,0.9978494623655914,1,1,1,71,113,207,0.9206211421904724,0.7082468513929973,0.9962047510434607,3,391
0.23,0.22,0.07,0.92090395480226,0.933572710951526,0.9004647560030984,0.7244444444444444,0.7591240875912408,0.6440443213296398,0.9878787878787879,0.9904761904761905,1.0,2,3,0,62,99,257,0.9206167418872075,0.7092042844551084,0.9927849927849928,5,418
0.2,0.18,0.09,0.9182530795072789,0.9314015375517445,0.9103367267032106,0.703862660944206,0.7308584686774942,0.670028818443804,0.9939393939393939,1.0,1.0,1,0,0,69,116,229,0.920614346359805,0.7015833160218348,0.9979797979797981,1,414
0.22,0.2,0.09,0.9188275084554679,0.9304399524375744,0.9103367267032106,0.7180616740088106,0.7417061611374408,0.670028818443804,0.9878787878787879,0.9936507936507937,1.0,2,2,0,64,109,229,0.9206130852996485,0.7099322178633519,0.9938431938431939,4,402
0.21,0.2,0.12,0.914702581369248,0.9304399524375744,0.9206349206349207,0.7056277056277056,0.7417061611374408,0.703030303030303,0.9878787878787879,0.9936507936507937,0.9978494623655914,2,2,1,68,109,196,0.9206102605428804,0.7167880565984831,0.9931263479650575,5,373
0.3,0.11,0.08,0.933179723502304,0.9088286208886325,0.9067862714508581,0.7788461538461539,0.6659619450317125,0.6605113636363636,0.9818181818181818,1.0,1.0,3,0,0,46,158,239,0.9205957023079134,0.7017731541714101,0.993939393939394,3,443
0.25,0.12,0.1,0.928246013667426,0.9135730858468677,0.911949685534591,0.7477064220183486,0.6788793103448276,0.6783625730994152,0.9878787878787879,1.0,0.9978494623655914,2,0,1,55,149,220,0.9205848696946914,0.7016494351541972,0.9952427500814597,3,424
0.25,0.15,0.06,0.928246013667426,0.9253819036427733,0.8942307692307693,0.7477064220183486,0.7126696832579186,0.6283783783783784,0.9878787878787879,1.0,1.0,2,0,0,55,127,275,0.9205837317726988,0.6962514945515484,0.9959595959595959,2,457
0.23,0.17,0.08,0.92090395480226,0.9292035398230089,0.9067862714508581,0.7244444444444444,0.7241379310344828,0.6605113636363636,0.9878787878787879,1.0,1.0,2,0,0,62,120,239,0.9205702936382043,0.7030312463717636,0.9959595959595959,2,421
0.21,0.16,0.15,0.914702581369248,0.926470588235294,0.9263705482192878,0.7056277056277056,0.7159090909090909,0.7245696400625978,0.9878787878787879,1.0,0.9956989247311828,2,0,2,68,125,176,0.9205665767990697,0.7153688121997982,0.9945259042033235,4,369
0.22,0.17,0.1,0.9188275084554679,0.9292035398230089,0.911949685534591,0.7180616740088106,0.7241379310344828,0.6783625730994152,0.9878787878787879,1.0,0.9978494623655914,2,0,1,64,120,220,0.9205647532815548,0.7068540593809027,0.9952427500814597,3,404
0.29,0.11,0.1,0.9310344827586207,0.9088286208886325,0.911949685534591,0.7714285714285715,0.6659619450317125,0.6783625730994152,0.9818181818181818,1.0,0.9978494623655914,3,0,1,48,158,220,0.9205557647528182,0.705251029853233,0.9932225480612576,4,426
0.19,0.15,0.14,0.9162011173184358,0.9253819036427733,0.9241516966067865,0.6978723404255319,0.7126696832579186,0.7178294573643411,0.9939393939393939,1.0,0.9956989247311828,1,0,2,71,127,182,0.9205454690734072,0.7094571603492638,0.9965461062235256,3,380
0.27,0.15,0.05,0.9324942791762013,0.9253819036427733,0.8833586626139818,0.7616822429906542,0.7126696832579186,0.6023316062176166,0.9878787878787879,1.0,1.0,2,0,0,51,127,307,0.920533443203729,0.6922278441553965,0.9959595959595959,2,485
0.28,0.15,0.05,0.9324942791762013,0.9253819036427733,0.8833586626139818,0.7616822429906542,0.7126696832579186,0.6023316062176166,0.9878787878787879,1.0,1.0,2,0,0,51,127,307,0.920533443203729,0.6922278441553965,0.9959595959595959,2,485
0.17,0.16,0.15,0.9146341463414633,0.926470588235294,0.9263705482192878,0.6818181818181818,0.7159090909090909,0.7245696400625978,1.0,1.0,0.9956989247311828,0,0,2,77,125,176,0.9205323592851774,0.7074323042632903,0.9985663082437276,2,378
0.25,0.21,0.05,0.928246013667426,0.9324566646742379,0.8833586626139818,0.7477064220183486,0.7554479418886199,0.6023316062176166,0.9878787878787879,0.9904761904761905,1.0,2,3,0,55,101,307,0.9205317387587807,0.7018286567081949,0.9927849927849928,5,463
0.3,0.1,0.09,0.933179723502304,0.9062140391254315,0.9103367267032106,0.7788461538461539,0.6589958158995816,0.670028818443804,0.9818181818181818,1.0,1.0,3,0,0,46,163,229,0.9205214188294236,0.7026235960631798,0.993939393939394,3,438
0.23,0.13,0.13,0.92090395480226,0.9189031505250874,0.9219434488251693,0.7244444444444444,0.6938325991189427,0.7112135176651305,0.9878787878787879,1.0,0.9956989247311828,2,0,2,62,139,188,0.92051161232369,0.7098301870761725,0.9945259042033235,4,389
0.22,0.21,0.08,0.9188275084554679,0.9324566646742379,0.9067862714508581,0.7180616740088106,0.7554479418886199,0.6605113636363636,0.9878787878787879,0.9904761904761905,1.0,2,3,0,64,101,239,0.9205080079201768,0.7113403265112647,0.9927849927849928,5,404
0.27,0.1,0.1,0.9324942791762013,0.9062140391254315,0.911949685534591,0.7616822429906542,0.6589958158995816,0.6783625730994152,0.9878787878787879,1.0,0.9978494623655914,2,0,1,51,163,220,0.9205012884326482,0.6996802106632171,0.9952427500814597,3,434
0.28,0.1,0.1,0.9324942791762013,0.9062140391254315,0.911949685534591,0.7616822429906542,0.6589958158995816,0.6783625730994152,0.9878787878787879,1.0,0.9978494623655914,2,0,1,51,163,220,0.9205012884326482,0.6996802106632171,0.9952427500814597,3,434
0.21,0.17,0.13,0.914702581369248,0.9292035398230089,0.9219434488251693,0.7056277056277056,0.7241379310344828,0.7112135176651305,0.9878787878787879,1.0,0.9956989247311828,2,0,2,68,120,188,0.9205010423965605,0.7136597181091063,0.9945259042033235,4,376
0.24,0.24,0.05,0.9261363636363638,0.9358128374325134,0.8833586626139818,0.740909090909091,0.7665847665847666,0.6023316062176166,0.9878787878787879,0.9904761904761905,1.0,2,3,0,57,95,307,0.9204837655707322,0.7032751545704913,0.9927849927849928,5,459
0.18,0.14,0.12,0.919732441471572,0.9215915740198947,0.9206349206349207,0.6962025316455697,0.7015590200445434,0.703030303030303,1.0,1.0,0.9978494623655914,0,0,1,72,134,196,0.9204706770687385,0.7002639515734721,0.9992831541218639,1,402
0.24,0.12,0.11,0.9261363636363638,0.9135730858468677,0.916633741604109,0.740909090909091,0.6788793103448276,0.6915052160953801,0.9878787878787879,1.0,0.9978494623655914,2,0,1,57,149,207,0.920466855893064,0.7037645391164329,0.9952427500814597,3,413
0.17,0.17,0.13,0.9146341463414633,0.9292035398230089,0.9219434488251693,0.6818181818181818,0.7241379310344828,0.7112135176651305,1.0,1.0,0.9956989247311828,0,0,2,77,120,188,0.9204668248826682,0.7057232101725983,0.9985663082437276,2,385
0.23,0.16,0.09,0.92090395480226,0.926470588235294,0.9103367267032106,0.7244444444444444,0.7159090909090909,0.670028818443804,0.9878787878787879,1.0,1.0,2,0,0,62,125,229,0.9204604992123603,0.7034607845991131,0.9959595959595959,2,416
0.23,0.15,0.1,0.92090395480226,0.9253819036427733,0.911949685534591,0.7244444444444444,0.7126696832579186,0.6783625730994152,0.9878787878787879,1.0,0.9978494623655914,2,0,1,62,127,220,0.9204564856008801,0.7051589002672595,0.9952427500814597,3,409
0.2,0.14,0.14,0.9182530795072789,0.9215915740198947,0.9241516966067865,0.703862660944206,0.7015590200445434,0.7178294573643411,0.9939393939393939,1.0,0.9956989247311828,1,0,2,69,134,182,0.9204343512809652,0.7077503794510301,0.9965461062235256,3,385
0.19,0.16,0.13,0.9162011173184358,0.926470588235294,0.9219434488251693,0.6978723404255319,0.7159090909090909,0.7112135176651305,0.9939393939393939,1.0,0.9956989247311828,1,0,2,71,125,188,0.92043042489484,0.7083316496665845,0.9965461062235256,3,384
0.26,0.11,0.09,0.9314285714285714,0.9088286208886325,0.9103367267032106,0.7581395348837209,0.6659619450317125,0.670028818443804,0.9878787878787879,1.0,1.0,2,0,0,52,158,229,0.9204302173215176,0.6980434327864126,0.9959595959595959,2,439
0.21,0.21,0.11,0.914702581369248,0.9324566646742379,0.916633741604109,0.7056277056277056,0.7554479418886199,0.6915052160953801,0.9878787878787879,0.9904761904761905,0.9978494623655914,2,3,1,68,101,207,0.9204150384077172,0.7175269545372353,0.9920681469068565,6,376
0.27,0.12,0.07,0.9324942791762013,0.9135730858468677,0.9004647560030984,0.7616822429906542,0.6788793103448276,0.6440443213296398,0.9878787878787879,1.0,1.0,2,0,0,51,149,257,0.9204120165427807,0.6948686248883739,0.9959595959595959,2,457
0.28,0.12,0.07,0.9324942791762013,0.9135730858468677,0.9004647560030984,0.7616822429906542,0.6788793103448276,0.6440443213296398,0.9878787878787879,1.0,1.0,2,0,0,51,149,257,0.9204120165427807,0.6948686248883739,0.9959595959595959,2,457
0.2,0.16,0.11,0.9182530795072789,0.926470588235294,0.916633741604109,0.703862660944206,0.7159090909090909,0.6915052160953801,0.9939393939393939,1.0,0.9978494623655914,1,0,1,69,125,207,0.9203944645450495,0.7037589893162256,0.9972629521016617,2,401
0.2,0.19,0.09,0.9182530795072789,0.9306461173681091,0.9103367267032106,0.703862660944206,0.7353629976580797,0.670028818443804,0.9939393939393939,0.9968253968253968,1.0,1,1,0,69,113,229,0.9203877203047143,0.7030848256820299,0.996921596921597,2,411
0.22,0.15,0.11,0.9188275084554679,0.9253819036427733,0.916633741604109,0.7180616740088106,0.7126696832579186,0.6915052160953801,0.9878787878787879,1.0,0.9978494623655914,2,0,1,64,127,207,0.9203550736413878,0.7074121911207031,0.9952427500814597,3,398
0.26,0.16,0.05,0.9314285714285714,0.926470588235294,0.8833586626139818,0.7581395348837209,0.7159090909090909,0.6023316062176166,0.9878787878787879,1.0,1.0,2,0,0,52,125,307,0.9203271947076702,0.6921267440034762,0.9959595959595959,2,484
0.2,0.2,0.09,0.9182530795072789,0.9304399524375744,0.9103367267032106,0.703862660944206,0.7417061611374408,0.670028818443804,0.9939393939393939,0.9936507936507937,1.0,1,2,0,69,109,229,0.9203258708255538,0.7051992135084837,0.9958633958633959,3,407
0.23,0.21,0.07,0.92090395480226,0.9324566646742379,0.9004647560030984,0.7244444444444444,0.7554479418886199,0.6440443213296398,0.9878787878787879,0.9904761904761905,1.0,2,3,0,62,101,257,0.9202819280040211,0.7079789025542347,0.9927849927849928,5,420
0.22,0.14,0.13,0.9188275084554679,0.9215915740198947,0.9219434488251693,0.7180616740088106,0.7015590200445434,0.7112135176651305,0.9878787878787879,1.0,0.9956989247311828,2,0,2,64,134,188,0.9202799161987362,0.7102780705728282,0.9945259042033235,4,386
0.2,0.17,0.1,0.9182530795072789,0.9292035398230089,0.911949685534591,0.703862660944206,0.7241379310344828,0.6783625730994152,0.9939393939393939,1.0,0.9978494623655914,1,0,1,69,120,220,0.9202775388074602,0.7021210550260347,0.9972629521016617,2,409
0.25,0.12,0.09,0.928246013667426,0.9135730858468677,0.9103367267032106,0.7477064220183486,0.6788793103448276,0.670028818443804,0.9878787878787879,1.0,1.0,2,0,0,55,149,229,0.9202622779284154,0.6988715169356601,0.9959595959595959,2,433
0.23,0.14,0.11,0.92090395480226,0.9215915740198947,0.916633741604109,0.7244444444444444,0.7015590200445434,0.6915052160953801,0.9878787878787879,1.0,0.9978494623655914,2,0,1,62,134,207,0.9202561979279202,0.705836226861456,0.9952427500814597,3,403
0.27,0.11,0.08,0.9324942791762013,0.9088286208886325,0.9067862714508581,0.7616822429906542,0.6659619450317125,0.6605113636363636,0.9878787878787879,1.0,1.0,2,0,0,51,158,239,0.920252980144862,0.6960518505529101,0.9959595959595959,2,448
0.28,0.11,0.08,0.9324942791762013,0.9088286208886325,0.9067862714508581,0.7616822429906542,0.6659619450317125,0.6605113636363636,0.9878787878787879,1.0,1.0,2,0,0,51,158,239,0.920252980144862,0.6960518505529101,0.9959595959595959,2,448
0.23,0.13,0.12,0.92090395480226,0.9189031505250874,0.9206349206349207,0.7244444444444444,0.6938325991189427,0.703030303030303,0.9878787878787879,1.0,0.9978494623655914,2,0,1,62,139,196,0.9202499066856403,0.7071024488645633,0.9952427500814597,3,397
0.22,0.17,0.09,0.9188275084554679,0.9292035398230089,0.9103367267032106,0.7180616740088106,0.7241379310344828,0.670028818443804,0.9878787878787879,1.0,1.0,2,0,0,64,120,229,0.9202421615152788,0.7040761411623658,0.9959595959595959,2,413
0.21,0.15,0.15,0.914702581369248,0.9253819036427733,0.9263705482192878,0.7056277056277056,0.7126696832579186,0.7245696400625978,0.9878787878787879,1.0,0.9956989247311828,2,0,2,68,127,176,0.9202399714213135,0.7142890096494073,0.9945259042033235,4,371
0.21,0.17,0.12,0.914702581369248,0.9292035398230089,0.9206349206349207,0.7056277056277056,0.7241379310344828,0.703030303030303,0.9878787878787879,1.0,0.9978494623655914,2,0,1,68,120,196,0.9202393367585108,0.7109319798974972,0.9952427500814597,3,384
0.29,0.11,0.09,0.9310344827586207,0.9088286208886325,0.9103367267032106,0.7714285714285715,0.6659619450317125,0.670028818443804,0.9818181818181818,1.0,1.0,3,0,0,48,158,229,0.9202331729865422,0.7024731116346961,0.993939393939394,3,435
0.26,0.13,0.06,0.9314285714285714,0.9189031505250874,0.8942307692307693,0.7581395348837209,0.6938325991189427,0.6283783783783784,0.9878787878787879,1.0,1.0,2,0,0,52,139,275,0.9202313847179657,0.6934501707936808,0.9959595959595959,2,466
0.25,0.18,0.05,0.928246013667426,0.9314015375517445,0.8833586626139818,0.7477064220183486,0.7308584686774942,0.6023316062176166,0.9878787878787879,1.0,1.0,2,0,0,55,116,307,0.9202152006220327,0.6936321656378198,0.9959595959595959,2,478
0.17,0.15,0.15,0.9146341463414633,0.9253819036427733,0.9263705482192878,0.6818181818181818,0.7126696832579186,0.7245696400625978,1.0,1.0,0.9956989247311828,0,0,2,77,127,176,0.9202057539074212,0.7063525017128994,0.9985663082437276,2,380
0.17,0.17,0.12,0.9146341463414633,0.9292035398230089,0.9206349206349207,0.6818181818181818,0.7241379310344828,0.703030303030303,1.0,1.0,0.9978494623655914,0,0,1,77,120,196,0.9202051192446185,0.7029954719609891,0.9992831541218639,1,393
0.18,0.16,0.1,0.919732441471572,0.926470588235294,0.911949685534591,0.6962025316455697,0.7159090909090909,0.6783625730994152,1.0,1.0,0.9978494623655914,0,0,1,72,125,220,0.9201973343132923,0.6968247318846919,0.9992831541218639,1,417
0.22,0.18,0.08,0.9188275084554679,0.9314015375517445,0.9067862714508581,0.7180616740088106,0.7308584686774942,0.6605113636363636,0.9878787878787879,1.0,1.0,2,0,0,64,116,239,0.9201914697834288,0.7031438354408895,0.9959595959595959,2,419
0.19,0.17,0.11,0.9162011173184358,0.9292035398230089,0.916633741604109,0.6978723404255319,0.7241379310344828,0.6915052160953801,0.9939393939393939,1.0,0.9978494623655914,1,0,1,71,120,207,0.9201883689269423,0.704505162518465,0.9972629521016617,2,398
0.27,0.1,0.09,0.9324942791762013,0.9062140391254315,0.9103367267032106,0.7616822429906542,0.6589958158995816,0.670028818443804,0.9878787878787879,1.0,1.0,2,0,0,51,163,229,0.9201786966663722,0.69690229244468,0.9959595959595959,2,443
0.28,0.1,0.09,0.9324942791762013,0.9062140391254315,0.9103367267032106,0.7616822429906542,0.6589958158995816,0.670028818443804,0.9878787878787879,1.0,1.0,2,0,0,51,163,229,0.9201786966663722,0.69690229244468,0.9959595959595959,2,443
0.19,0.16,0.12,0.9162011173184358,0.926470588235294,0.9206349206349207,0.6978723404255319,0.7159090909090909,0.703030303030303,0.9939393939393939,1.0,0.9978494623655914,1,0,1,71,125,196,0.9201687192567902,0.7056039114549754,0.9972629521016617,2,392
0.23,0.15,0.09,0.92090395480226,0.9253819036427733,0.9103367267032106,0.7244444444444444,0.7126696832579186,0.670028818443804,0.9878787878787879,1.0,1.0,2,0,0,62,127,229,0.9201338938346041,0.7023809820487225,0.9959595959595959,2,418
0.29,0.16,0.05,0.9310344827586207,0.926470588235294,0.8833586626139818,0.7714285714285715,0.7159090909090909,0.6023316062176166,0.9818181818181818,1.0,1.0,3,0,0,48,125,307,0.9201301503726949,0.6965564228517597,0.993939393939394,3,480
0.21,0.16,0.14,0.914702581369248,0.926470588235294,0.9241516966067865,0.7056277056277056,0.7159090909090909,0.7178294573643411,0.9878787878787879,1.0,0.9956989247311828,2,0,2,68,125,182,0.9201228064765694,0.7131220846337126,0.9945259042033235,4,375
0.19,0.15,0.13,0.9162011173184358,0.9253819036427733,0.9219434488251693,0.6978723404255319,0.7126696832579186,0.7112135176651305,0.9939393939393939,1.0,0.9956989247311828,1,0,2,71,127,188,0.9201038195170838,0.7072518471161936,0.9965461062235256,3,386
0.21,0.18,0.11,0.914702581369248,0.9314015375517445,0.916633741604109,0.7056277056277056,0.7308584686774942,0.6915052160953801,0.9878787878787879,1.0,0.9978494623655914,2,0,1,68,116,207,0.9200985002709692,0.70933046346686,0.9952427500814597,3,391
0.25,0.11,0.11,0.928246013667426,0.9088286208886325,0.916633741604109,0.7477064220183486,0.6659619450317125,0.6915052160953801,0.9878787878787879,1.0,0.9978494623655914,2,0,1,55,158,207,0.9200983414211246,0.701724527715147,0.9952427500814597,3,420
0.24,0.13,0.08,0.9261363636363638,0.9189031505250874,0.9067862714508581,0.740909090909091,0.6938325991189427,0.6605113636363636,0.9878787878787879,1.0,1.0,2,0,0,57,139,239,0.9200963812658798,0.6984176845547991,0.9959595959595959,2,435
0.17,0.16,0.14,0.9146341463414633,0.926470588235294,0.9241516966067865,0.6818181818181818,0.7159090909090909,0.7178294573643411,1.0,1.0,0.9956989247311828,0,0,2,77,125,182,0.9200885889626771,0.7051855766972045,0.9985663082437276,2,384
0.2,0.15,0.11,0.9182530795072789,0.9253819036427733,0.916633741604109,0.703862660944206,0.7126696832579186,0.6915052160953801,0.9939393939393939,1.0,0.9978494623655914,1,0,1,69,127,207,0.9200678591672933,0.702679186765835,0.9972629521016617,2,403
0.29,0.13,0.06,0.9310344827586207,0.9189031505250874,0.8942307692307693,0.7714285714285715,0.6938325991189427,0.6283783783783784,0.9818181818181818,1.0,1.0,3,0,0,48,139,275,0.9200343403829905,0.6978798496419643,0.993939393939394,3,462
0.22,0.14,0.12,0.9188275084554679,0.9215915740198947,0.9206349206349207,0.7180616740088106,0.7015590200445434,0.703030303030303,0.9878787878787879,1.0,0.9978494623655914,2,0,1,64,134,196,0.9200182105606864,0.707550332361219,0.9952427500814597,3,394
0.26,0.15,0.05,0.9314285714285714,0.9253819036427733,0.8833586626139818,0.7581395348837209,0.7126696832579186,0.6023316062176166,0.9878787878787879,1.0,1.0,2,0,0,52,127,307,0.920000589329914,0.6910469414530853,0.9959595959595959,2,486
0.2,0.14,0.13,0.9182530795072789,0.9215915740198947,0.9219434488251693,0.703862660944206,0.7015590200445434,0.7112135176651305,0.9939393939393939,1.0,0.9956989247311828,1,0,2,69,134,188,0.9199927017246418,0.70554506621796,0.9965461062235256,3,391
0.25,0.19,0.05,0.928246013667426,0.9306461173681091,0.8833586626139818,0.7477064220183486,0.7353629976580797,0.6023316062176166,0.9878787878787879,0.9968253968253968,1.0,2,1,0,55,113,307,0.919988574566942,0.695133675298015,0.9949013949013948,3,475
0.18,0.17,0.08,0.919732441471572,0.9292035398230089,0.9067862714508581,0.6962025316455697,0.7241379310344828,0.6605113636363636,1.0,1.0,1.0,0,0,0,72,120,239,0.9199845369728603,0.6936172754388054,1.0,0,431
0.24,0.23,0.05,0.9261363636363638,0.934131736526946,0.8833586626139818,0.740909090909091,0.7609756097560976,0.6023316062176166,0.9878787878787879,0.9904761904761905,1.0,2,3,0,57,98,307,0.919979435299062,0.7014054356276017,0.9927849927849928,5,462
0.26,0.1,0.1,0.9314285714285714,0.9062140391254315,0.911949685534591,0.7581395348837209,0.6589958158995816,0.6783625730994152,0.9878787878787879,1.0,0.9978494623655914,2,0,1,52,163,220,0.9199684345588333,0.698499307960906,0.9952427500814597,3,435
0.23,0.18,0.07,0.92090395480226,0.9314015375517445,0.9004647560030984,0.7244444444444444,0.7308584686774942,0.6440443213296398,0.9878787878787879,1.0,1.0,2,0,0,62,116,257,0.919965389867273,0.6997824114838594,0.9959595959595959,2,435
0.22,0.19,0.08,0.9188275084554679,0.9306461173681091,0.9067862714508581,0.7180616740088106,0.7353629976580797,0.6605113636363636,0.9878787878787879,0.9968253968253968,1.0,2,1,0,64,113,239,0.9199648437283383,0.7046453451010847,0.9949013949013948,3,416
0.2,0.17,0.09,0.9182530795072789,0.9292035398230089,0.9103367267032106,0.703862660944206,0.7241379310344828,0.670028818443804,0.9939393939393939,1.0,1.0,1,0,0,69,120,229,0.9199549470411842,0.6993431368074976,0.9979797979797981,1,418
0.25,0.2,0.05,0.928246013667426,0.9304399524375744,0.8833586626139818,0.7477064220183486,0.7417061611374408,0.6023316062176166,0.9878787878787879,0.9936507936507937,1.0,2,2,0,55,109,307,0.9199267250877816,0.6972480631244687,0.9938431938431939,4,471
0.18,0.13,0.13,0.919732441471572,0.9189031505250874,0.9219434488251693,0.6962025316455697,0.6938325991189427,0.7112135176651305,1.0,1.0,0.9956989247311828,0,0,2,72,139,188,0.9199258556583461,0.7004162161432143,0.9985663082437276,2,399
0.19,0.18,0.1,0.9162011173184358,0.9314015375517445,0.911949685534591,0.6978723404255319,0.7308584686774942,0.6783625730994152,0.9939393939393939,1.0,0.9978494623655914,1,0,1,71,116,220,0.9199109570316595,0.702364460734147,0.9972629521016617,2,407
0.2,0.18,0.08,0.9182530795072789,0.9314015375517445,0.9067862714508581,0.703862660944206,0.7308584686774942,0.6605113636363636,0.9939393939393939,1.0,1.0,1,0,0,69,116,239,0.9199042553093344,0.6984108310860213,0.9979797979797981,1,424
0.22,0.2,0.08,0.9188275084554679,0.9304399524375744,0.9067862714508581,0.7180616740088106,0.7417061611374408,0.6605113636363636,0.9878787878787879,0.9936507936507937,1.0,2,2,0,64,109,239,0.9199029942491779,0.7067597329275385,0.9938431938431939,4,412
0.25,0.13,0.07,0.928246013667426,0.9189031505250874,0.9004647560030984,0.7477064220183486,0.6938325991189427,0.6440443213296398,0.9878787878787879,1.0,1.0,2,0,0,55,139,257,0.9198869031918588,0.695194447488977,0.9959595959595959,2,451
0.26,0.12,0.07,0.9314285714285714,0.9135730858468677,0.9004647560030984,0.7581395348837209,0.6788793103448276,0.6440443213296398,0.9878787878787879,1.0,1.0,2,0,0,52,149,257,0.9198791626689657,0.6936877221860628,0.9959595959595959,2,458
0.18,0.16,0.09,0.919732441471572,0.926470588235294,0.9103367267032106,0.6962025316455697,0.7159090909090909,0.670028818443804,1.0,1.0,1.0,0,0,0,72,125,229,0.9198747425470163,0.694046813666155,1.0,0,426
0.21,0.19,0.11,0.914702581369248,0.9306461173681091,0.916633741604109,0.7056277056277056,0.7353629976580797,0.6915052160953801,0.9878787878787879,0.9968253968253968,0.9978494623655914,2,1,1,68,113,207,0.9198718742158786,0.7108319731270552,0.9941845490232586,4,388
0.18,0.15,0.1,0.919732441471572,0.9253819036427733,0.911949685534591,0.6962025316455697,0.7126696832579186,0.6783625730994152,1.0,1.0,0.9978494623655914,0,0,1,72,127,220,0.9198707289355361,0.6957449293343011,0.9992831541218639,1,419
0.24,0.16,0.06,0.9261363636363638,0.926470588235294,0.8942307692307693,0.740909090909091,0.7159090909090909,0.6283783783783784,0.9878787878787879,1.0,1.0,2,0,0,57,125,275,0.9198555121349239,0.6950655200655201,0.9959595959595959,2,457
0.19,0.15,0.12,0.9162011173184358,0.9253819036427733,0.9206349206349207,0.6978723404255319,0.7126696832579186,0.703030303030303,0.9939393939393939,1.0,0.9978494623655914,1,0,1,71,127,196,0.919842113879034,0.7045241089045845,0.9972629521016617,2,394
0.24,0.22,0.05,0.9261363636363638,0.933572710951526,0.8833586626139818,0.740909090909091,0.7591240875912408,0.6023316062176166,0.9878787878787879,0.9904761904761905,1.0,2,3,0,57,99,307,0.919811727626436,0.7007882615726495,0.9927849927849928,5,463
0.3,0.1,0.08,0.933179723502304,0.9062140391254315,0.9067862714508581,0.7788461538461539,0.6589958158995816,0.6605113636363636,0.9818181818181818,1.0,1.0,3,0,0,46,163,239,0.919811327778953,0.6994511111273664,0.993939393939394,3,448
0.21,0.2,0.11,0.914702581369248,0.9304399524375744,0.916633741604109,0.7056277056277056,0.7417061611374408,0.6915052160953801,0.9878787878787879,0.9936507936507937,0.9978494623655914,2,2,1,68,109,207,0.9198100247367181,0.7129463609535088,0.9931263479650575,5,384
0.29,0.15,0.05,0.9310344827586207,0.9253819036427733,0.8833586626139818,0.7714285714285715,0.7126696832579186,0.6023316062176166,0.9818181818181818,1.0,1.0,3,0,0,48,127,307,0.9198035449949387,0.6954766203013688,0.993939393939394,3,482
0.21,0.15,0.14,0.914702581369248,0.9253819036427733,0.9241516966067865,0.7056277056277056,0.7126696832579186,0.7178294573643411,0.9878787878787879,1.0,0.9956989247311828,2,0,2,68,127,182,0.9197962010988132,0.7120422820833218,0.9945259042033235,4,377
0.29,0.1,0.1,0.9310344827586207,0.9062140391254315,0.911949685534591,0.7714285714285715,0.6589958158995816,0.6783625730994152,0.9818181818181818,1.0,0.9978494623655914,3,0,1,48,163,220,0.919771390223858,0.7029289868091894,0.9932225480612576,4,431
0.17,0.15,0.14,0.9146341463414633,0.9253819036427733,0.9241516966067865,0.6818181818181818,0.7126696832579186,0.7178294573643411,1.0,1.0,0.9956989247311828,0,0,2,77,127,182,0.9197619835849209,0.7041057741468139,0.9985663082437276,2,386
0.16,0.16,0.16,0.9116022099447514,0.926470588235294,0.9300924065889916,0.673469387755102,0.7159090909090909,0.7360890302066773,1.0,1.0,0.9956989247311828,0,0,2,80,125,166,0.9197607627607622,0.7084891696236234,0.9985663082437276,2,371
0.23,0.16,0.08,0.92090395480226,0.926470588235294,0.9067862714508581,0.7244444444444444,0.7159090909090909,0.6605113636363636,0.9878787878787879,1.0,1.0,2,0,0,62,125,239,0.9197504081618897,0.7002882996632996,0.9959595959595959,2,426
0.22,0.16,0.1,0.9188275084554679,0.926470588235294,0.911949685534591,0.7180616740088106,0.7159090909090909,0.6783625730994152,0.9878787878787879,1.0,0.9978494623655914,2,0,1,64,125,220,0.9197448678052403,0.704111112672439,0.9952427500814597,3,409
0.3,0.14,0.05,0.933179723502304,0.9215915740198947,0.8833586626139818,0.7788461538461539,0.7015590200445434,0.6023316062176166,0.9818181818181818,1.0,1.0,3,0,0,46,134,307,0.9197390664799168,0.6942455933694379,0.993939393939394,3,487
0.23,0.19,0.07,0.92090395480226,0.9306461173681091,0.9004647560030984,0.7244444444444444,0.7353629976580797,0.6440443213296398,0.9878787878787879,0.9968253968253968,1.0,2,1,0,62,113,257,0.9197387638121823,0.7012839211440546,0.9949013949013948,3,432
0.2,0.14,0.12,0.9182530795072789,0.9215915740198947,0.9206349206349207,0.703862660944206,0.7015590200445434,0.703030303030303,0.9939393939393939,1.0,0.9978494623655914,1,0,1,69,134,196,0.919730996086592,0.7028173280063509,0.9972629521016617,2,399
0.26,0.11,0.08,0.9314285714285714,0.9088286208886325,0.9067862714508581,0.7581395348837209,0.6659619450317125,0.6605113636363636,0.9878787878787879,1.0,1.0,2,0,0,52,158,239,0.919720126271047,0.6948709478505991,0.9959595959595959,2,449
0.19,0.19,0.1,0.9162011173184358,0.9306461173681091,0.911949685534591,0.6978723404255319,0.7353629976580797,0.6783625730994152,0.9939393939393939,0.9968253968253968,0.9978494623655914,1,1,1,71,113,220,0.9196843309765688,0.7038659703943422,0.9962047510434607,3,404
0.29,0.12,0.07,0.9310344827586207,0.9135730858468677,0.9004647560030984,0.7714285714285715,0.6788793103448276,0.6440443213296398,0.9818181818181818,1.0,1.0,3,0,0,48,149,257,0.9196821183339903,0.6981174010343464,0.993939393939394,3,454
0.21,0.16,0.13,0.914702581369248,0.926470588235294,0.9219434488251693,0.7056277056277056,0.7159090909090909,0.7112135176651305,0.9878787878787879,1.0,0.9956989247311828,2,0,2,68,125,188,0.919681156920246,0.7109167714006425,0.9945259042033235,4,381
0.2,0.19,0.08,0.9182530795072789,0.9306461173681091,0.9067862714508581,0.703862660944206,0.7353629976580797,0.6605113636363636,0.9939393939393939,0.9968253968253968,1.0,1,1,0,69,113,239,0.9196776292542437,0.6999123407462164,0.996921596921597,2,421
0.23,0.2,0.07,0.92090395480226,0.9304399524375744,0.9004647560030984,0.7244444444444444,0.7417061611374408,0.6440443213296398,0.9878787878787879,0.9936507936507937,1.0,2,2,0,62,109,257,0.9196769143330219,0.7033983089705084,0.9938431938431939,4,428
0.18,0.14,0.11,0.919732441471572,0.9215915740198947,0.916633741604109,0.6962025316455697,0.7015590200445434,0.6915052160953801,1.0,1.0,0.9978494623655914,0,0,1,72,134,207,0.9196704412625762,0.6964222559284977,0.9992831541218639,1,413
0.18,0.13,0.12,0.919732441471572,0.9189031505250874,0.9206349206349207,0.6962025316455697,0.6938325991189427,0.703030303030303,1.0,1.0,0.9978494623655914,0,0,1,72,139,196,0.9196641500202963,0.6976884779316052,0.9992831541218639,1,407
0.17,0.16,0.13,0.9146341463414633,0.926470588235294,0.9219434488251693,0.6818181818181818,0.7159090909090909,0.7112135176651305,1.0,1.0,0.9956989247311828,0,0,2,77,125,188,0.9196469394063537,0.7029802634641343,0.9985663082437276,2,390
0.26,0.1,0.09,0.9314285714285714,0.9062140391254315,0.9103367267032106,0.7581395348837209,0.6589958158995816,0.670028818443804,0.9878787878787879,1.0,1.0,2,0,0,52,163,229,0.9196458427925572,0.6957213897423689,0.9959595959595959,2,444
0.24,0.14,0.07,0.9261363636363638,0.9215915740198947,0.9004647560030984,0.740909090909091,0.7015590200445434,0.6440443213296398,0.9878787878787879,1.0,1.0,2,0,0,57,134,257,0.91963860522477,0.6955041440944246,0.9959595959595959,2,448
0.2,0.2,0.08,0.9182530795072789,0.9304399524375744,0.9067862714508581,0.703862660944206,0.7417061611374408,0.6605113636363636,0.9939393939393939,0.9936507936507937,1.0,1,2,0,69,109,239,0.9196157797750832,0.7020267285726702,0.9958633958633959,3,417
0.19,0.18,0.09,0.9162011173184358,0.9314015375517445,0.9103367267032106,0.6978723404255319,0.7308584686774942,0.670028818443804,0.9939393939393939,1.0,1.0,1,0,0,71,116,229,0.9195883652653835,0.6995865425156101,0.9979797979797981,1,416
0.22,0.22,0.07,0.9188275084554679,0.933572710951526,0.9004647560030984,0.7180616740088106,0.7591240875912408,0.6440443213296398,0.9878787878787879,0.9904761904761905,1.0,2,3,0,64,99,257,0.9195785187138115,0.7070766943098971,0.9927849927849928,5,420
0.25,0.17,0.05,0.928246013667426,0.9292035398230089,0.8833586626139818,0.7477064220183486,0.7241379310344828,0.6023316062176166,0.9878787878787879,1.0,1.0,2,0,0,55,120,307,0.919555801303412,0.6913919864234827,0.9959595959595959,2,482
0.25,0.12,0.08,0.928246013667426,0.9135730858468677,0.9067862714508581,0.7477064220183486,0.6788793103448276,0.6605113636363636,0.9878787878787879,1.0,1.0,2,0,0,55,149,239,0.9195521868779448,0.6956990319998466,0.9959595959595959,2,443
0.18,0.15,0.09,0.919732441471572,0.9253819036427733,0.9103367267032106,0.6962025316455697,0.7126696832579186,0.670028818443804,1.0,1.0,1.0,0,0,0,72,127,229,0.9195481371692601,0.6929670111157641,1.0,0,428
0.23,0.23,0.06,0.92090395480226,0.934131736526946,0.8942307692307693,0.7244444444444444,0.7609756097560976,0.6283783783783784,0.9878787878787879,0.9904761904761905,1.0,2,3,0,62,98,275,0.9195376522053677,0.7045994775263068,0.9927849927849928,5,435
0.22,0.17,0.08,0.9188275084554679,0.9292035398230089,0.9067862714508581,0.7180616740088106,0.7241379310344828,0.6605113636363636,0.9878787878787879,1.0,1.0,2,0,0,64,120,239,0.9195320704648082,0.7009036562265524,0.9959595959595959,2,423
0.24,0.12,0.1,0.9261363636363638,0.9135730858468677,0.911949685534591,0.740909090909091,0.6788793103448276,0.6783625730994152,0.9878787878787879,1.0,0.9978494623655914,2,0,1,57,149,220,0.9195300446791603,0.6993836581177778,0.9952427500814597,3,426
0.24,0.15,0.06,0.9261363636363638,0.9253819036427733,0.8942307692307693,0.740909090909091,0.7126696832579186,0.6283783783783784,0.9878787878787879,1.0,1.0,2,0,0,57,127,275,0.9195289067571677,0.6939857175151293,0.9959595959595959,2,459
0.29,0.11,0.08,0.9310344827586207,0.9088286208886325,0.9067862714508581,0.7714285714285715,0.6659619450317125,0.6605113636363636,0.9818181818181818,1.0,1.0,3,0,0,48,158,239,0.9195230819360716,0.6993006266988826,0.993939393939394,3,445
0.3,0.12,0.06,0.933179723502304,0.9135730858468677,0.8942307692307693,0.7788461538461539,0.6788793103448276,0.6283783783783784,0.9818181818181818,1.0,1.0,3,0,0,46,149,275,0.9195079413513663,0.69536794752312,0.993939393939394,3,470
0.21,0.21,0.1,0.914702581369248,0.9324566646742379,0.911949685534591,0.7056277056277056,0.7554479418886199,0.6783625730994152,0.9878787878787879,0.9904761904761905,0.9978494623655914,2,3,1,68,101,220,0.9194782271938136,0.7131460735385803,0.9920681469068565,6,389
0.24,0.21,0.05,0.9261363636363638,0.9324566646742379,0.8833586626139818,0.740909090909091,0.7554479418886199,0.6023316062176166,0.9878787878787879,0.9904761904761905,1.0,2,3,0,57,101,307,0.9194769137432496,0.6995628796717758,0.9927849927849928,5,465
0.22,0.13,0.13,0.9188275084554679,0.9189031505250874,0.9219434488251693,0.7180616740088106,0.6938325991189427,0.7112135176651305,0.9878787878787879,1.0,0.9956989247311828,2,0,2,64,139,188,0.9194733891502941,0.7077025969309613,0.9945259042033235,4,391
0.27,0.1,0.08,0.9324942791762013,0.9062140391254315,0.9067862714508581,0.7616822429906542,0.6589958158995816,0.6605113636363636,0.9878787878787879,1.0,1.0,2,0,0,51,163,239,0.9194686056159016,0.6937298075088666,0.9959595959595959,2,453
0.28,0.1,0.08,0.9324942791762013,0.9062140391254315,0.9067862714508581,0.7616822429906542,0.6589958158995816,0.6605113636363636,0.9878787878787879,1.0,1.0,2,0,0,51,163,239,0.9194686056159016,0.6937298075088666,0.9959595959595959,2,453
0.2,0.16,0.1,0.9182530795072789,0.926470588235294,0.911949685534591,0.703862660944206,0.7159090909090909,0.6783625730994152,0.9939393939393939,1.0,0.9978494623655914,1,0,1,69,125,220,0.9194576533311458,0.6993781083175706,0.9972629521016617,2,414
0.23,0.13,0.11,0.92090395480226,0.9189031505250874,0.916633741604109,0.7244444444444444,0.6938325991189427,0.6915052160953801,0.9878787878787879,1.0,0.9978494623655914,2,0,1,62,139,207,0.919449670879478,0.7032607532195891,0.9952427500814597,3,408
0.29,0.1,0.09,0.9310344827586207,0.9062140391254315,0.9103367267032106,0.7714285714285715,0.6589958158995816,0.670028818443804,0.9818181818181818,1.0,1.0,3,0,0,48,163,229,0.919448798457582,0.7001510685906523,0.993939393939394,3,440
0.25,0.14,0.06,0.928246013667426,0.9215915740198947,0.8942307692307693,0.7477064220183486,0.7015590200445434,0.6283783783783784,0.9878787878787879,1.0,1.0,2,0,0,55,134,275,0.9194466328858353,0.6925479401470902,0.9959595959595959,2,464
0.21,0.17,0.11,0.914702581369248,0.9292035398230089,0.916633741604109,0.7056277056277056,0.7241379310344828,0.6915052160953801,0.9878787878787879,1.0,0.9978494623655914,2,0,1,68,120,207,0.9194391009523485,0.7070902842525228,0.9952427500814597,3,395
0.23,0.15,0.08,0.92090395480226,0.9253819036427733,0.9067862714508581,0.7244444444444444,0.7126696832579186,0.6605113636363636,0.9878787878787879,1.0,1.0,2,0,0,62,127,239,0.9194238027841335,0.699208497112909,0.9959595959595959,2,428
0.22,0.16,0.09,0.9188275084554679,0.926470588235294,0.9103367267032106,0.7180616740088106,0.7159090909090909,0.670028818443804,0.9878787878787879,1.0,1.0,2,0,0,64,125,229,0.9194222760389643,0.7013331944539019,0.9959595959595959,2,418
0.21,0.16,0.12,0.914702581369248,0.926470588235294,0.9206349206349207,0.7056277056277056,0.7159090909090909,0.703030303030303,0.9878787878787879,1.0,0.9978494623655914,2,0,1,68,125,196,0.9194194512821963,0.7081890331890333,0.9952427500814597,3,389
0.22,0.15,0.1,0.9188275084554679,0.9253819036427733,0.911949685534591,0.7180616740088106,0.7126696832579186,0.6783625730994152,0.9878787878787879,1.0,0.9978494623655914,2,0,1,64,127,220,0.9194182624274841,0.7030313101220482,0.9952427500814597,3,411
0.19,0.14,0.14,0.9162011173184358,0.9215915740198947,0.9241516966067865,0.6978723404255319,0.7015590200445434,0.7178294573643411,0.9939393939393939,1.0,0.9956989247311828,1,0,2,71,134,182,0.9194083701865436,0.7057536059448055,0.9965461062235256,3,387
0.17,0.17,0.11,0.9146341463414633,0.9292035398230089,0.916633741604109,0.6818181818181818,0.7241379310344828,0.6915052160953801,1.0,1.0,0.9978494623655914,0,0,1,77,120,207,0.9194048834384562,0.6991537763160149,0.9992831541218639,1,404
0.27,0.14,0.05,0.9324942791762013,0.9215915740198947,0.8833586626139818,0.7616822429906542,0.7015590200445434,0.6023316062176166,0.9878787878787879,1.0,1.0,2,0,0,51,134,307,0.9193963443168655,0.688524289750938,0.9959595959595959,2,492
0.28,0.14,0.05,0.9324942791762013,0.9215915740198947,0.8833586626139818,0.7616822429906542,0.7015590200445434,0.6023316062176166,0.9878787878787879,1.0,1.0,2,0,0,51,134,307,0.9193963443168655,0.688524289750938,0.9959595959595959,2,492
0.17,0.16,0.12,0.9146341463414633,0.926470588235294,0.9206349206349207,0.6818181818181818,0.7159090909090909,0.703030303030303,1.0,1.0,0.9978494623655914,0,0,1,77,125,196,0.9193852337683039,0.7002525252525252,0.9992831541218639,1,398
0.18,0.18,0.07,0.919732441471572,0.9314015375517445,0.9004647560030984,0.6962025316455697,0.7308584686774942,0.6440443213296398,1.0,1.0,1.0,0,0,0,72,116,257,0.9193796332019291,0.6903684405509013,1.0,0,445
0.23,0.22,0.06,0.92090395480226,0.933572710951526,0.8942307692307693,0.7244444444444444,0.7591240875912408,0.6283783783783784,0.9878787878787879,0.9904761904761905,1.0,2,3,0,62,99,275,0.9193699445327417,0.7039823034713546,0.9927849927849928,5,436
0.19,0.16,0.11,0.9162011173184358,0.926470588235294,0.916633741604109,0.6978723404255319,0.7159090909090909,0.6915052160953801,0.9939393939393939,1.0,0.9978494623655914,1,0,1,71,125,207,0.9193684834506279,0.701762215810001,0.9972629521016617,2,403
0.19,0.19,0.09,0.9162011173184358,0.9306461173681091,0.9103367267032106,0.6978723404255319,0.7353629976580797,0.670028818443804,0.9939393939393939,0.9968253968253968,1.0,1,1,0,71,113,229,0.9193617392102927,0.7010880521758053,0.996921596921597,2,413
0.21,0.15,0.13,0.914702581369248,0.9253819036427733,0.9219434488251693,0.7056277056277056,0.7126696832579186,0.7112135176651305,0.9878787878787879,1.0,0.9956989247311828,2,0,2,68,127,188,0.9193545515424898,0.7098369688502516,0.9945259042033235,4,383
0.3,0.11,0.07,0.933179723502304,0.9088286208886325,0.9004647560030984,0.7788461538461539,0.6659619450317125,0.6440443213296398,0.9818181818181818,1.0,1.0,3,0,0,46,158,257,0.9193313992183614,0.6962841400691687,0.993939393939394,3,461
0.17,0.15,0.13,0.9146341463414633,0.9253819036427733,0.9219434488251693,0.6818181818181818,0.7126696832579186,0.7112135176651305,1.0,1.0,0.9956989247311828,0,0,2,77,127,188,0.9193203340285975,0.7019004609137437,0.9985663082437276,2,392
0.23,0.14,0.1,0.92090395480226,0.9215915740198947,0.911949685534591,0.7244444444444444,0.7015590200445434,0.6783625730994152,0.9878787878787879,1.0,0.9978494623655914,2,0,1,62,134,220,0.9193193867140166,0.7014553458628011,0.9952427500814597,3,416
0.23,0.17,0.07,0.92090395480226,0.9292035398230089,0.9004647560030984,0.7244444444444444,0.7241379310344828,0.6440443213296398,0.9878787878787879,1.0,1.0,2,0,0,62,120,257,0.9193059905486523,0.6975422322695223,0.9959595959595959,2,439
0.19,0.17,0.1,0.9162011173184358,0.9292035398230089,0.911949685534591,0.6978723404255319,0.7241379310344828,0.6783625730994152,0.9939393939393939,1.0,0.9978494623655914,1,0,1,71,120,220,0.9192515577130387,0.7001242815198099,0.9972629521016617,2,411
0.2,0.17,0.08,0.9182530795072789,0.9292035398230089,0.9067862714508581,0.703862660944206,0.7241379310344828,0.6605113636363636,0.9939393939393939,1.0,1.0,1,0,0,69,120,239,0.9192448559907136,0.6961706518716841,0.9979797979797981,1,428
0.22,0.21,0.07,0.9188275084554679,0.9324566646742379,0.9004647560030984,0.7180616740088106,0.7554479418886199,0.6440443213296398,0.9878787878787879,0.9904761904761905,1.0,2,3,0,64,101,257,0.919243704830625,0.7058513124090234,0.9927849927849928,5,422
0.22,0.14,0.11,0.9188275084554679,0.9215915740198947,0.916633741604109,0.7180616740088106,0.7015590200445434,0.6915052160953801,0.9878787878787879,1.0,0.9978494623655914,2,0,1,64,134,207,0.9192179747545242,0.7037086367162447,0.9952427500814597,3,405
0.22,0.13,0.12,0.9188275084554679,0.9189031505250874,0.9206349206349207,0.7180616740088106,0.6938325991189427,0.703030303030303,0.9878787878787879,1.0,0.9978494623655914,2,0,1,64,139,196,0.9192116835122444,0.7049748587193521,0.9952427500814597,3,399
0.24,0.12,0.09,0.9261363636363638,0.9135730858468677,0.9103367267032106,0.740909090909091,0.6788793103448276,0.670028818443804,0.9878787878787879,1.0,1.0,2,0,0,57,149,229,0.9192074529128843,0.6966057398992409,0.9959595959595959,2,435
0.2,0.13,0.13,0.9182530795072789,0.9189031505250874,0.9219434488251693,0.703862660944206,0.6938325991189427,0.7112135176651305,0.9939393939393939,1.0,0.9956989247311828,1,0,2,69,139,188,0.9191861746761995,0.702969592576093,0.9965461062235256,3,396
0.27,0.12,0.06,0.9324942791762013,0.9135730858468677,0.8942307692307693,0.7616822429906542,0.6788793103448276,0.6283783783783784,0.9878787878787879,1.0,1.0,2,0,0,51,149,275,0.9191652191883148,0.68964664390462,0.9959595959595959,2,475
0.28,0.12,0.06,0.9324942791762013,0.9135730858468677,0.8942307692307693,0.7616822429906542,0.6788793103448276,0.6283783783783784,0.9878787878787879,1.0,1.0,2,0,0,51,149,275,0.9191652191883148,0.68964664390462,0.9959595959595959,2,475
0.18,0.16,0.08,0.919732441471572,0.926470588235294,0.9067862714508581,0.6962025316455697,0.7159090909090909,0.6605113636363636,1.0,1.0,1.0,0,0,0,72,125,239,0.9191646514965457,0.6908743287303415,1.0,0,436
0.21,0.18,0.1,0.914702581369248,0.9314015375517445,0.911949685534591,0.7056277056277056,0.7308584686774942,0.6783625730994152,0.9878787878787879,1.0,0.9978494623655914,2,0,1,68,116,220,0.9191616890570655,0.7049495824682049,0.9952427500814597,3,404
0.25,0.11,0.1,0.928246013667426,0.9088286208886325,0.911949685534591,0.7477064220183486,0.6659619450317125,0.6783625730994152,0.9878787878787879,1.0,0.9978494623655914,2,0,1,55,158,220,0.9191615302072209,0.697343646716492,0.9952427500814597,3,433
0.24,0.18,0.05,0.9261363636363638,0.9314015375517445,0.8833586626139818,0.740909090909091,0.7308584686774942,0.6023316062176166,0.9878787878787879,1.0,1.0,2,0,0,57,116,307,0.9191603756065015,0.6913663886014006,0.9959595959595959,2,480
0.21,0.21,0.09,0.914702581369248,0.9324566646742379,0.9103367267032106,0.7056277056277056,0.7554479418886199,0.670028818443804,0.9878787878787879,0.9904761904761905,1.0,2,3,0,68,101,229,0.9191556354275375,0.7103681553200433,0.9927849927849928,5,398
0.2,0.16,0.09,0.9182530795072789,0.926470588235294,0.9103367267032106,0.703862660944206,0.7159090909090909,0.670028818443804,0.9939393939393939,1.0,1.0,1,0,0,69,125,229,0.9191350615648698,0.6966001900990336,0.9979797979797981,1,423
0.2,0.15,0.1,0.9182530795072789,0.9253819036427733,0.911949685534591,0.703862660944206,0.7126696832579186,0.6783625730994152,0.9939393939393939,1.0,0.9978494623655914,1,0,1,69,127,220,0.9191310479533896,0.6982983057671799,0.9972629521016617,2,416
0.3,0.09,0.09,0.933179723502304,0.9015455065827132,0.9103367267032106,0.7788461538461539,0.6468172484599589,0.670028818443804,0.9818181818181818,1.0,1.0,3,0,0,46,172,229,0.9191208590666081,0.6985640735833055,0.993939393939394,3,447
0.22,0.15,0.09,0.9188275084554679,0.9253819036427733,0.9103367267032106,0.7180616740088106,0.7126696832579186,0.670028818443804,0.9878787878787879,1.0,1.0,2,0,0,64,127,229,0.9190956706612081,0.7002533919035111,0.9959595959595959,2,420
0.21,0.15,0.12,0.914702581369248,0.9253819036427733,0.9206349206349207,0.7056277056277056,0.7126696832579186,0.703030303030303,0.9878787878787879,1.0,0.9978494623655914,2,0,1,68,127,196,0.9190928459044401,0.7071092306386424,0.9952427500814597,3,391
0.17,0.15,0.12,0.9146341463414633,0.9253819036427733,0.9206349206349207,0.6818181818181818,0.7126696832579186,0.703030303030303,1.0,1.0,0.9978494623655914,0,0,1,77,127,196,0.9190586283905477,0.6991727227021345,0.9992831541218639,1,400
0.24,0.11,0.11,0.9261363636363638,0.9088286208886325,0.916633741604109,0.740909090909091,0.6659619450317125,0.6915052160953801,0.9878787878787879,1.0,0.9978494623655914,2,0,1,57,158,207,0.9190435164055935,0.6994587506787279,0.9952427500814597,3,422
0.19,0.15,0.11,0.9162011173184358,0.9253819036427733,0.916633741604109,0.6978723404255319,0.7126696832579186,0.6915052160953801,0.9939393939393939,1.0,0.9978494623655914,1,0,1,71,127,207,0.9190418780728717,0.7006824132596101,0.9972629521016617,2,405
0.23,0.21,0.06,0.92090395480226,0.9324566646742379,0.8942307692307693,0.7244444444444444,0.7554479418886199,0.6283783783783784,0.9878787878787879,0.9904761904761905,1.0,2,3,0,62,101,275,0.9190351306495552,0.7027569215704809,0.9927849927849928,5,438
0.16,0.16,0.15,0.9116022099447514,0.926470588235294,0.9263705482192878,0.673469387755102,0.7159090909090909,0.7245696400625978,1.0,1.0,0.9956989247311828,0,0,2,80,125,176,0.9190163910868215,0.7046493729089303,0.9985663082437276,2,381
0.23,0.14,0.09,0.92090395480226,0.9215915740198947,0.9103367267032106,0.7244444444444444,0.7015590200445434,0.670028818443804,0.9878787878787879,1.0,1.0,2,0,0,62,134,229,0.9189967949477406,0.698677427644264,0.9959595959595959,2,425
0.27,0.11,0.07,0.9324942791762013,0.9088286208886325,0.9004647560030984,0.7616822429906542,0.6659619450317125,0.6440443213296398,0.9878787878787879,1.0,1.0,2,0,0,51,158,257,0.9189886770553102,0.690562836450669,0.9959595959595959,2,466
0.28,0.11,0.07,0.9324942791762013,0.9088286208886325,0.9004647560030984,0.7616822429906542,0.6659619450317125,0.6440443213296398,0.9878787878787879,1.0,1.0,2,0,0,51,158,257,0.9189886770553102,0.690562836450669,0.9959595959595959,2,466
0.19,0.14,0.13,0.9162011173184358,0.9215915740198947,0.9219434488251693,0.6978723404255319,0.7015590200445434,0.7112135176651305,0.9939393939393939,1.0,0.9956989247311828,1,0,2,71,134,188,0.9189667206302202,0.7035482927117354,0.9965461062235256,3,393
0.26,0.1,0.08,0.9314285714285714,0.9062140391254315,0.9067862714508581,0.7581395348837209,0.6589958158995816,0.6605113636363636,0.9878787878787879,1.0,1.0,2,0,0,52,163,239,0.9189357517420866,0.6925489048065554,0.9959595959595959,2,454
0.21,0.19,0.1,0.914702581369248,0.9306461173681091,0.911949685534591,0.7056277056277056,0.7353629976580797,0.6783625730994152,0.9878787878787879,0.9968253968253968,0.9978494623655914,2,1,1,68,113,220,0.9189350630019749,0.7064510921284001,0.9941845490232586,4,401
0.24,0.19,0.05,0.9261363636363638,0.9306461173681091,0.8833586626139818,0.740909090909091,0.7353629976580797,0.6023316062176166,0.9878787878787879,0.9968253968253968,1.0,2,1,0,57,113,307,0.9189337495514109,0.6928678982615958,0.9949013949013948,3,477
0.3,0.13,0.05,0.933179723502304,0.9189031505250874,0.8833586626139818,0.7788461538461539,0.6938325991189427,0.6023316062176166,0.9818181818181818,1.0,1.0,3,0,0,46,139,307,0.9189325394314746,0.6916701197275711,0.993939393939394,3,492
0.2,0.14,0.11,0.9182530795072789,0.9215915740198947,0.916633741604109,0.703862660944206,0.7015590200445434,0.6915052160953801,0.9939393939393939,1.0,0.9978494623655914,1,0,1,69,134,207,0.9189307602804297,0.6989756323613765,0.9972629521016617,2,410
0.19,0.17,0.09,0.9162011173184358,0.9292035398230089,0.9103367267032106,0.6978723404255319,0.7241379310344828,0.670028818443804,0.9939393939393939,1.0,1.0,1,0,0,71,120,229,0.9189289659467627,0.697346363301273,0.9979797979797981,1,420
0.22,0.18,0.07,0.9188275084554679,0.9314015375517445,0.9004647560030984,0.7180616740088106,0.7308584686774942,0.6440443213296398,0.9878787878787879,1.0,1.0,2,0,0,64,116,257,0.918927166693877,0.6976548213386482,0.9959595959595959,2,437
0.2,0.13,0.12,0.9182530795072789,0.9189031505250874,0.9206349206349207,0.703862660944206,0.6938325991189427,0.703030303030303,0.9939393939393939,1.0,0.9978494623655914,1,0,1,69,139,196,0.9189244690381497,0.7002418543644838,0.9972629521016617,2,404
0.19,0.18,0.08,0.9162011173184358,0.9314015375517445,0.9067862714508581,0.6978723404255319,0.7308584686774942,0.6605113636363636,0.9939393939393939,1.0,1.0,1,0,0,71,116,239,0.9188782742149129,0.6964140575797967,0.9979797979797981,1,426
0.21,0.2,0.1,0.914702581369248,0.9304399524375744,0.911949685534591,0.7056277056277056,0.7417061611374408,0.6783625730994152,0.9878787878787879,0.9936507936507937,0.9978494623655914,2,2,1,68,109,220,0.9188732135228145,0.7085654799548537,0.9931263479650575,5,397
0.24,0.2,0.05,0.9261363636363638,0.9304399524375744,0.8833586626139818,0.740909090909091,0.7417061611374408,0.6023316062176166,0.9878787878787879,0.9936507936507937,1.0,2,2,0,57,109,307,0.9188719000722505,0.6949822860880494,0.9938431938431939,4,473
0.18,0.13,0.11,0.919732441471572,0.9189031505250874,0.916633741604109,0.6962025316455697,0.6938325991189427,0.6915052160953801,1.0,1.0,0.9978494623655914,0,0,1,72,139,207,0.918863914214134,0.6938467822866308,0.9992831541218639,1,418
0.26,0.14,0.05,0.9314285714285714,0.9215915740198947,0.8833586626139818,0.7581395348837209,0.7015590200445434,0.6023316062176166,0.9878787878787879,1.0,1.0,2,0,0,52,134,307,0.9188634904430505,0.6873433870486269,0.9959595959595959,2,493
0.21,0.18,0.09,0.914702581369248,0.9314015375517445,0.9103367267032106,0.7056277056277056,0.7308584686774942,0.670028818443804,0.9878787878787879,1.0,1.0,2,0,0,68,116,229,0.9188390972907895,0.7021716642496679,0.9959595959595959,2,413
0.25,0.11,0.09,0.928246013667426,0.9088286208886325,0.9103367267032106,0.7477064220183486,0.6659619450317125,0.670028818443804,0.9878787878787879,1.0,1.0,2,0,0,55,158,229,0.9188389384409449,0.6945657284979551,0.9959595959595959,2,442
0.18,0.15,0.08,0.919732441471572,0.9253819036427733,0.9067862714508581,0.6962025316455697,0.7126696832579186,0.6605113636363636,1.0,1.0,1.0,0,0,0,72,127,239,0.9188380461187895,0.6897945261799506,1.0,0,438
0.24,0.13,0.07,0.9261363636363638,0.9189031505250874,0.9004647560030984,0.740909090909091,0.6938325991189427,0.6440443213296398,0.9878787878787879,1.0,1.0,2,0,0,57,139,257,0.9188320781763277,0.6929286704525578,0.9959595959595959,2,453
0.2,0.15,0.09,0.9182530795072789,0.9253819036427733,0.9103367267032106,0.703862660944206,0.7126696832579186,0.670028818443804,0.9939393939393939,1.0,1.0,1,0,0,69,127,229,0.9188084561871136,0.695520387548643,0.9979797979797981,1,425
0.27,0.09,0.09,0.9324942791762013,0.9015455065827132,0.9103367267032106,0.7616822429906542,0.6468172484599589,0.670028818443804,0.9878787878787879,1.0,1.0,2,0,0,51,172,229,0.9187781369035567,0.6928427699648058,0.9959595959595959,2,452
0.28,0.09,0.09,0.9324942791762013,0.9015455065827132,0.9103367267032106,0.7616822429906542,0.6468172484599589,0.670028818443804,0.9878787878787879,1.0,1.0,2,0,0,51,172,229,0.9187781369035567,0.6928427699648058,0.9959595959595959,2,452
0.29,0.1,0.08,0.9310344827586207,0.9062140391254315,0.9067862714508581,0.7714285714285715,0.6589958158995816,0.6605113636363636,0.9818181818181818,1.0,1.0,3,0,0,48,163,239,0.9187387074071114,0.6969785836548389,0.993939393939394,3,450
0.25,0.16,0.05,0.928246013667426,0.926470588235294,0.8833586626139818,0.7477064220183486,0.7159090909090909,0.6023316062176166,0.9878787878787879,1.0,1.0,2,0,0,55,125,307,0.9187359158270975,0.6886490397150187,0.9959595959595959,2,487
0.18,0.14,0.1,0.919732441471572,0.9215915740198947,0.911949685534591,0.6962025316455697,0.7015590200445434,0.6783625730994152,1.0,1.0,0.9978494623655914,0,0,1,72,134,220,0.9187336300486726,0.6920413749298427,0.9992831541218639,1,426
0.18,0.17,0.07,0.919732441471572,0.9292035398230089,0.9004647560030984,0.6962025316455697,0.7241379310344828,0.6440443213296398,1.0,1.0,1.0,0,0,0,72,120,257,0.9187202338833083,0.6881282613365641,1.0,0,449
0.23,0.18,0.06,0.92090395480226,0.9314015375517445,0.8942307692307693,0.7244444444444444,0.7308584686774942,0.6283783783783784,0.9878787878787879,1.0,1.0,2,0,0,62,116,275,0.9187185925128072,0.6945604305001057,0.9959595959595959,2,453
0.22,0.16,0.08,0.9188275084554679,0.926470588235294,0.9067862714508581,0.7180616740088106,0.7159090909090909,0.6605113636363636,0.9878787878787879,1.0,1.0,2,0,0,64,125,239,0.9187121849884938,0.6981607095180884,0.9959595959595959,2,428
0.19,0.14,0.12,0.9162011173184358,0.9215915740198947,0.9206349206349207,0.6978723404255319,0.7015590200445434,0.703030303030303,0.9939393939393939,1.0,0.9978494623655914,1,0,1,71,134,196,0.9187050149921705,0.7008205545001261,0.9972629521016617,2,401
0.22,0.19,0.07,0.9188275084554679,0.9306461173681091,0.9004647560030984,0.7180616740088106,0.7353629976580797,0.6440443213296398,0.9878787878787879,0.9968253968253968,1.0,2,1,0,64,113,257,0.9187005406387865,0.6991563309988433,0.9949013949013948,3,434
0.16,0.15,0.15,0.9116022099447514,0.9253819036427733,0.9263705482192878,0.673469387755102,0.7126696832579186,0.7245696400625978,1.0,1.0,0.9956989247311828,0,0,2,80,127,176,0.9186897857090653,0.7035695703585395,0.9985663082437276,2,383
0.29,0.14,0.05,0.9310344827586207,0.9215915740198947,0.8833586626139818,0.7714285714285715,0.7015590200445434,0.6023316062176166,0.9818181818181818,1.0,1.0,3,0,0,48,134,307,0.918666446108075,0.6917730658969105,0.993939393939394,3,489
0.21,0.14,0.14,0.914702581369248,0.9215915740198947,0.9241516966067865,0.7056277056277056,0.7015590200445434,0.7178294573643411,0.9878787878787879,1.0,0.9956989247311828,2,0,2,68,134,182,0.9186591022119497,0.7083387276788633,0.9945259042033235,4,384
0.19,0.19,0.08,0.9162011173184358,0.9306461173681091,0.9067862714508581,0.6978723404255319,0.7353629976580797,0.6605113636363636,0.9939393939393939,0.9968253968253968,1.0,1,1,0,71,113,239,0.9186516481598221,0.6979155672399918,0.996921596921597,2,423
0.23,0.12,0.12,0.92090395480226,0.9135730858468677,0.9206349206349207,0.7244444444444444,0.6788793103448276,0.703030303030303,0.9878787878787879,1.0,0.9978494623655914,2,0,1,62,149,196,0.9186508872821744,0.7021180192731916,0.9952427500814597,3,407
0.25,0.13,0.06,0.928246013667426,0.9189031505250874,0.8942307692307693,0.7477064220183486,0.6938325991189427,0.6283783783783784,0.9878787878787879,1.0,1.0,2,0,0,55,139,275,0.9186401058373931,0.6899724665052233,0.9959595959595959,2,469
0.2,0.18,0.07,0.9182530795072789,0.9314015375517445,0.9004647560030984,0.703862660944206,0.7308584686774942,0.6440443213296398,0.9939393939393939,1.0,1.0,1,0,0,69,116,257,0.9186399522197826,0.69292181698378,0.9979797979797981,1,442
0.22,0.2,0.07,0.9188275084554679,0.9304399524375744,0.9004647560030984,0.7180616740088106,0.7417061611374408,0.6440443213296398,0.9878787878787879,0.9936507936507937,1.0,2,2,0,64,109,257,0.918638691159626,0.7012707188252971,0.9938431938431939,4,430
0.26,0.12,0.06,0.9314285714285714,0.9135730858468677,0.8942307692307693,0.7581395348837209,0.6788793103448276,0.6283783783783784,0.9878787878787879,1.0,1.0,2,0,0,52,149,275,0.9186323653144999,0.6884657412023091,0.9959595959595959,2,476
0.17,0.14,0.14,0.9146341463414633,0.9215915740198947,0.9241516966067865,0.6818181818181818,0.7015590200445434,0.7178294573643411,1.0,1.0,0.9956989247311828,0,0,2,77,134,182,0.9186248846980574,0.7004022197423554,0.9985663082437276,2,393
0.21,0.16,0.11,0.914702581369248,0.926470588235294,0.916633741604109,0.7056277056277056,0.7159090909090909,0.6915052160953801,0.9878787878787879,1.0,0.9978494623655914,2,0,1,68,125,207,0.918619215476034,0.7043473375440589,0.9952427500814597,3,400
0.21,0.19,0.09,0.914702581369248,0.9306461173681091,0.9103367267032106,0.7056277056277056,0.7353629976580797,0.670028818443804,0.9878787878787879,0.9968253968253968,1.0,2,1,0,68,113,229,0.9186124712356989,0.7036731739098632,0.9949013949013948,3,410
0.27,0.13,0.05,0.9324942791762013,0.9189031505250874,0.8833586626139818,0.7616822429906542,0.6938325991189427,0.6023316062176166,0.9878787878787879,1.0,1.0,2,0,0,51,139,307,0.9185898172684231,0.6859488161090712,0.9959595959595959,2,497
0.28,0.13,0.05,0.9324942791762013,0.9189031505250874,0.8833586626139818,0.7616822429906542,0.6938325991189427,0.6023316062176166,0.9878787878787879,1.0,1.0,2,0,0,51,139,307,0.9185898172684231,0.6859488161090712,0.9959595959595959,2,497
0.17,0.16,0.11,0.9146341463414633,0.926470588235294,0.916633741604109,0.6818181818181818,0.7159090909090909,0.6915052160953801,1.0,1.0,0.9978494623655914,0,0,1,77,125,207,0.9185849979621417,0.6964108296075509,0.9992831541218639,1,409
0.16,0.16,0.14,0.9116022099447514,0.926470588235294,0.9241516966067865,0.673469387755102,0.7159090909090909,0.7178294573643411,1.0,1.0,0.9956989247311828,0,0,2,80,125,182,0.9185726207643212,0.7024026453428447,0.9985663082437276,2,387
0.21,0.2,0.09,0.914702581369248,0.9304399524375744,0.9103367267032106,0.7056277056277056,0.7417061611374408,0.670028818443804,0.9878787878787879,0.9936507936507937,1.0,2,2,0,68,109,229,0.9185506217565385,0.7057875617363168,0.9938431938431939,4,406
0.3,0.1,0.07,0.933179723502304,0.9062140391254315,0.9004647560030984,0.7788461538461539,0.6589958158995816,0.6440443213296398,0.9818181818181818,1.0,1.0,3,0,0,46,163,257,0.9185470246894012,0.6939620970251251,0.993939393939394,3,466
0.23,0.13,0.1,0.92090395480226,0.9189031505250874,0.911949685534591,0.7244444444444444,0.6938325991189427,0.6783625730994152,0.9878787878787879,1.0,0.9978494623655914,2,0,1,62,139,220,0.9185128596655744,0.6988798722209341,0.9952427500814597,3,421
0.21,0.17,0.1,0.914702581369248,0.9292035398230089,0.911949685534591,0.7056277056277056,0.7241379310344828,0.6783625730994152,0.9878787878787879,1.0,0.9978494623655914,2,0,1,68,120,220,0.9185022897384448,0.7027094032538678,0.9952427500814597,3,408
0.24,0.17,0.05,0.9261363636363638,0.9292035398230089,0.8833586626139818,0.740909090909091,0.7241379310344828,0.6023316062176166,0.9878787878787879,1.0,1.0,2,0,0,57,120,307,0.9185009762878809,0.6891262093870635,0.9959595959595959,2,484
0.24,0.12,0.08,0.9261363636363638,0.9135730858468677,0.9067862714508581,0.740909090909091,0.6788793103448276,0.6605113636363636,0.9878787878787879,1.0,1.0,2,0,0,57,149,239,0.9184973618624137,0.6934332549634274,0.9959595959595959,2,445
0.23,0.19,0.06,0.92090395480226,0.9306461173681091,0.8942307692307693,0.7244444444444444,0.7353629976580797,0.6283783783783784,0.9878787878787879,0.9968253968253968,1.0,2,1,0,62,113,275,0.9184919664577166,0.6960619401603009,0.9949013949013948,3,450
0.23,0.16,0.07,0.92090395480226,0.926470588235294,0.9004647560030984,0.7244444444444444,0.7159090909090909,0.6440443213296398,0.9878787878787879,1.0,1.0,2,0,0,62,125,257,0.9184861050723379,0.6947992855610584,0.9959595959595959,2,444
0.17,0.17,0.1,0.9146341463414633,0.9292035398230089,0.911949685534591,0.6818181818181818,0.7241379310344828,0.6783625730994152,1.0,1.0,0.9978494623655914,0,0,1,77,120,220,0.9184680722245525,0.6947728953173599,0.9992831541218639,1,417
0.26,0.11,0.07,0.9314285714285714,0.9088286208886325,0.9004647560030984,0.7581395348837209,0.6659619450317125,0.6440443213296398,0.9878787878787879,1.0,1.0,2,0,0,52,158,257,0.9184558231814952,0.6893819337483578,0.9959595959595959,2,467
0.21,0.21,0.08,0.914702581369248,0.9324566646742379,0.9067862714508581,0.7056277056277056,0.7554479418886199,0.6605113636363636,0.9878787878787879,0.9904761904761905,1.0,2,3,0,68,101,239,0.9184455443770669,0.7071956703842298,0.9927849927849928,5,408
0.29,0.12,0.06,0.9310344827586207,0.9135730858468677,0.8942307692307693,0.7714285714285715,0.6788793103448276,0.6283783783783784,0.9818181818181818,1.0,1.0,3,0,0,48,149,275,0.9184353209795245,0.6928954200505926,0.993939393939394,3,472
0.19,0.16,0.1,0.9162011173184358,0.926470588235294,0.911949685534591,0.6978723404255319,0.7159090909090909,0.6783625730994152,0.9939393939393939,1.0,0.9978494623655914,1,0,1,71,125,220,0.9184316722367243,0.6973813348113461,0.9972629521016617,2,416
0.23,0.2,0.06,0.92090395480226,0.9304399524375744,0.8942307692307693,0.7244444444444444,0.7417061611374408,0.6283783783783784,0.9878787878787879,0.9936507936507937,1.0,2,2,0,62,109,275,0.9184301169785561,0.6981763279867547,0.9938431938431939,4,446
0.2,0.16,0.08,0.9182530795072789,0.926470588235294,0.9067862714508581,0.703862660944206,0.7159090909090909,0.6605113636363636,0.9939393939393939,1.0,1.0,1,0,0,69,125,239,0.9184249705143992,0.6934277051632202,0.9979797979797981,1,433
0.2,0.19,0.07,0.9182530795072789,0.9306461173681091,0.9004647560030984,0.703862660944206,0.7353629976580797,0.6440443213296398,0.9939393939393939,0.9968253968253968,1.0,1,1,0,69,113,257,0.9184133261646918,0.6944233266439751,0.996921596921597,2,439
0.22,0.13,0.11,0.9188275084554679,0.9189031505250874,0.916633741604109,0.7180616740088106,0.6938325991189427,0.6915052160953801,0.9878787878787879,1.0,0.9978494623655914,2,0,1,64,139,207,0.9184114477060821,0.7011331630743779,0.9952427500814597,3,410
0.18,0.14,0.09,0.919732441471572,0.9215915740198947,0.9103367267032106,0.6962025316455697,0.7015590200445434,0.670028818443804,1.0,1.0,1.0,0,0,0,72,134,229,0.9184110382823966,0.6892634567113057,1.0,0,435
0.3,0.09,0.08,0.933179723502304,0.9015455065827132,0.9067862714508581,0.7788461538461539,0.6468172484599589,0.6605113636363636,0.9818181818181818,1.0,1.0,3,0,0,46,172,239,0.9184107680161375,0.6953915886474921,0.993939393939394,3,457
0.25,0.15,0.05,0.928246013667426,0.9253819036427733,0.8833586626139818,0.7477064220183486,0.7126696832579186,0.6023316062176166,0.9878787878787879,1.0,1.0,2,0,0,55,127,307,0.9184093104493413,0.6875692371646279,0.9959595959595959,2,489
0.24,0.14,0.06,0.9261363636363638,0.9215915740198947,0.8942307692307693,0.740909090909091,0.7015590200445434,0.6283783783783784,0.9878787878787879,1.0,1.0,2,0,0,57,134,275,0.9183918078703042,0.6902821631106709,0.9959595959595959,2,466
0.22,0.15,0.08,0.9188275084554679,0.9253819036427733,0.9067862714508581,0.7180616740088106,0.7126696832579186,0.6605113636363636,0.9878787878787879,1.0,1.0,2,0,0,64,127,239,0.9183855796107376,0.6970809069676976,0.9959595959595959,2,430
0.25,0.1,0.1,0.928246013667426,0.9062140391254315,0.911949685534591,0.7477064220183486,0.6589958158995816,0.6783625730994152,0.9878787878787879,1.0,0.9978494623655914,2,0,1,55,163,220,0.9183771556782606,0.6950216036724485,0.9952427500814597,3,438
0.2,0.2,0.07,0.9182530795072789,0.9304399524375744,0.9004647560030984,0.703862660944206,0.7417061611374408,0.6440443213296398,0.9939393939393939,0.9936507936507937,1.0,1,2,0,69,109,257,0.9183514766855314,0.6965377144704289,0.9958633958633959,3,435
0.22,0.22,0.06,0.9188275084554679,0.933572710951526,0.8942307692307693,0.7180616740088106,0.7591240875912408,0.6283783783783784,0.9878787878787879,0.9904761904761905,1.0,2,3,0,64,99,275,0.9183317213593456,0.7018547133261434,0.9927849927849928,5,438
0.21,0.15,0.11,0.914702581369248,0.9253819036427733,0.916633741604109,0.7056277056277056,0.7126696832579186,0.6915052160953801,0.9878787878787879,1.0,0.9978494623655914,2,0,1,68,127,207,0.9182926100982778,0.703267534993668,0.9952427500814597,3,402
0.25,0.12,0.07,0.928246013667426,0.9135730858468677,0.9004647560030984,0.7477064220183486,0.6788793103448276,0.6440443213296398,0.9878787878787879,1.0,1.0,2,0,0,55,149,257,0.918287883788393,0.6902100178976053,0.9959595959595959,2,461
0.23,0.14,0.08,0.92090395480226,0.9215915740198947,0.9067862714508581,0.7244444444444444,0.7015590200445434,0.6605113636363636,0.9878787878787879,1.0,1.0,2,0,0,62,134,239,0.91828670389727,0.6955049427084505,0.9959595959595959,2,435
0.22,0.14,0.1,0.9188275084554679,0.9215915740198947,0.911949685534591,0.7180616740088106,0.7015590200445434,0.6783625730994152,0.9878787878787879,1.0,0.9978494623655914,2,0,1,64,134,220,0.9182811635406205,0.6993277557175898,0.9952427500814597,3,418
0.22,0.17,0.07,0.9188275084554679,0.9292035398230089,0.9004647560030984,0.7180616740088106,0.7241379310344828,0.6440443213296398,0.9878787878787879,1.0,1.0,2,0,0,64,120,257,0.9182677673752564,0.695414642124311,0.9959595959595959,2,441
0.29,0.11,0.07,0.9310344827586207,0.9088286208886325,0.9004647560030984,0.7714285714285715,0.6659619450317125,0.6440443213296398,0.9818181818181818,1.0,1.0,3,0,0,48,158,257,0.9182587788465197,0.6938116125966413,0.993939393939394,3,463
0.17,0.15,0.11,0.9146341463414633,0.9253819036427733,0.916633741604109,0.6818181818181818,0.7126696832579186,0.6915052160953801,1.0,1.0,0.9978494623655914,0,0,1,77,127,207,0.9182583925843855,0.6953310270571601,0.9992831541218639,1,411
0.16,0.15,0.14,0.9116022099447514,0.9253819036427733,0.9241516966067865,0.673469387755102,0.7126696832579186,0.7178294573643411,1.0,1.0,0.9956989247311828,0,0,2,80,127,182,0.918246015386565,0.7013228427924538,0.9985663082437276,2,389
0.26,0.09,0.09,0.9314285714285714,0.9015455065827132,0.9103367267032106,0.7581395348837209,0.6468172484599589,0.670028818443804,0.9878787878787879,1.0,1.0,2,0,0,52,172,229,0.9182452830297417,0.6916618672624946,0.9959595959595959,2,453
0.19,0.17,0.08,0.9162011173184358,0.9292035398230089,0.9067862714508581,0.6978723404255319,0.7241379310344828,0.6605113636363636,0.9939393939393939,1.0,1.0,1,0,0,71,120,239,0.9182188748962921,0.6941738783654595,0.9979797979797981,1,430
0.21,0.14,0.13,0.914702581369248,0.9215915740198947,0.9219434488251693,0.7056277056277056,0.7015590200445434,0.7112135176651305,0.9878787878787879,1.0,0.9956989247311828,2,0,2,68,134,188,0.9182174526556263,0.7061334144457931,0.9945259042033235,4,390
0.27,0.1,0.07,0.9324942791762013,0.9062140391254315,0.9004647560030984,0.7616822429906542,0.6589958158995816,0.6440443213296398,0.9878787878787879,1.0,1.0,2,0,0,51,163,257,0.9182043025263498,0.6882407934066253,0.9959595959595959,2,471
0.28,0.1,0.07,0.9324942791762013,0.9062140391254315,0.9004647560030984,0.7616822429906542,0.6589958158995816,0.6440443213296398,0.9878787878787879,1.0,1.0,2,0,0,51,163,257,0.9182043025263498,0.6882407934066253,0.9959595959595959,2,471
0.23,0.13,0.09,0.92090395480226,0.9189031505250874,0.9103367267032106,0.7244444444444444,0.6938325991189427,0.670028818443804,0.9878787878787879,1.0,1.0,2,0,0,62,139,229,0.9181902678992984,0.696101954002397,0.9959595959595959,2,430
0.17,0.14,0.13,0.9146341463414633,0.9215915740198947,0.9219434488251693,0.6818181818181818,0.7015590200445434,0.7112135176651305,1.0,1.0,0.9956989247311828,0,0,2,77,134,188,0.9181832351417339,0.6981969065092852,0.9985663082437276,2,399
0.21,0.17,0.09,0.914702581369248,0.9292035398230089,0.9103367267032106,0.7056277056277056,0.7241379310344828,0.670028818443804,0.9878787878787879,1.0,1.0,2,0,0,68,120,229,0.9181796979721688,0.6999314850353309,0.9959595959595959,2,417
0.19,0.13,0.13,0.9162011173184358,0.9189031505250874,0.9219434488251693,0.6978723404255319,0.6938325991189427,0.7112135176651305,0.9939393939393939,1.0,0.9956989247311828,1,0,2,71,139,188,0.9181601935817779,0.7009728190698684,0.9965461062235256,3,398
0.23,0.15,0.07,0.92090395480226,0.9253819036427733,0.9004647560030984,0.7244444444444444,0.7126696832579186,0.6440443213296398,0.9878787878787879,1.0,1.0,2,0,0,62,127,257,0.9181594996945817,0.6937194830106677,0.9959595959595959,2,446
0.17,0.17,0.09,0.9146341463414633,0.9292035398230089,0.9103367267032106,0.6818181818181818,0.7241379310344828,0.670028818443804,1.0,1.0,1.0,0,0,0,77,120,229,0.9181454804582765,0.6919949770988228,1.0,0,426
0.18,0.18,0.06,0.919732441471572,0.9314015375517445,0.8942307692307693,0.6962025316455697,0.7308584686774942,0.6283783783783784,1.0,1.0,1.0,0,0,0,72,116,275,0.9181328358474632,0.6851464595671475,1.0,0,463
0.16,0.16,0.13,0.9116022099447514,0.926470588235294,0.9219434488251693,0.673469387755102,0.7159090909090909,0.7112135176651305,1.0,1.0,0.9956989247311828,0,0,2,80,125,188,0.9181309712079978,0.7001973321097745,0.9985663082437276,2,393
0.21,0.18,0.08,0.914702581369248,0.9314015375517445,0.9067862714508581,0.7056277056277056,0.7308584686774942,0.6605113636363636,0.9878787878787879,1.0,1.0,2,0,0,68,116,239,0.9181290062403189,0.6989991793138545,0.9959595959595959,2,423
0.25,0.11,0.08,0.928246013667426,0.9088286208886325,0.9067862714508581,0.7477064220183486,0.6659619450317125,0.6605113636363636,0.9878787878787879,1.0,1.0,2,0,0,55,158,239,0.9181288473904743,0.6913932435621416,0.9959595959595959,2,452
0.2,0.13,0.11,0.9182530795072789,0.9189031505250874,0.916633741604109,0.703862660944206,0.6938325991189427,0.6915052160953801,0.9939393939393939,1.0,0.9978494623655914,1,0,1,69,139,207,0.9181242332319874,0.6964001587195096,0.9972629521016617,2,415
0.19,0.16,0.09,0.9162011173184358,0.926470588235294,0.9103367267032106,0.6978723404255319,0.7159090909090909,0.670028818443804,0.9939393939393939,1.0,1.0,1,0,0,71,125,229,0.9181090804704483,0.694603416592809,0.9979797979797981,1,425
0.24,0.11,0.1,0.9261363636363638,0.9088286208886325,0.911949685534591,0.740909090909091,0.6659619450317125,0.6783625730994152,0.9878787878787879,1.0,0.9978494623655914,2,0,1,57,158,220,0.9181067051916898,0.6950778696800729,0.9952427500814597,3,435
0.19,0.15,0.1,0.9162011173184358,0.9253819036427733,0.911949685534591,0.6978723404255319,0.7126696832579186,0.6783625730994152,0.9939393939393939,1.0,0.9978494623655914,1,0,1,71,127,220,0.9181050668589681,0.6963015322609553,0.9972629521016617,2,418
0.2,0.15,0.08,0.9182530795072789,0.9253819036427733,0.9067862714508581,0.703862660944206,0.7126696832579186,0.6605113636363636,0.9939393939393939,1.0,1.0,1,0,0,69,127,239,0.918098365136643,0.6923479026128295,0.9979797979797981,1,435
0.3,0.11,0.06,0.933179723502304,0.9088286208886325,0.8942307692307693,0.7788461538461539,0.6659619450317125,0.6283783783783784,0.9818181818181818,1.0,1.0,3,0,0,46,158,275,0.9180846018638956,0.691062159085415,0.993939393939394,3,479
0.27,0.09,0.08,0.9324942791762013,0.9015455065827132,0.9067862714508581,0.7616822429906542,0.6468172484599589,0.6605113636363636,0.9878787878787879,1.0,1.0,2,0,0,51,172,239,0.9180680458530861,0.6896702850289923,0.9959595959595959,2,462
0.28,0.09,0.08,0.9324942791762013,0.9015455065827132,0.9067862714508581,0.7616822429906542,0.6468172484599589,0.6605113636363636,0.9878787878787879,1.0,1.0,2,0,0,51,172,239,0.9180680458530861,0.6896702850289923,0.9959595959595959,2,462
0.18,0.12,0.12,0.919732441471572,0.9135730858468677,0.9206349206349207,0.6962025316455697,0.6788793103448276,0.703030303030303,1.0,1.0,0.9978494623655914,0,0,1,72,149,196,0.9180651306168304,0.6927040483402335,0.9992831541218639,1,417
0.23,0.17,0.06,0.92090395480226,0.9292035398230089,0.8942307692307693,0.7244444444444444,0.7241379310344828,0.6283783783783784,0.9878787878787879,1.0,1.0,2,0,0,62,120,275,0.9180591931941865,0.6923202512857686,0.9959595959595959,2,457
0.26,0.13,0.05,0.9314285714285714,0.9189031505250874,0.8833586626139818,0.7581395348837209,0.6938325991189427,0.6023316062176166,0.9878787878787879,1.0,1.0,2,0,0,52,139,307,0.9180569633946082,0.68476791340676,0.9959595959595959,2,498
0.25,0.1,0.09,0.928246013667426,0.9062140391254315,0.9103367267032106,0.7477064220183486,0.6589958158995816,0.670028818443804,0.9878787878787879,1.0,1.0,2,0,0,55,163,229,0.9180545639119846,0.6922436854539114,0.9959595959595959,2,447
0.29,0.09,0.09,0.9310344827586207,0.9015455065827132,0.9103367267032106,0.7714285714285715,0.6468172484599589,0.670028818443804,0.9818181818181818,1.0,1.0,3,0,0,48,172,229,0.9180482386947665,0.6960915461107781,0.993939393939394,3,449
0.22,0.21,0.06,0.9188275084554679,0.9324566646742379,0.8942307692307693,0.7180616740088106,0.7554479418886199,0.6283783783783784,0.9878787878787879,0.9904761904761905,1.0,2,3,0,64,101,275,0.9179969074761591,0.7006293314252696,0.9927849927849928,5,440
0.2,0.14,0.1,0.9182530795072789,0.9215915740198947,0.911949685534591,0.703862660944206,0.7015590200445434,0.6783625730994152,0.9939393939393939,1.0,0.9978494623655914,1,0,1,69,134,220,0.9179939490665261,0.6945947513627214,0.9972629521016617,2,423
0.2,0.17,0.07,0.9182530795072789,0.9292035398230089,0.9004647560030984,0.703862660944206,0.7241379310344828,0.6440443213296398,0.9939393939393939,1.0,1.0,1,0,0,69,120,257,0.9179805529011618,0.6906816377694428,0.9979797979797981,1,446
0.22,0.14,0.09,0.9188275084554679,0.9215915740198947,0.9103367267032106,0.7180616740088106,0.7015590200445434,0.670028818443804,0.9878787878787879,1.0,1.0,2,0,0,64,134,229,0.9179585717743445,0.6965498374990527,0.9959595959595959,2,427
0.21,0.14,0.12,0.914702581369248,0.9215915740198947,0.9206349206349207,0.7056277056277056,0.7015590200445434,0.703030303030303,0.9878787878787879,1.0,0.9978494623655914,2,0,1,68,134,196,0.9179557470175765,0.7034056762341839,0.9952427500814597,3,398
0.18,0.13,0.1,0.919732441471572,0.9189031505250874,0.911949685534591,0.6962025316455697,0.6938325991189427,0.6783625730994152,1.0,1.0,0.9978494623655914,0,0,1,72,139,220,0.9179271030002304,0.6894659012879757,0.9992831541218639,1,431
0.17,0.14,0.12,0.9146341463414633,0.9215915740198947,0.9206349206349207,0.6818181818181818,0.7015590200445434,0.703030303030303,1.0,1.0,0.9978494623655914,0,0,1,77,134,196,0.9179215295036842,0.695469168297676,0.9992831541218639,1,407
0.19,0.14,0.11,0.9162011173184358,0.9215915740198947,0.916633741604109,0.6978723404255319,0.7015590200445434,0.6915052160953801,0.9939393939393939,1.0,0.9978494623655914,1,0,1,71,134,207,0.9179047791860082,0.6969788588551519,0.9972629521016617,2,412
0.21,0.19,0.08,0.914702581369248,0.9306461173681091,0.9067862714508581,0.7056277056277056,0.7353629976580797,0.6605113636363636,0.9878787878787879,0.9968253968253968,1.0,2,1,0,68,113,239,0.9179023801852284,0.7005006889740497,0.9949013949013948,3,420
0.18,0.16,0.07,0.919732441471572,0.926470588235294,0.9004647560030984,0.6962025316455697,0.7159090909090909,0.6440443213296398,1.0,1.0,1.0,0,0,0,72,125,257,0.9179003484069939,0.6853853146281002,1.0,0,454
0.19,0.13,0.12,0.9162011173184358,0.9189031505250874,0.9206349206349207,0.6978723404255319,0.6938325991189427,0.703030303030303,0.9939393939393939,1.0,0.9978494623655914,1,0,1,71,139,196,0.9178984879437282,0.6982450808582592,0.9972629521016617,2,406
0.16,0.16,0.12,0.9116022099447514,0.926470588235294,0.9206349206349207,0.673469387755102,0.7159090909090909,0.703030303030303,1.0,1.0,0.9978494623655914,0,0,1,80,125,196,0.9178692655699481,0.6974695938981653,0.9992831541218639,1,401
0.29,0.13,0.05,0.9310344827586207,0.9189031505250874,0.8833586626139818,0.7714285714285715,0.6938325991189427,0.6023316062176166,0.9818181818181818,1.0,1.0,3,0,0,48,139,307,0.9178599190596329,0.6891975922550436,0.993939393939394,3,494
0.23,0.12,0.11,0.92090395480226,0.9135730858468677,0.916633741604109,0.7244444444444444,0.6788793103448276,0.6915052160953801,0.9878787878787879,1.0,0.9978494623655914,2,0,1,62,149,207,0.9178506514760121,0.6982763236282175,0.9952427500814597,3,418
0.21,0.2,0.08,0.914702581369248,0.9304399524375744,0.9067862714508581,0.7056277056277056,0.7417061611374408,0.6605113636363636,0.9878787878787879,0.9936507936507937,1.0,2,2,0,68,109,239,0.917840530706068,0.7026150768005034,0.9938431938431939,4,416
0.16,0.15,0.13,0.9116022099447514,0.9253819036427733,0.9219434488251693,0.673469387755102,0.7126696832579186,0.7112135176651305,1.0,1.0,0.9956989247311828,0,0,2,80,127,188,0.9178043658302416,0.6991175295593837,0.9985663082437276,2,395
0.24,0.11,0.09,0.9261363636363638,0.9088286208886325,0.9103367267032106,0.740909090909091,0.6659619450317125,0.670028818443804,0.9878787878787879,1.0,1.0,2,0,0,57,158,229,0.9177841134254138,0.6922999514615359,0.9959595959595959,2,444
0.19,0.15,0.09,0.9162011173184358,0.9253819036427733,0.9103367267032106,0.6978723404255319,0.7126696832579186,0.670028818443804,0.9939393939393939,1.0,1.0,1,0,0,71,127,229,0.9177824750926921,0.6935236140424181,0.9979797979797981,1,427
0.27,0.11,0.06,0.9324942791762013,0.9088286208886325,0.8942307692307693,0.7616822429906542,0.6659619450317125,0.6283783783783784,0.9878787878787879,1.0,1.0,2,0,0,51,158,275,0.9177418797008443,0.685340855466915,0.9959595959595959,2,484
0.28,0.11,0.06,0.9324942791762013,0.9088286208886325,0.8942307692307693,0.7616822429906542,0.6659619450317125,0.6283783783783784,0.9878787878787879,1.0,1.0,2,0,0,51,158,275,0.9177418797008443,0.685340855466915,0.9959595959595959,2,484
0.18,0.14,0.08,0.919732441471572,0.9215915740198947,0.9067862714508581,0.6962025316455697,0.7015590200445434,0.6605113636363636,1.0,1.0,1.0,0,0,0,72,134,239,0.917700947231926,0.6860909717754923,1.0,0,445
0.21,0.16,0.1,0.914702581369248,0.926470588235294,0.911949685534591,0.7056277056277056,0.7159090909090909,0.6783625730994152,0.9878787878787879,1.0,0.9978494623655914,2,0,1,68,125,220,0.9176824042621303,0.699966456545404,0.9952427500814597,3,413
0.24,0.16,0.05,0.9261363636363638,0.926470588235294,0.8833586626139818,0.740909090909091,0.7159090909090909,0.6023316062176166,0.9878787878787879,1.0,1.0,2,0,0,57,125,307,0.9176810908115663,0.6863832626785995,0.9959595959595959,2,489
0.22,0.18,0.06,0.9188275084554679,0.9314015375517445,0.8942307692307693,0.7180616740088106,0.7308584686774942,0.6283783783783784,0.9878787878787879,1.0,1.0,2,0,0,64,116,275,0.9176803693394111,0.6924328403548944,0.9959595959595959,2,455
0.26,0.1,0.07,0.9314285714285714,0.9062140391254315,0.9004647560030984,0.7581395348837209,0.6589958158995816,0.6440443213296398,0.9878787878787879,1.0,1.0,2,0,0,52,163,257,0.9176714486525348,0.6870598907043141,0.9959595959595959,2,472
0.2,0.14,0.09,0.9182530795072789,0.9215915740198947,0.9103367267032106,0.703862660944206,0.7015590200445434,0.670028818443804,0.9939393939393939,1.0,1.0,1,0,0,69,134,229,0.9176713573002501,0.6918168331441845,0.9979797979797981,1,432
0.17,0.16,0.1,0.9146341463414633,0.926470588235294,0.911949685534591,0.6818181818181818,0.7159090909090909,0.6783625730994152,1.0,1.0,0.9978494623655914,0,0,1,77,125,220,0.917648186748238,0.692029948608896,0.9992831541218639,1,422
0.19,0.18,0.07,0.9162011173184358,0.9314015375517445,0.9004647560030984,0.6978723404255319,0.7308584686774942,0.6440443213296398,0.9939393939393939,1.0,1.0,1,0,0,71,116,257,0.917613971125361,0.6909250434775553,0.9979797979797981,1,444
0.22,0.12,0.12,0.9188275084554679,0.9135730858468677,0.9206349206349207,0.7180616740088106,0.6788793103448276,0.703030303030303,0.9878787878787879,1.0,0.9978494623655914,2,0,1,64,149,196,0.9176126641087784,0.6999904291279804,0.9952427500814597,3,409
0.18,0.13,0.09,0.919732441471572,0.9189031505250874,0.9103367267032106,0.6962025316455697,0.6938325991189427,0.670028818443804,1.0,1.0,1.0,0,0,0,72,139,229,0.9176045112339544,0.6866879830694388,1.0,0,440
0.24,0.13,0.06,0.9261363636363638,0.9189031505250874,0.8942307692307693,0.740909090909091,0.6938325991189427,0.6283783783783784,0.9878787878787879,1.0,1.0,2,0,0,57,139,275,0.917585280821862,0.6877066894688041,0.9959595959595959,2,471
0.18,0.15,0.07,0.919732441471572,0.9253819036427733,0.9004647560030984,0.6962025316455697,0.7126696832579186,0.6440443213296398,1.0,1.0,1.0,0,0,0,72,127,257,0.9175737430292377,0.6843055120777093,1.0,0,456
0.16,0.15,0.12,0.9116022099447514,0.9253819036427733,0.9206349206349207,0.673469387755102,0.7126696832579186,0.703030303030303,1.0,1.0,0.9978494623655914,0,0,1,80,127,196,0.9175426601921919,0.6963897913477745,0.9992831541218639,1,403
0.26,0.09,0.08,0.9314285714285714,0.9015455065827132,0.9067862714508581,0.7581395348837209,0.6468172484599589,0.6605113636363636,0.9878787878787879,1.0,1.0,2,0,0,52,172,239,0.9175351919792711,0.6884893823266811,0.9959595959595959,2,463
0.23,0.13,0.08,0.92090395480226,0.9189031505250874,0.9067862714508581,0.7244444444444444,0.6938325991189427,0.6605113636363636,0.9878787878787879,1.0,1.0,2,0,0,62,139,239,0.9174801768488279,0.6929294690665836,0.9959595959595959,2,440
0.22,0.13,0.1,0.9188275084554679,0.9189031505250874,0.911949685534591,0.7180616740088106,0.6938325991189427,0.6783625730994152,0.9878787878787879,1.0,0.9978494623655914,2,0,1,64,139,220,0.9174746364921784,0.6967522820757228,0.9952427500814597,3,423
0.29,0.1,0.07,0.9310344827586207,0.9062140391254315,0.9004647560030984,0.7714285714285715,0.6589958158995816,0.6440443213296398,0.9818181818181818,1.0,1.0,3,0,0,48,163,257,0.9174744043175596,0.6914895695525977,0.993939393939394,3,468
0.18,0.17,0.06,0.919732441471572,0.9292035398230089,0.8942307692307693,0.6962025316455697,0.7241379310344828,0.6283783783783784,1.0,1.0,1.0,0,0,0,72,120,275,0.9174734365288425,0.6829062803528103,1.0,0,467
0.21,0.17,0.08,0.914702581369248,0.9292035398230089,0.9067862714508581,0.7056277056277056,0.7241379310344828,0.6605113636363636,0.9878787878787879,1.0,1.0,2,0,0,68,120,239,0.9174696069216983,0.6967590000995174,0.9959595959595959,2,427
0.22,0.19,0.06,0.9188275084554679,0.9306461173681091,0.8942307692307693,0.7180616740088106,0.7353629976580797,0.6283783783783784,0.9878787878787879,0.9968253968253968,1.0,2,1,0,64,113,275,0.9174537432843206,0.6939343500150895,0.9949013949013948,3,452
0.22,0.16,0.07,0.9188275084554679,0.926470588235294,0.9004647560030984,0.7180616740088106,0.7159090909090909,0.6440443213296398,0.9878787878787879,1.0,1.0,2,0,0,64,125,257,0.9174478818989418,0.692671695415847,0.9959595959595959,2,446
0.17,0.17,0.08,0.9146341463414633,0.9292035398230089,0.9067862714508581,0.6818181818181818,0.7241379310344828,0.6605113636363636,1.0,1.0,1.0,0,0,0,77,120,239,0.917435389407806,0.6888224921630094,1.0,0,436
0.21,0.13,0.13,0.914702581369248,0.9189031505250874,0.9219434488251693,0.7056277056277056,0.6938325991189427,0.7112135176651305,0.9878787878787879,1.0,0.9956989247311828,2,0,2,68,139,188,0.9174109256071841,0.7035579408039263,0.9945259042033235,4,395
0.19,0.16,0.08,0.9162011173184358,0.926470588235294,0.9067862714508581,0.6978723404255319,0.7159090909090909,0.6605113636363636,0.9939393939393939,1.0,1.0,1,0,0,71,125,239,0.9173989894199777,0.6914309316569955,0.9979797979797981,1,435
0.2,0.18,0.06,0.9182530795072789,0.9314015375517445,0.8942307692307693,0.703862660944206,0.7308584686774942,0.6283783783783784,0.9939393939393939,1.0,1.0,1,0,0,69,116,275,0.9173931548653167,0.6876998360000263,0.9979797979797981,1,460
0.22,0.2,0.06,0.9188275084554679,0.9304399524375744,0.8942307692307693,0.7180616740088106,0.7417061611374408,0.6283783783783784,0.9878787878787879,0.9936507936507937,1.0,2,2,0,64,109,275,0.9173918938051602,0.6960487378415433,0.9938431938431939,4,448
0.19,0.19,0.07,0.9162011173184358,0.9306461173681091,0.9004647560030984,0.6978723404255319,0.7353629976580797,0.6440443213296398,0.9939393939393939,0.9968253968253968,1.0,1,1,0,71,113,257,0.9173873450702703,0.6924265531377505,0.996921596921597,2,441
0.17,0.13,0.13,0.9146341463414633,0.9189031505250874,0.9219434488251693,0.6818181818181818,0.6938325991189427,0.7112135176651305,1.0,1.0,0.9956989247311828,0,0,2,77,139,188,0.9173767080932917,0.6956214328674184,0.9985663082437276,2,404
0.23,0.23,0.05,0.92090395480226,0.934131736526946,0.8833586626139818,0.7244444444444444,0.7609756097560976,0.6023316062176166,0.9878787878787879,0.9904761904761905,1.0,2,3,0,62,98,307,0.9173632308820101,0.6959172201393863,0.9927849927849928,5,467
0.21,0.16,0.09,0.914702581369248,0.926470588235294,0.9103367267032106,0.7056277056277056,0.7159090909090909,0.670028818443804,0.9878787878787879,1.0,1.0,2,0,0,68,125,229,0.9173598124958543,0.6971885383268669,0.9959595959595959,2,422
0.21,0.15,0.1,0.914702581369248,0.9253819036427733,0.911949685534591,0.7056277056277056,0.7126696832579186,0.6783625730994152,0.9878787878787879,1.0,0.9978494623655914,2,0,1,68,127,220,0.9173557988843741,0.698886653995013,0.9952427500814597,3,415
0.24,0.15,0.05,0.9261363636363638,0.9253819036427733,0.8833586626139818,0.740909090909091,0.7126696832579186,0.6023316062176166,0.9878787878787879,1.0,1.0,2,0,0,57,127,307,0.9173544854338102,0.6853034601282086,0.9959595959595959,2,491
0.25,0.1,0.08,0.928246013667426,0.9062140391254315,0.9067862714508581,0.7477064220183486,0.6589958158995816,0.6605113636363636,0.9878787878787879,1.0,1.0,2,0,0,55,163,239,0.9173444728615141,0.6890712005180979,0.9959595959595959,2,457
0.29,0.09,0.08,0.9310344827586207,0.9015455065827132,0.9067862714508581,0.7714285714285715,0.6468172484599589,0.6605113636363636,0.9818181818181818,1.0,1.0,3,0,0,48,172,239,0.9173381476442959,0.6929190611749646,0.993939393939394,3,459
0.3,0.12,0.05,0.933179723502304,0.9135730858468677,0.8833586626139818,0.7788461538461539,0.6788793103448276,0.6023316062176166,0.9818181818181818,1.0,1.0,3,0,0,46,149,307,0.9173335200280087,0.6866856901361994,0.993939393939394,3,502
0.17,0.16,0.09,0.9146341463414633,0.926470588235294,0.9103367267032106,0.6818181818181818,0.7159090909090909,0.670028818443804,1.0,1.0,1.0,0,0,0,77,125,229,0.917325594981962,0.6892520303903589,1.0,0,431
0.2,0.12,0.12,0.9182530795072789,0.9135730858468677,0.9206349206349207,0.703862660944206,0.6788793103448276,0.703030303030303,0.9939393939393939,1.0,0.9978494623655914,1,0,1,69,149,196,0.9173254496346839,0.6952574247731121,0.9972629521016617,2,414
0.24,0.1,0.1,0.9261363636363638,0.9062140391254315,0.911949685534591,0.740909090909091,0.6589958158995816,0.6783625730994152,0.9878787878787879,1.0,0.9978494623655914,2,0,1,57,163,220,0.9173223306627295,0.6927558266360293,0.9952427500814597,3,440
0.17,0.15,0.1,0.9146341463414633,0.9253819036427733,0.911949685534591,0.6818181818181818,0.7126696832579186,0.6783625730994152,1.0,1.0,0.9978494623655914,0,0,1,77,127,220,0.9173215813704818,0.6909501460585051,0.9992831541218639,1,424
0.3,0.1,0.06,0.933179723502304,0.9062140391254315,0.8942307692307693,0.7788461538461539,0.6589958158995816,0.6283783783783784,0.9818181818181818,1.0,1.0,3,0,0,46,163,275,0.9173002273349353,0.6887401160413713,0.993939393939394,3,484
0.25,0.14,0.05,0.928246013667426,0.9215915740198947,0.8833586626139818,0.7477064220183486,0.7015590200445434,0.6023316062176166,0.9878787878787879,1.0,1.0,2,0,0,55,134,307,0.9172722115624777,0.6838656827601696,0.9959595959595959,2,496
0.18,0.12,0.11,0.919732441471572,0.9135730858468677,0.916633741604109,0.6962025316455697,0.6788793103448276,0.6915052160953801,1.0,1.0,0.9978494623655914,0,0,1,72,149,207,0.9172648948106681,0.6888623526952591,0.9992831541218639,1,428
0.22,0.14,0.08,0.9188275084554679,0.9215915740198947,0.9067862714508581,0.7180616740088106,0.7015590200445434,0.6605113636363636,0.9878787878787879,1.0,1.0,2,0,0,64,134,239,0.9172484807238739,0.6933773525632393,0.9959595959595959,2,437
0.23,0.16,0.06,0.92090395480226,0.926470588235294,0.8942307692307693,0.7244444444444444,0.7159090909090909,0.6283783783783784,0.9878787878787879,1.0,1.0,2,0,0,62,125,275,0.917239307717872,0.6895773045773046,0.9959595959595959,2,462
0.24,0.12,0.07,0.9261363636363638,0.9135730858468677,0.9004647560030984,0.740909090909091,0.6788793103448276,0.6440443213296398,0.9878787878787879,1.0,1.0,2,0,0,57,149,257,0.9172330587728619,0.6879442408611861,0.9959595959595959,2,463
0.26,0.11,0.06,0.9314285714285714,0.9088286208886325,0.8942307692307693,0.7581395348837209,0.6659619450317125,0.6283783783783784,0.9878787878787879,1.0,1.0,2,0,0,52,158,275,0.9172090258270293,0.684159952764604,0.9959595959595959,2,485
0.23,0.22,0.05,0.92090395480226,0.933572710951526,0.8833586626139818,0.7244444444444444,0.7591240875912408,0.6023316062176166,0.9878787878787879,0.9904761904761905,1.0,2,3,0,62,99,307,0.9171955232093841,0.695300046084434,0.9927849927849928,5,468
0.2,0.13,0.1,0.9182530795072789,0.9189031505250874,0.911949685534591,0.703862660944206,0.6938325991189427,0.6783625730994152,0.9939393939393939,1.0,0.9978494623655914,1,0,1,69,139,220,0.9171874220180838,0.6920192777208546,0.9972629521016617,2,428
0.15,0.15,0.15,0.908590308370044,0.9253819036427733,0.9263705482192878,0.6653225806451613,0.7126696832579186,0.7245696400625978,1.0,1.0,0.9956989247311828,0,0,2,83,127,176,0.9171838349217115,0.7008539679885591,0.9985663082437276,2,386
0.21,0.21,0.07,0.914702581369248,0.9324566646742379,0.9004647560030984,0.7056277056277056,0.7554479418886199,0.6440443213296398,0.9878787878787879,0.9904761904761905,1.0,2,3,0,68,101,257,0.9171812412875151,0.7017066562819885,0.9927849927849928,5,426
0.3,0.08,0.08,0.933179723502304,0.8974358974358974,0.9067862714508581,0.7788461538461539,0.6363636363636364,0.6605113636363636,0.9818181818181818,1.0,1.0,3,0,0,46,180,239,0.9171778852720929,0.6919070512820512,0.993939393939394,3,465
0.2,0.19,0.06,0.9182530795072789,0.9306461173681091,0.8942307692307693,0.703862660944206,0.7353629976580797,0.6283783783783784,0.9939393939393939,0.9968253968253968,1.0,1,1,0,69,113,275,0.917166528810226,0.6892013456602214,0.996921596921597,2,457
0.2,0.16,0.07,0.9182530795072789,0.926470588235294,0.9004647560030984,0.703862660944206,0.7159090909090909,0.6440443213296398,0.9939393939393939,1.0,1.0,1,0,0,69,125,257,0.9171606674248474,0.6879386910609789,0.9979797979797981,1,451
0.21,0.14,0.11,0.914702581369248,0.9215915740198947,0.916633741604109,0.7056277056277056,0.7015590200445434,0.6915052160953801,0.9878787878787879,1.0,0.9978494623655914,2,0,1,68,134,207,0.9171555112114143,0.6995639805892097,0.9952427500814597,3,409
0.22,0.13,0.09,0.9188275084554679,0.9189031505250874,0.9103367267032106,0.7180616740088106,0.6938325991189427,0.670028818443804,0.9878787878787879,1.0,1.0,2,0,0,64,139,229,0.9171520447259024,0.6939743638571857,0.9959595959595959,2,432
0.21,0.13,0.12,0.914702581369248,0.9189031505250874,0.9206349206349207,0.7056277056277056,0.6938325991189427,0.703030303030303,0.9878787878787879,1.0,0.9978494623655914,2,0,1,68,139,196,0.9171492199691343,0.7008302025923171,0.9952427500814597,3,403
0.3,0.09,0.07,0.933179723502304,0.9015455065827132,0.9004647560030984,0.7788461538461539,0.6468172484599589,0.6440443213296398,0.9818181818181818,1.0,1.0,3,0,0,46,172,257,0.9171464649265857,0.6899025745452508,0.993939393939394,3,475
0.17,0.14,0.11,0.9146341463414633,0.9215915740198947,0.916633741604109,0.6818181818181818,0.7015590200445434,0.6915052160953801,1.0,1.0,0.9978494623655914,0,0,1,77,134,207,0.9171212936975219,0.6916274726527017,0.9992831541218639,1,418
0.22,0.15,0.07,0.9188275084554679,0.9253819036427733,0.9004647560030984,0.7180616740088106,0.7126696832579186,0.6440443213296398,0.9878787878787879,1.0,1.0,2,0,0,64,127,257,0.9171212765211856,0.6915918928654564,0.9959595959595959,2,448
0.17,0.13,0.12,0.9146341463414633,0.9189031505250874,0.9206349206349207,0.6818181818181818,0.6938325991189427,0.703030303030303,1.0,1.0,0.9978494623655914,0,0,1,77,139,196,0.917115002455242,0.6928936946558092,0.9992831541218639,1,412
0.16,0.14,0.14,0.9116022099447514,0.9215915740198947,0.9241516966067865,0.673469387755102,0.7015590200445434,0.7178294573643411,1.0,1.0,0.9956989247311828,0,0,2,80,134,182,0.9171089164997014,0.6976192883879956,0.9985663082437276,2,396
0.2,0.2,0.06,0.9182530795072789,0.9304399524375744,0.8942307692307693,0.703862660944206,0.7417061611374408,0.6283783783783784,0.9939393939393939,0.9936507936507937,1.0,1,2,0,69,109,275,0.9171046793310655,0.6913157334866752,0.9958633958633959,3,453
0.19,0.13,0.11,0.9162011173184358,0.9189031505250874,0.916633741604109,0.6978723404255319,0.6938325991189427,0.6915052160953801,0.9939393939393939,1.0,0.9978494623655914,1,0,1,71,139,207,0.9170982521375659,0.6944033852132848,0.9972629521016617,2,417
0.24,0.11,0.08,0.9261363636363638,0.9088286208886325,0.9067862714508581,0.740909090909091,0.6659619450317125,0.6605113636363636,0.9878787878787879,1.0,1.0,2,0,0,57,158,239,0.9170740223749432,0.6891274665257224,0.9959595959595959,2,454
0.19,0.15,0.08,0.9162011173184358,0.9253819036427733,0.9067862714508581,0.6978723404255319,0.7126696832579186,0.6605113636363636,0.9939393939393939,1.0,1.0,1,0,0,71,127,239,0.9170723840422215,0.6903511291066047,0.9979797979797981,1,437
0.16,0.16,0.11,0.9116022099447514,0.926470588235294,0.916633741604109,0.673469387755102,0.7159090909090909,0.6915052160953801,1.0,1.0,0.9978494623655914,0,0,1,80,125,207,0.9170690297637858,0.693627898253191,0.9992831541218639,1,412
0.25,0.12,0.06,0.928246013667426,0.9135730858468677,0.8942307692307693,0.7477064220183486,0.6788793103448276,0.6283783783783784,0.9878787878787879,1.0,1.0,2,0,0,55,149,275,0.9170410864339271,0.6849880369138516,0.9959595959595959,2,479
0.21,0.15,0.09,0.914702581369248,0.9253819036427733,0.9103367267032106,0.7056277056277056,0.7126696832579186,0.670028818443804,0.9878787878787879,1.0,1.0,2,0,0,68,127,229,0.9170332071180981,0.696108735776476,0.9959595959595959,2,424
0.23,0.14,0.07,0.92090395480226,0.9215915740198947,0.9004647560030984,0.7244444444444444,0.7015590200445434,0.6440443213296398,0.9878787878787879,1.0,1.0,2,0,0,62,134,257,0.9170224008077181,0.6900159286062092,0.9959595959595959,2,453
0.22,0.17,0.06,0.9188275084554679,0.9292035398230089,0.8942307692307693,0.7180616740088106,0.7241379310344828,0.6283783783783784,0.9878787878787879,1.0,1.0,2,0,0,64,120,275,0.9170209700207905,0.6901926611405572,0.9959595959595959,2,459
0.29,0.11,0.06,0.9310344827586207,0.9088286208886325,0.8942307692307693,0.7714285714285715,0.6659619450317125,0.6283783783783784,0.9818181818181818,1.0,1.0,3,0,0,48,158,275,0.9170119814920539,0.6885896316128876,0.993939393939394,3,481
0.24,0.1,0.09,0.9261363636363638,0.9062140391254315,0.9103367267032106,0.740909090909091,0.6589958158995816,0.670028818443804,0.9878787878787879,1.0,1.0,2,0,0,57,163,229,0.9169997388964535,0.6899779084174922,0.9959595959595959,2,449
0.17,0.15,0.09,0.9146341463414633,0.9253819036427733,0.9103367267032106,0.6818181818181818,0.7126696832579186,0.670028818443804,1.0,1.0,1.0,0,0,0,77,127,229,0.9169989896042058,0.6881722278399681,1.0,0,433
0.27,0.12,0.05,0.9324942791762013,0.9135730858468677,0.8833586626139818,0.7616822429906542,0.6788793103448276,0.6023316062176166,0.9878787878787879,1.0,1.0,2,0,0,51,149,307,0.9169907978649573,0.6809643865176995,0.9959595959595959,2,507
0.28,0.12,0.05,0.9324942791762013,0.9135730858468677,0.8833586626139818,0.7616822429906542,0.6788793103448276,0.6023316062176166,0.9878787878787879,1.0,1.0,2,0,0,51,149,307,0.9169907978649573,0.6809643865176995,0.9959595959595959,2,507
0.19,0.14,0.1,0.9162011173184358,0.9215915740198947,0.911949685534591,0.6978723404255319,0.7015590200445434,0.6783625730994152,0.9939393939393939,1.0,0.9978494623655914,1,0,1,71,134,220,0.9169679679721046,0.6925979778564969,0.9972629521016617,2,425
0.2,0.14,0.08,0.9182530795072789,0.9215915740198947,0.9067862714508581,0.703862660944206,0.7015590200445434,0.6605113636363636,0.9939393939393939,1.0,1.0,1,0,0,69,134,239,0.9169612662497795,0.6886443482083711,0.9979797979797981,1,442
0.27,0.1,0.06,0.9324942791762013,0.9062140391254315,0.8942307692307693,0.7616822429906542,0.6589958158995816,0.6283783783783784,0.9878787878787879,1.0,1.0,2,0,0,51,163,275,0.9169575051718839,0.6830188124228714,0.9959595959595959,2,489
0.28,0.1,0.06,0.9324942791762013,0.9062140391254315,0.8942307692307693,0.7616822429906542,0.6589958158995816,0.6283783783783784,0.9878787878787879,1.0,1.0,2,0,0,51,163,275,0.9169575051718839,0.6830188124228714,0.9959595959595959,2,489
0.19,0.17,0.07,0.9162011173184358,0.9292035398230089,0.9004647560030984,0.6978723404255319,0.7241379310344828,0.6440443213296398,0.9939393939393939,1.0,1.0,1,0,0,71,120,257,0.9169545718067402,0.6886848642632182,0.9979797979797981,1,448
0.23,0.12,0.1,0.92090395480226,0.9135730858468677,0.911949685534591,0.7244444444444444,0.6788793103448276,0.6783625730994152,0.9878787878787879,1.0,0.9978494623655914,2,0,1,62,149,220,0.9169138402621084,0.6938954426295624,0.9952427500814597,3,431
0.23,0.15,0.06,0.92090395480226,0.9253819036427733,0.8942307692307693,0.7244444444444444,0.7126696832579186,0.6283783783783784,0.9878787878787879,1.0,1.0,2,0,0,62,127,275,0.9169127023401158,0.6884975020269138,0.9959595959595959,2,464
0.18,0.13,0.08,0.919732441471572,0.9189031505250874,0.9067862714508581,0.6962025316455697,0.6938325991189427,0.6605113636363636,1.0,1.0,1.0,0,0,0,72,139,239,0.9168944201834839,0.6835154981336253,1.0,0,450
0.2,0.13,0.09,0.9182530795072789,0.9189031505250874,0.9103367267032106,0.703862660944206,0.6938325991189427,0.670028818443804,0.9939393939393939,1.0,1.0,1,0,0,69,139,229,0.9168648302518078,0.6892413595023176,0.9979797979797981,1,437
0.21,0.18,0.07,0.914702581369248,0.9314015375517445,0.9004647560030984,0.7056277056277056,0.7308584686774942,0.6440443213296398,0.9878787878787879,1.0,1.0,2,0,0,68,116,257,0.9168647031507671,0.6935101652116131,0.9959595959595959,2,441
0.25,0.11,0.07,0.928246013667426,0.9088286208886325,0.9004647560030984,0.7477064220183486,0.6659619450317125,0.6440443213296398,0.9878787878787879,1.0,1.0,2,0,0,55,158,257,0.9168645443009225,0.6859042294599003,0.9959595959595959,2,470
0.23,0.21,0.05,0.92090395480226,0.9324566646742379,0.8833586626139818,0.7244444444444444,0.7554479418886199,0.6023316062176166,0.9878787878787879,0.9904761904761905,1.0,2,3,0,62,101,307,0.9168607093261977,0.6940746641835602,0.9927849927849928,5,470
0.27,0.08,0.08,0.9324942791762013,0.8974358974358974,0.9067862714508581,0.7616822429906542,0.6363636363636364,0.6605113636363636,0.9878787878787879,1.0,1.0,2,0,0,51,180,239,0.9168351631090415,0.6861857476635514,0.9959595959595959,2,470
0.28,0.08,0.08,0.9324942791762013,0.8974358974358974,0.9067862714508581,0.7616822429906542,0.6363636363636364,0.6605113636363636,0.9878787878787879,1.0,1.0,2,0,0,51,180,239,0.9168351631090415,0.6861857476635514,0.9959595959595959,2,470
0.2,0.15,0.07,0.9182530795072789,0.9253819036427733,0.9004647560030984,0.703862660944206,0.7126696832579186,0.6440443213296398,0.9939393939393939,1.0,1.0,1,0,0,69,127,257,0.9168340620470912,0.6868588885105882,0.9979797979797981,1,453
0.22,0.12,0.11,0.9188275084554679,0.9135730858468677,0.916633741604109,0.7180616740088106,0.6788793103448276,0.6915052160953801,0.9878787878787879,1.0,0.9978494623655914,2,0,1,64,149,207,0.9168124283026161,0.6961487334830062,0.9952427500814597,3,420
0.27,0.09,0.07,0.9324942791762013,0.9015455065827132,0.9004647560030984,0.7616822429906542,0.6468172484599589,0.6440443213296398,0.9878787878787879,1.0,1.0,2,0,0,51,172,257,0.9168037427635343,0.684181270926751,0.9959595959595959,2,480
0.28,0.09,0.07,0.9324942791762013,0.9015455065827132,0.9004647560030984,0.7616822429906542,0.6468172484599589,0.6440443213296398,0.9878787878787879,1.0,1.0,2,0,0,51,172,257,0.9168037427635343,0.684181270926751,0.9959595959595959,2,480
0.16,0.15,0.11,0.9116022099447514,0.9253819036427733,0.916633741604109,0.673469387755102,0.7126696832579186,0.6915052160953801,1.0,1.0,0.9978494623655914,0,0,1,80,127,207,0.9167424243860296,0.6925480957028002,0.9992831541218639,1,414
0.15,0.15,0.14,0.908590308370044,0.9253819036427733,0.9241516966067865,0.6653225806451613,0.7126696832579186,0.7178294573643411,1.0,1.0,0.9956989247311828,0,0,2,83,127,182,0.9167400645992112,0.6986072404224736,0.9985663082437276,2,392
0.2,0.17,0.06,0.9182530795072789,0.9292035398230089,0.8942307692307693,0.703862660944206,0.7241379310344828,0.6283783783783784,0.9939393939393939,1.0,1.0,1,0,0,69,120,275,0.9167337555466959,0.6854596567856891,0.9979797979797981,1,464
0.16,0.14,0.13,0.9116022099447514,0.9215915740198947,0.9219434488251693,0.673469387755102,0.7015590200445434,0.7112135176651305,1.0,1.0,0.9956989247311828,0,0,2,80,134,188,0.916667266943378,0.6954139751549254,0.9985663082437276,2,402
0.25,0.09,0.09,0.928246013667426,0.9015455065827132,0.9103367267032106,0.7477064220183486,0.6468172484599589,0.670028818443804,0.9878787878787879,1.0,1.0,2,0,0,55,172,229,0.9166540041491691,0.6881841629740372,0.9959595959595959,2,456
0.18,0.16,0.06,0.919732441471572,0.926470588235294,0.8942307692307693,0.6962025316455697,0.7159090909090909,0.6283783783783784,1.0,1.0,1.0,0,0,0,72,125,275,0.916653551052528,0.6801633336443463,1.0,0,472
0.21,0.16,0.08,0.914702581369248,0.926470588235294,0.9067862714508581,0.7056277056277056,0.7159090909090909,0.6605113636363636,0.9878787878787879,1.0,1.0,2,0,0,68,125,239,0.9166497214453837,0.6940160533910534,0.9959595959595959,2,432
0.19,0.14,0.09,0.9162011173184358,0.9215915740198947,0.9103367267032106,0.6978723404255319,0.7015590200445434,0.670028818443804,0.9939393939393939,1.0,1.0,1,0,0,71,134,229,0.9166453762058285,0.6898200596379599,0.9979797979797981,1,434
0.21,0.19,0.07,0.914702581369248,0.9306461173681091,0.9004647560030984,0.7056277056277056,0.7353629976580797,0.6440443213296398,0.9878787878787879,0.9968253968253968,1.0,2,1,0,68,113,257,0.9166380770956764,0.6950116748718084,0.9949013949013948,3,438
0.17,0.16,0.08,0.9146341463414633,0.926470588235294,0.9067862714508581,0.6818181818181818,0.7159090909090909,0.6605113636363636,1.0,1.0,1.0,0,0,0,77,125,239,0.9166155039314914,0.6860795454545454,1.0,0,441
0.23,0.12,0.09,0.92090395480226,0.9135730858468677,0.9103367267032106,0.7244444444444444,0.6788793103448276,0.670028818443804,0.9878787878787879,1.0,1.0,2,0,0,62,149,229,0.9165912484958324,0.6911175244110254,0.9959595959595959,2,440
0.21,0.2,0.07,0.914702581369248,0.9304399524375744,0.9004647560030984,0.7056277056277056,0.7417061611374408,0.6440443213296398,0.9878787878787879,0.9936507936507937,1.0,2,2,0,68,109,257,0.9165762276165159,0.697126062698262,0.9938431938431939,4,434
0.23,0.18,0.05,0.92090395480226,0.9314015375517445,0.8833586626139818,0.7244444444444444,0.7308584686774942,0.6023316062176166,0.9878787878787879,1.0,1.0,2,0,0,62,116,307,0.9165441711894496,0.685878173113185,0.9959595959595959,2,485
0.2,0.12,0.11,0.9182530795072789,0.9135730858468677,0.916633741604109,0.703862660944206,0.6788793103448276,0.6915052160953801,0.9939393939393939,1.0,0.9978494623655914,1,0,1,69,149,207,0.9165252138285216,0.6914157291281379,0.9972629521016617,2,425
0.25,0.13,0.05,0.928246013667426,0.9189031505250874,0.8833586626139818,0.7477064220183486,0.6938325991189427,0.6023316062176166,0.9878787878787879,1.0,1.0,2,0,0,55,139,307,0.9164656845140355,0.6812902091183025,0.9959595959595959,2,501
0.26,0.12,0.05,0.9314285714285714,0.9135730858468677,0.8833586626139818,0.7581395348837209,0.6788793103448276,0.6023316062176166,0.9878787878787879,1.0,1.0,2,0,0,52,149,307,0.9164579439911423,0.6797834838153883,0.9959595959595959,2,508
0.22,0.13,0.08,0.9188275084554679,0.9189031505250874,0.9067862714508581,0.7180616740088106,0.6938325991189427,0.6605113636363636,0.9878787878787879,1.0,1.0,2,0,0,64,139,239,0.9164419536754318,0.6908018789213722,0.9959595959595959,2,442
0.18,0.14,0.07,0.919732441471572,0.9215915740198947,0.9004647560030984,0.6962025316455697,0.7015590200445434,0.6440443213296398,1.0,1.0,1.0,0,0,0,72,134,257,0.9164366441423741,0.680601957673251,1.0,0,463
0.23,0.11,0.11,0.92090395480226,0.9088286208886325,0.916633741604109,0.7244444444444444,0.6659619450317125,0.6915052160953801,0.9878787878787879,1.0,0.9978494623655914,2,0,1,62,158,207,0.9164273119885415,0.6939705351905122,0.9952427500814597,3,427
0.26,0.1,0.06,0.9314285714285714,0.9062140391254315,0.8942307692307693,0.7581395348837209,0.6589958158995816,0.6283783783783784,0.9878787878787879,1.0,1.0,2,0,0,52,163,275,0.9164246512980689,0.6818379097205604,0.9959595959595959,2,490
0.16,0.14,0.12,0.9116022099447514,0.9215915740198947,0.9206349206349207,0.673469387755102,0.7015590200445434,0.703030303030303,1.0,1.0,0.9978494623655914,0,0,1,80,134,196,0.9164055613053282,0.6926862369433162,0.9992831541218639,1,410
0.19,0.18,0.06,0.9162011173184358,0.9314015375517445,0.8942307692307693,0.6978723404255319,0.7308584686774942,0.6283783783783784,0.9939393939393939,1.0,1.0,1,0,0,71,116,275,0.9163671737708952,0.6857030624938015,0.9979797979797981,1,462
0.21,0.13,0.11,0.914702581369248,0.9189031505250874,0.916633741604109,0.7056277056277056,0.6938325991189427,0.6915052160953801,0.9878787878787879,1.0,0.9978494623655914,2,0,1,68,139,207,0.9163489841629721,0.6969885069473428,0.9952427500814597,3,414
0.18,0.12,0.1,0.919732441471572,0.9135730858468677,0.911949685534591,0.6962025316455697,0.6788793103448276,0.6783625730994152,1.0,1.0,0.9978494623655914,0,0,1,72,149,220,0.9163280835967644,0.684481471696604,0.9992831541218639,1,441
0.18,0.15,0.06,0.919732441471572,0.9253819036427733,0.8942307692307693,0.6962025316455697,0.7126696832579186,0.6283783783783784,1.0,1.0,1.0,0,0,0,72,127,275,0.9163269456747718,0.6790835310939555,1.0,0,474
0.21,0.15,0.08,0.914702581369248,0.9253819036427733,0.9067862714508581,0.7056277056277056,0.7126696832579186,0.6605113636363636,0.9878787878787879,1.0,1.0,2,0,0,68,127,239,0.9163231160676275,0.6929362508406626,0.9959595959595959,2,434
0.23,0.19,0.05,0.92090395480226,0.9306461173681091,0.8833586626139818,0.7244444444444444,0.7353629976580797,0.6023316062176166,0.9878787878787879,0.9968253968253968,1.0,2,1,0,62,113,307,0.916317545134359,0.6873796827733801,0.9949013949013948,3,482
0.17,0.13,0.11,0.9146341463414633,0.9189031505250874,0.916633741604109,0.6818181818181818,0.6938325991189427,0.6915052160953801,1.0,1.0,0.9978494623655914,0,0,1,77,139,207,0.9163147666490797,0.6890519990108349,0.9992831541218639,1,423
0.26,0.08,0.08,0.9314285714285714,0.8974358974358974,0.9067862714508581,0.7581395348837209,0.6363636363636364,0.6605113636363636,0.9878787878787879,1.0,1.0,2,0,0,52,180,239,0.9163023092352265,0.6850048449612403,0.9959595959595959,2,471
0.19,0.12,0.12,0.9162011173184358,0.9135730858468677,0.9206349206349207,0.6978723404255319,0.6788793103448276,0.703030303030303,0.9939393939393939,1.0,0.9978494623655914,1,0,1,71,149,196,0.9162994685402623,0.6932606512668875,0.9972629521016617,2,416
0.15,0.15,0.13,0.908590308370044,0.9253819036427733,0.9219434488251693,0.6653225806451613,0.7126696832579186,0.7112135176651305,1.0,1.0,0.9956989247311828,0,0,2,83,127,188,0.9162984150428878,0.6964019271894034,0.9985663082437276,2,398
0.24,0.1,0.08,0.9261363636363638,0.9062140391254315,0.9067862714508581,0.740909090909091,0.6589958158995816,0.6605113636363636,0.9878787878787879,1.0,1.0,2,0,0,57,163,239,0.916289647845983,0.6868054234816787,0.9959595959595959,2,459
0.17,0.15,0.08,0.9146341463414633,0.9253819036427733,0.9067862714508581,0.6818181818181818,0.7126696832579186,0.6605113636363636,1.0,1.0,1.0,0,0,0,77,127,239,0.9162888985537352,0.6849997429041547,1.0,0,443
0.26,0.09,0.07,0.9314285714285714,0.9015455065827132,0.9004647560030984,0.7581395348837209,0.6468172484599589,0.6440443213296398,0.9878787878787879,1.0,1.0,2,0,0,52,172,257,0.9162708888897193,0.6830003682244398,0.9959595959595959,2,481
0.29,0.12,0.05,0.9310344827586207,0.9135730858468677,0.8833586626139818,0.7714285714285715,0.6788793103448276,0.6023316062176166,0.9818181818181818,1.0,1.0,3,0,0,48,149,307,0.916260899656167,0.6842131626636719,0.993939393939394,3,504
0.23,0.2,0.05,0.92090395480226,0.9304399524375744,0.8833586626139818,0.7244444444444444,0.7417061611374408,0.6023316062176166,0.9878787878787879,0.9936507936507937,1.0,2,2,0,62,109,307,0.9162556956551986,0.6894940705998339,0.9938431938431939,4,478
0.29,0.1,0.06,0.9310344827586207,0.9062140391254315,0.8942307692307693,0.7714285714285715,0.6589958158995816,0.6283783783783784,0.9818181818181818,1.0,1.0,3,0,0,48,163,275,0.9162276069630937,0.6862675885688438,0.993939393939394,3,486
0.21,0.14,0.1,0.914702581369248,0.9215915740198947,0.911949685534591,0.7056277056277056,0.7015590200445434,0.6783625730994152,0.9878787878787879,1.0,0.9978494623655914,2,0,1,68,134,220,0.9162186999975106,0.6951830995905547,0.9952427500814597,3,422
0.24,0.14,0.05,0.9261363636363638,0.9215915740198947,0.8833586626139818,0.740909090909091,0.7015590200445434,0.6023316062176166,0.9878787878787879,1.0,1.0,2,0,0,57,134,307,0.9162173865469466,0.6815999057237504,0.9959595959595959,2,498
0.23,0.13,0.07,0.92090395480226,0.9189031505250874,0.9004647560030984,0.7244444444444444,0.6938325991189427,0.6440443213296398,0.9878787878787879,1.0,1.0,2,0,0,62,139,257,0.9162158737592758,0.6874404549643423,0.9959595959595959,2,458
0.21,0.17,0.07,0.914702581369248,0.9292035398230089,0.9004647560030984,0.7056277056277056,0.7241379310344828,0.6440443213296398,0.9878787878787879,1.0,1.0,2,0,0,68,120,257,0.9162053038321463,0.6912699859972761,0.9959595959595959,2,445
0.22,0.16,0.06,0.9188275084554679,0.926470588235294,0.8942307692307693,0.7180616740088106,0.7159090909090909,0.6283783783783784,0.9878787878787879,1.0,1.0,2,0,0,64,125,275,0.916201084544476,0.6874497144320934,0.9959595959595959,2,464
0.17,0.14,0.1,0.9146341463414633,0.9215915740198947,0.911949685534591,0.6818181818181818,0.7015590200445434,0.6783625730994152,1.0,1.0,0.9978494623655914,0,0,1,77,134,220,0.9161844824836183,0.6872465916540467,0.9992831541218639,1,431
0.17,0.17,0.07,0.9146341463414633,0.9292035398230089,0.9004647560030984,0.6818181818181818,0.7241379310344828,0.6440443213296398,1.0,1.0,1.0,0,0,0,77,120,257,0.916171086318254,0.683333478060768,1.0,0,454
0.19,0.13,0.1,0.9162011173184358,0.9189031505250874,0.911949685534591,0.6978723404255319,0.6938325991189427,0.6783625730994152,0.9939393939393939,1.0,0.9978494623655914,1,0,1,71,139,220,0.9161614409236623,0.69002250421463,0.9972629521016617,2,430
0.22,0.22,0.05,0.9188275084554679,0.933572710951526,0.8833586626139818,0.7180616740088106,0.7591240875912408,0.6023316062176166,0.9878787878787879,0.9904761904761905,1.0,2,3,0,64,99,307,0.916157300035988,0.6931724559392226,0.9927849927849928,5,470
0.2,0.13,0.08,0.9182530795072789,0.9189031505250874,0.9067862714508581,0.703862660944206,0.6938325991189427,0.6605113636363636,0.9939393939393939,1.0,1.0,1,0,0,69,139,239,0.9161547392013372,0.6860688745665041,0.9979797979797981,1,447
0.19,0.19,0.06,0.9162011173184358,0.9306461173681091,0.8942307692307693,0.6978723404255319,0.7353629976580797,0.6283783783783784,0.9939393939393939,0.9968253968253968,1.0,1,1,0,71,113,275,0.9161405477158044,0.6872045721539967,0.996921596921597,2,459
0.19,0.16,0.07,0.9162011173184358,0.926470588235294,0.9004647560030984,0.6978723404255319,0.7159090909090909,0.6440443213296398,0.9939393939393939,1.0,1.0,1,0,0,71,125,257,0.9161346863304258,0.6859419175547542,0.9979797979797981,1,453
0.16,0.16,0.1,0.9116022099447514,0.926470588235294,0.911949685534591,0.673469387755102,0.7159090909090909,0.6783625730994152,1.0,1.0,0.9978494623655914,0,0,1,80,125,220,0.9161322185498821,0.6892470172545361,0.9992831541218639,1,425
0.29,0.08,0.08,0.9310344827586207,0.8974358974358974,0.9067862714508581,0.7714285714285715,0.6363636363636364,0.6605113636363636,0.9818181818181818,1.0,1.0,3,0,0,48,180,239,0.9161052649002512,0.6894345238095237,0.993939393939394,3,467
0.25,0.1,0.07,0.928246013667426,0.9062140391254315,0.9004647560030984,0.7477064220183486,0.6589958158995816,0.6440443213296398,0.9878787878787879,1.0,1.0,2,0,0,55,163,257,0.916080169771962,0.6835821864158568,0.9959595959595959,2,475
0.29,0.09,0.07,0.9310344827586207,0.9015455065827132,0.9004647560030984,0.7714285714285715,0.6468172484599589,0.6440443213296398,0.9818181818181818,1.0,1.0,3,0,0,48,172,257,0.916073844554744,0.6874300470727235,0.993939393939394,3,477
0.15,0.15,0.12,0.908590308370044,0.9253819036427733,0.9206349206349207,0.6653225806451613,0.7126696832579186,0.703030303030303,1.0,1.0,0.9978494623655914,0,0,1,83,127,196,0.9160367094048381,0.6936741889777943,0.9992831541218639,1,406
0.18,0.12,0.09,0.919732441471572,0.9135730858468677,0.9103367267032106,0.6962025316455697,0.6788793103448276,0.670028818443804,1.0,1.0,1.0,0,0,0,72,149,229,0.9160054918304884,0.6817035534780671,1.0,0,450
0.24,0.12,0.06,0.9261363636363638,0.9135730858468677,0.8942307692307693,0.740909090909091,0.6788793103448276,0.6283783783783784,0.9878787878787879,1.0,1.0,2,0,0,57,149,275,0.915986261418396,0.6827222598774324,0.9959595959595959,2,481
0.22,0.14,0.07,0.9188275084554679,0.9215915740198947,0.9004647560030984,0.7180616740088106,0.7015590200445434,0.6440443213296398,0.9878787878787879,1.0,1.0,2,0,0,64,134,257,0.915984177634322,0.687888338460998,0.9959595959595959,2,455
0.18,0.18,0.05,0.919732441471572,0.9314015375517445,0.8833586626139818,0.6962025316455697,0.7308584686774942,0.6023316062176166,1.0,1.0,1.0,0,0,0,72,116,307,0.9159584145241056,0.6764642021802268,1.0,0,495
0.25,0.09,0.08,0.928246013667426,0.9015455065827132,0.9067862714508581,0.7477064220183486,0.6468172484599589,0.6605113636363636,0.9878787878787879,1.0,1.0,2,0,0,55,172,239,0.9159439130986986,0.6850116780382237,0.9959595959595959,2,466
0.19,0.14,0.08,0.9162011173184358,0.9215915740198947,0.9067862714508581,0.6978723404255319,0.7015590200445434,0.6605113636363636,0.9939393939393939,1.0,1.0,1,0,0,71,134,239,0.9159352851553579,0.6866475747021464,0.9979797979797981,1,444
0.21,0.21,0.06,0.914702581369248,0.9324566646742379,0.8942307692307693,0.7056277056277056,0.7554479418886199,0.6283783783783784,0.9878787878787879,0.9904761904761905,1.0,2,3,0,68,101,275,0.9159344439330492,0.6964846752982347,0.9927849927849928,5,444
0.2,0.16,0.06,0.9182530795072789,0.926470588235294,0.8942307692307693,0.703862660944206,0.7159090909090909,0.6283783783783784,0.9939393939393939,1.0,1.0,1,0,0,69,125,275,0.9159138700703815,0.6827167100772251,0.9979797979797981,1,469
0.3,0.08,0.07,0.933179723502304,0.8974358974358974,0.9004647560030984,0.7788461538461539,0.6363636363636364,0.6440443213296398,0.9818181818181818,1.0,1.0,3,0,0,46,180,257,0.915913582182541,0.6864180371798101,0.993939393939394,3,483
0.3,0.11,0.05,0.933179723502304,0.9088286208886325,0.8833586626139818,0.7788461538461539,0.6659619450317125,0.6023316062176166,0.9818181818181818,1.0,1.0,3,0,0,46,158,307,0.9159101805405381,0.6823799016984943,0.993939393939394,3,511
0.3,0.09,0.06,0.933179723502304,0.9015455065827132,0.8942307692307693,0.7788461538461539,0.6468172484599589,0.6283783783783784,0.9818181818181818,1.0,1.0,3,0,0,46,172,275,0.9158996675721198,0.684680593561497,0.993939393939394,3,493
0.21,0.14,0.09,0.914702581369248,0.9215915740198947,0.9103367267032106,0.7056277056277056,0.7015590200445434,0.670028818443804,0.9878787878787879,1.0,1.0,2,0,0,68,134,229,0.9158961082312346,0.6924051813720177,0.9959595959595959,2,431
0.23,0.17,0.05,0.92090395480226,0.9292035398230089,0.8833586626139818,0.7244444444444444,0.7241379310344828,0.6023316062176166,0.9878787878787879,1.0,1.0,2,0,0,62,120,307,0.915884771870829,0.6836379938988478,0.9959595959595959,2,489
0.23,0.12,0.08,0.92090395480226,0.9135730858468677,0.9067862714508581,0.7244444444444444,0.6788793103448276,0.6605113636363636,0.9878787878787879,1.0,1.0,2,0,0,62,149,239,0.9158811574453618,0.6879450394752119,0.9959595959595959,2,450
0.22,0.12,0.1,0.9188275084554679,0.9135730858468677,0.911949685534591,0.7180616740088106,0.6788793103448276,0.6783625730994152,0.9878787878787879,1.0,0.9978494623655914,2,0,1,64,149,220,0.9158756170887125,0.6917678524843511,0.9952427500814597,3,433
0.22,0.15,0.06,0.9188275084554679,0.9253819036427733,0.8942307692307693,0.7180616740088106,0.7126696832579186,0.6283783783783784,0.9878787878787879,1.0,1.0,2,0,0,64,127,275,0.9158744791667198,0.6863699118817026,0.9959595959595959,2,466
0.17,0.14,0.09,0.9146341463414633,0.9215915740198947,0.9103367267032106,0.6818181818181818,0.7015590200445434,0.670028818443804,1.0,1.0,1.0,0,0,0,77,134,229,0.9158618907173423,0.6844686734355098,1.0,0,440
0.16,0.13,0.13,0.9116022099447514,0.9189031505250874,0.9219434488251693,0.673469387755102,0.6938325991189427,0.7112135176651305,1.0,1.0,0.9956989247311828,0,0,2,80,139,188,0.9158607398949358,0.6928385015130584,0.9985663082437276,2,407
0.18,0.11,0.11,0.919732441471572,0.9088286208886325,0.916633741604109,0.6962025316455697,0.6659619450317125,0.6915052160953801,1.0,1.0,0.9978494623655914,0,0,1,72,158,207,0.9158415553231976,0.6845565642575541,0.9992831541218639,1,437
0.19,0.13,0.09,0.9162011173184358,0.9189031505250874,0.9103367267032106,0.6978723404255319,0.6938325991189427,0.670028818443804,0.9939393939393939,1.0,1.0,1,0,0,71,139,229,0.9158388491573862,0.6872445859960928,0.9979797979797981,1,439
0.22,0.21,0.05,0.9188275084554679,0.9324566646742379,0.8833586626139818,0.7180616740088106,0.7554479418886199,0.6023316062176166,0.9878787878787879,0.9904761904761905,1.0,2,3,0,64,101,307,0.9158224861528016,0.691947074038349,0.9927849927849928,5,472
0.24,0.11,0.07,0.9261363636363638,0.9088286208886325,0.9004647560030984,0.740909090909091,0.6659619450317125,0.6440443213296398,0.9878787878787879,1.0,1.0,2,0,0,57,158,257,0.9158097192853913,0.6836384524234811,0.9959595959595959,2,472
0.16,0.16,0.09,0.9116022099447514,0.926470588235294,0.9103367267032106,0.673469387755102,0.7159090909090909,0.670028818443804,1.0,1.0,1.0,0,0,0,80,125,229,0.9158096267836061,0.6864690990359991,1.0,0,434
0.19,0.15,0.07,0.9162011173184358,0.9253819036427733,0.9004647560030984,0.6978723404255319,0.7126696832579186,0.6440443213296398,0.9939393939393939,1.0,1.0,1,0,0,71,127,257,0.9158080809526696,0.6848621150043636,0.9979797979797981,1,455
0.16,0.15,0.1,0.9116022099447514,0.9253819036427733,0.911949685534591,0.673469387755102,0.7126696832579186,0.6783625730994152,1.0,1.0,0.9978494623655914,0,0,1,80,127,220,0.9158056131721259,0.6881672147041452,0.9992831541218639,1,427
0.23,0.14,0.06,0.92090395480226,0.9215915740198947,0.8942307692307693,0.7244444444444444,0.7015590200445434,0.6283783783783784,0.9878787878787879,1.0,1.0,2,0,0,62,134,275,0.9157756034532523,0.6847939476224555,0.9959595959595959,2,471
0.19,0.17,0.06,0.9162011173184358,0.9292035398230089,0.8942307692307693,0.6978723404255319,0.7241379310344828,0.6283783783783784,0.9939393939393939,1.0,1.0,1,0,0,71,120,275,0.9157077744522744,0.6834628832794644,0.9979797979797981,1,466
0.2,0.14,0.07,0.9182530795072789,0.9215915740198947,0.9004647560030984,0.703862660944206,0.7015590200445434,0.6440443213296398,0.9939393939393939,1.0,1.0,1,0,0,69,134,257,0.9156969631602276,0.6831553341061297,0.9979797979797981,1,460
0.18,0.13,0.07,0.919732441471572,0.9189031505250874,0.9004647560030984,0.6962025316455697,0.6938325991189427,0.6440443213296398,1.0,1.0,1.0,0,0,0,72,139,257,0.9156301170939318,0.678026484031384,1.0,0,468
0.21,0.18,0.06,0.914702581369248,0.9314015375517445,0.8942307692307693,0.7056277056277056,0.7308584686774942,0.6283783783783784,0.9878787878787879,1.0,1.0,2,0,0,68,116,275,0.9156179057963012,0.6882881842278593,0.9959595959595959,2,459
0.25,0.11,0.06,0.928246013667426,0.9088286208886325,0.8942307692307693,0.7477064220183486,0.6659619450317125,0.6283783783783784,0.9878787878787879,1.0,1.0,2,0,0,55,158,275,0.9156177469464566,0.6806822484761464,0.9959595959595959,2,488
0.16,0.14,0.11,0.9116022099447514,0.9215915740198947,0.916633741604109,0.673469387755102,0.7015590200445434,0.6915052160953801,1.0,1.0,0.9978494623655914,0,0,1,80,134,207,0.915605325499166,0.6888445412983418,0.9992831541218639,1,421
0.15,0.14,0.14,0.908590308370044,0.9215915740198947,0.9241516966067865,0.6653225806451613,0.7015590200445434,0.7178294573643411,1.0,1.0,0.9956989247311828,0,0,2,83,134,182,0.9156029657123477,0.6949036860180152,0.9985663082437276,2,399
0.24,0.09,0.09,0.9261363636363638,0.9015455065827132,0.9103367267032106,0.740909090909091,0.6468172484599589,0.670028818443804,0.9878787878787879,1.0,1.0,2,0,0,57,172,229,0.915599179133638,0.685918385937618,0.9959595959595959,2,458
0.16,0.13,0.12,0.9116022099447514,0.9189031505250874,0.9206349206349207,0.673469387755102,0.6938325991189427,0.703030303030303,1.0,1.0,0.9978494623655914,0,0,1,80,139,196,0.915599034256886,0.6901107633014493,0.9992831541218639,1,415
0.2,0.12,0.1,0.9182530795072789,0.9135730858468677,0.911949685534591,0.703862660944206,0.6788793103448276,0.6783625730994152,0.9939393939393939,1.0,0.9978494623655914,1,0,1,69,149,220,0.9155884026146179,0.6870348481294829,0.9972629521016617,2,438
0.2,0.15,0.06,0.9182530795072789,0.9253819036427733,0.8942307692307693,0.703862660944206,0.7126696832579186,0.6283783783783784,0.9939393939393939,1.0,1.0,1,0,0,69,127,275,0.9155872646926253,0.6816369075268344,0.9979797979797981,1,471
0.27,0.08,0.07,0.9324942791762013,0.8974358974358974,0.9004647560030984,0.7616822429906542,0.6363636363636364,0.6440443213296398,0.9878787878787879,1.0,1.0,2,0,0,51,180,257,0.9155708600194896,0.6806967335613101,0.9959595959595959,2,488
0.28,0.08,0.07,0.9324942791762013,0.8974358974358974,0.9004647560030984,0.7616822429906542,0.6363636363636364,0.6440443213296398,0.9878787878787879,1.0,1.0,2,0,0,51,180,257,0.9155708600194896,0.6806967335613101,0.9959595959595959,2,488
0.27,0.11,0.05,0.9324942791762013,0.9088286208886325,0.8833586626139818,0.7616822429906542,0.6659619450317125,0.6023316062176166,0.9878787878787879,1.0,1.0,2,0,0,51,158,307,0.9155674583774868,0.6766585980799945,0.9959595959595959,2,516
0.28,0.11,0.05,0.9324942791762013,0.9088286208886325,0.8833586626139818,0.7616822429906542,0.6659619450317125,0.6023316062176166,0.9878787878787879,1.0,1.0,2,0,0,51,158,307,0.9155674583774868,0.6766585980799945,0.9959595959595959,2,516
0.27,0.09,0.06,0.9324942791762013,0.9015455065827132,0.8942307692307693,0.7616822429906542,0.6468172484599589,0.6283783783783784,0.9878787878787879,1.0,1.0,2,0,0,51,172,275,0.9155569454090684,0.6789592899429971,0.9959595959595959,2,498
0.28,0.09,0.06,0.9324942791762013,0.9015455065827132,0.8942307692307693,0.7616822429906542,0.6468172484599589,0.6283783783783784,0.9878787878787879,1.0,1.0,2,0,0,51,172,275,0.9155569454090684,0.6789592899429971,0.9959595959595959,2,498
0.22,0.12,0.09,0.9188275084554679,0.9135730858468677,0.9103367267032106,0.7180616740088106,0.6788793103448276,0.670028818443804,0.9878787878787879,1.0,1.0,2,0,0,64,149,229,0.9155530253224364,0.688989934265814,0.9959595959595959,2,442
0.21,0.12,0.12,0.914702581369248,0.9135730858468677,0.9206349206349207,0.7056277056277056,0.6788793103448276,0.703030303030303,0.9878787878787879,1.0,0.9978494623655914,2,0,1,68,149,196,0.9155502005656684,0.6958457730009454,0.9952427500814597,3,413
0.17,0.12,0.12,0.9146341463414633,0.9135730858468677,0.9206349206349207,0.6818181818181818,0.6788793103448276,0.703030303030303,1.0,1.0,0.9978494623655914,0,0,1,77,149,196,0.9155159830517761,0.6879092650644375,0.9992831541218639,1,422
0.22,0.18,0.05,0.9188275084554679,0.9314015375517445,0.8833586626139818,0.7180616740088106,0.7308584686774942,0.6023316062176166,0.9878787878787879,1.0,1.0,2,0,0,64,116,307,0.9155059480160536,0.6837505829679738,0.9959595959595959,2,487
0.19,0.12,0.11,0.9162011173184358,0.9135730858468677,0.916633741604109,0.6978723404255319,0.6788793103448276,0.6915052160953801,0.9939393939393939,1.0,0.9978494623655914,1,0,1,71,149,207,0.9154992327341,0.6894189556219131,0.9972629521016617,2,427
0.23,0.11,0.1,0.92090395480226,0.9088286208886325,0.911949685534591,0.7244444444444444,0.6659619450317125,0.6783625730994152,0.9878787878787879,1.0,0.9978494623655914,2,0,1,62,158,220,0.9154905007746379,0.6895896541918574,0.9952427500814597,3,440
0.16,0.15,0.09,0.9116022099447514,0.9253819036427733,0.9103367267032106,0.673469387755102,0.7126696832579186,0.670028818443804,1.0,1.0,1.0,0,0,0,80,127,229,0.9154830214058499,0.6853892964856082,1.0,0,436
0.21,0.13,0.1,0.914702581369248,0.9189031505250874,0.911949685534591,0.7056277056277056,0.6938325991189427,0.6783625730994152,0.9878787878787879,1.0,0.9978494623655914,2,0,1,68,139,220,0.9154121729490684,0.6926076259486879,0.9952427500814597,3,427
0.24,0.13,0.05,0.9261363636363638,0.9189031505250874,0.8833586626139818,0.740909090909091,0.6938325991189427,0.6023316062176166,0.9878787878787879,1.0,1.0,2,0,0,57,139,307,0.9154108594985044,0.6790244320818833,0.9959595959595959,2,503
0.21,0.19,0.06,0.914702581369248,0.9306461173681091,0.8942307692307693,0.7056277056277056,0.7353629976580797,0.6283783783783784,0.9878787878787879,0.9968253968253968,1.0,2,1,0,68,113,275,0.9153912797412106,0.6897896938880547,0.9949013949013948,3,456
0.22,0.11,0.11,0.9188275084554679,0.9088286208886325,0.916633741604109,0.7180616740088106,0.6659619450317125,0.6915052160953801,0.9878787878787879,1.0,0.9978494623655914,2,0,1,64,158,207,0.9153890888151455,0.691842945045301,0.9952427500814597,3,429
0.21,0.16,0.07,0.914702581369248,0.926470588235294,0.9004647560030984,0.7056277056277056,0.7159090909090909,0.6440443213296398,0.9878787878787879,1.0,1.0,2,0,0,68,125,257,0.9153854183558319,0.6885270392888122,0.9959595959595959,2,450
0.17,0.13,0.1,0.9146341463414633,0.9189031505250874,0.911949685534591,0.6818181818181818,0.6938325991189427,0.6783625730994152,1.0,1.0,0.9978494623655914,0,0,1,77,139,220,0.9153779554351761,0.68467111801218,0.9992831541218639,1,436
0.17,0.16,0.07,0.9146341463414633,0.926470588235294,0.9004647560030984,0.6818181818181818,0.7159090909090909,0.6440443213296398,1.0,1.0,1.0,0,0,0,77,125,257,0.9153512008419395,0.6805905313523043,1.0,0,459
0.21,0.2,0.06,0.914702581369248,0.9304399524375744,0.8942307692307693,0.7056277056277056,0.7417061611374408,0.6283783783783784,0.9878787878787879,0.9936507936507937,1.0,2,2,0,68,109,275,0.9153294302620502,0.6919040817145082,0.9938431938431939,4,452
0.18,0.17,0.05,0.919732441471572,0.9292035398230089,0.8833586626139818,0.6962025316455697,0.7241379310344828,0.6023316062176166,1.0,1.0,1.0,0,0,0,72,120,307,0.915299015205485,0.6742240229658897,1.0,0,499
0.18,0.12,0.08,0.919732441471572,0.9135730858468677,0.9067862714508581,0.6962025316455697,0.6788793103448276,0.6605113636363636,1.0,1.0,1.0,0,0,0,72,149,239,0.9152954007800178,0.6785310685422536,1.0,0,460
0.22,0.19,0.05,0.9188275084554679,0.9306461173681091,0.8833586626139818,0.7180616740088106,0.7353629976580797,0.6023316062176166,0.9878787878787879,0.9968253968253968,1.0,2,1,0,64,113,307,0.9152793219609631,0.6852520926281689,0.9949013949013948,3,484
0.2,0.12,0.09,0.9182530795072789,0.9135730858468677,0.9103367267032106,0.703862660944206,0.6788793103448276,0.670028818443804,0.9939393939393939,1.0,1.0,1,0,0,69,149,229,0.9152658108483419,0.6842569299109459,0.9979797979797981,1,447
0.15,0.15,0.11,0.908590308370044,0.9253819036427733,0.916633741604109,0.6653225806451613,0.7126696832579186,0.6915052160953801,1.0,1.0,0.9978494623655914,0,0,1,83,127,207,0.9152364735986758,0.6898324933328199,0.9992831541218639,1,417
0.2,0.18,0.05,0.9182530795072789,0.9314015375517445,0.8833586626139818,0.703862660944206,0.7308584686774942,0.6023316062176166,0.9939393939393939,1.0,1.0,1,0,0,69,116,307,0.9152187335419592,0.6790175786131055,0.9979797979797981,1,492
0.22,0.2,0.05,0.9188275084554679,0.9304399524375744,0.8833586626139818,0.7180616740088106,0.7417061611374408,0.6023316062176166,0.9878787878787879,0.9936507936507937,1.0,2,2,0,64,109,307,0.9152174724818026,0.6873664804546227,0.9938431938431939,4,480
0.18,0.14,0.06,0.919732441471572,0.9215915740198947,0.8942307692307693,0.6962025316455697,0.7015590200445434,0.6283783783783784,1.0,1.0,1.0,0,0,0,72,134,275,0.9151898467879083,0.6753799766894972,1.0,0,481
0.21,0.14,0.08,0.914702581369248,0.9215915740198947,0.9067862714508581,0.7056277056277056,0.7015590200445434,0.6605113636363636,0.9878787878787879,1.0,1.0,2,0,0,68,134,239,0.915186017180764,0.6892326964362042,0.9959595959595959,2,441
0.22,0.13,0.07,0.9188275084554679,0.9189031505250874,0.9004647560030984,0.7180616740088106,0.6938325991189427,0.6440443213296398,0.9878787878787879,1.0,1.0,2,0,0,64,139,257,0.91517765058588,0.685312864819131,0.9959595959595959,2,460
0.23,0.11,0.09,0.92090395480226,0.9088286208886325,0.9103367267032106,0.7244444444444444,0.6659619450317125,0.670028818443804,0.9878787878787879,1.0,1.0,2,0,0,62,158,229,0.9151679090083619,0.6868117359733202,0.9959595959595959,2,449
0.15,0.14,0.13,0.908590308370044,0.9215915740198947,0.9219434488251693,0.6653225806451613,0.7015590200445434,0.7112135176651305,1.0,1.0,0.9956989247311828,0,0,2,83,134,188,0.9151613161560243,0.6926983727849451,0.9985663082437276,2,405
0.17,0.14,0.08,0.9146341463414633,0.9215915740198947,0.9067862714508581,0.6818181818181818,0.7015590200445434,0.6605113636363636,1.0,1.0,1.0,0,0,0,77,134,239,0.9151517996668717,0.6812961884996963,1.0,0,450
0.19,0.13,0.08,0.9162011173184358,0.9189031505250874,0.9067862714508581,0.6978723404255319,0.6938325991189427,0.6605113636363636,0.9939393939393939,1.0,1.0,1,0,0,71,139,239,0.9151287581069156,0.6840721010602794,0.9979797979797981,1,449
0.3,0.1,0.05,0.933179723502304,0.9062140391254315,0.8833586626139818,0.7788461538461539,0.6589958158995816,0.6023316062176166,0.9818181818181818,1.0,1.0,3,0,0,46,163,307,0.9151258060115778,0.6800578586544507,0.993939393939394,3,516
0.14,0.14,0.14,0.9075907590759077,0.9215915740198947,0.9241516966067865,0.6626506024096386,0.7015590200445434,0.7178294573643411,1.0,1.0,0.9956989247311828,0,0,2,84,134,182,0.9151031910652796,0.6940130266061745,0.9985663082437276,2,400
0.2,0.11,0.11,0.9182530795072789,0.9088286208886325,0.916633741604109,0.703862660944206,0.6659619450317125,0.6915052160953801,0.9939393939393939,1.0,0.9978494623655914,1,0,1,69,158,207,0.9151018743410511,0.687109940690433,0.9972629521016617,2,434
0.16,0.16,0.08,0.9116022099447514,0.926470588235294,0.9067862714508581,0.673469387755102,0.7159090909090909,0.6605113636363636,1.0,1.0,1.0,0,0,0,80,125,239,0.9150995357331355,0.6832966141001856,1.0,0,444
0.21,0.13,0.09,0.914702581369248,0.9189031505250874,0.9103367267032106,0.7056277056277056,0.6938325991189427,0.670028818443804,0.9878787878787879,1.0,1.0,2,0,0,68,139,229,0.9150895811827924,0.6898297077301508,0.9959595959595959,2,436
0.23,0.16,0.05,0.92090395480226,0.926470588235294,0.8833586626139818,0.7244444444444444,0.7159090909090909,0.6023316062176166,0.9878787878787879,1.0,1.0,2,0,0,62,125,307,0.9150648863945144,0.680895047190384,0.9959595959595959,2,494
0.21,0.15,0.07,0.914702581369248,0.9253819036427733,0.9004647560030984,0.7056277056277056,0.7126696832579186,0.6440443213296398,0.9878787878787879,1.0,1.0,2,0,0,68,127,257,0.9150588129780757,0.6874472367384213,0.9959595959595959,2,452
0.17,0.13,0.09,0.9146341463414633,0.9189031505250874,0.9103367267032106,0.6818181818181818,0.6938325991189427,0.670028818443804,1.0,1.0,1.0,0,0,0,77,139,229,0.9150553636689001,0.6818931997936429,1.0,0,445
0.26,0.08,0.07,0.9314285714285714,0.8974358974358974,0.9004647560030984,0.7581395348837209,0.6363636363636364,0.6440443213296398,0.9878787878787879,1.0,1.0,2,0,0,52,180,257,0.9150380061456747,0.6795158308589991,0.9959595959595959,2,489
0.26,0.11,0.05,0.9314285714285714,0.9088286208886325,0.8833586626139818,0.7581395348837209,0.6659619450317125,0.6023316062176166,0.9878787878787879,1.0,1.0,2,0,0,52,158,307,0.9150346045036718,0.6754776953776833,0.9959595959595959,2,517
0.24,0.1,0.07,0.9261363636363638,0.9062140391254315,0.9004647560030984,0.740909090909091,0.6589958158995816,0.6440443213296398,0.9878787878787879,1.0,1.0,2,0,0,57,163,257,0.9150253447564309,0.6813164093794374,0.9959595959595959,2,477
0.17,0.15,0.07,0.9146341463414633,0.9253819036427733,0.9004647560030984,0.6818181818181818,0.7126696832579186,0.6440443213296398,1.0,1.0,1.0,0,0,0,77,127,257,0.9150245954641834,0.6795107288019134,1.0,0,461
0.26,0.09,0.06,0.9314285714285714,0.9015455065827132,0.8942307692307693,0.7581395348837209,0.6468172484599589,0.6283783783783784,0.9878787878787879,1.0,1.0,2,0,0,52,172,275,0.9150240915352534,0.6777783872406861,0.9959595959595959,2,499
0.2,0.19,0.05,0.9182530795072789,0.9306461173681091,0.8833586626139818,0.703862660944206,0.7353629976580797,0.6023316062176166,0.9939393939393939,0.9968253968253968,1.0,1,1,0,69,113,307,0.9149921074868684,0.6805190882733007,0.996921596921597,2,489
0.23,0.13,0.06,0.92090395480226,0.9189031505250874,0.8942307692307693,0.7244444444444444,0.6938325991189427,0.6283783783783784,0.9878787878787879,1.0,1.0,2,0,0,62,139,275,0.9149690764048101,0.6822184739805884,0.9959595959595959,2,476
0.21,0.17,0.06,0.914702581369248,0.9292035398230089,0.8942307692307693,0.7056277056277056,0.7241379310344828,0.6283783783783784,0.9878787878787879,1.0,1.0,2,0,0,68,120,275,0.9149585064776805,0.6860480050135224,0.9959595959595959,2,463
0.2,0.2,0.05,0.9182530795072789,0.9304399524375744,0.8833586626139818,0.703862660944206,0.7417061611374408,0.6023316062176166,0.9939393939393939,0.9936507936507937,1.0,1,2,0,69,109,307,0.914930258007708,0.6826334760997544,0.9958633958633959,3,485
0.17,0.17,0.06,0.9146341463414633,0.9292035398230089,0.8942307692307693,0.6818181818181818,0.7241379310344828,0.6283783783783784,1.0,1.0,1.0,0,0,0,77,120,275,0.9149242889637882,0.6781114970770142,1.0,0,472
0.18,0.11,0.1,0.919732441471572,0.9088286208886325,0.911949685534591,0.6962025316455697,0.6659619450317125,0.6783625730994152,1.0,1.0,0.9978494623655914,0,0,1,72,158,220,0.9149047441092939,0.6801756832588991,0.9992831541218639,1,450
0.15,0.14,0.12,0.908590308370044,0.9215915740198947,0.9206349206349207,0.6653225806451613,0.7015590200445434,0.703030303030303,1.0,1.0,0.9978494623655914,0,0,1,83,134,196,0.9148996105179745,0.6899706345733359,0.9992831541218639,1,413
0.2,0.13,0.07,0.9182530795072789,0.9189031505250874,0.9004647560030984,0.703862660944206,0.6938325991189427,0.6440443213296398,0.9939393939393939,1.0,1.0,1,0,0,69,139,257,0.9148904361117853,0.6805798604642629,0.9979797979797981,1,465
0.24,0.09,0.08,0.9261363636363638,0.9015455065827132,0.9067862714508581,0.740909090909091,0.6468172484599589,0.6605113636363636,0.9878787878787879,1.0,1.0,2,0,0,57,172,239,0.9148890880831675,0.6827459010018045,0.9959595959595959,2,468
0.19,0.16,0.06,0.9162011173184358,0.926470588235294,0.8942307692307693,0.6978723404255319,0.7159090909090909,0.6283783783783784,0.9939393939393939,1.0,1.0,1,0,0,71,125,275,0.91488788897596,0.6807199365710005,0.9979797979797981,1,471
0.25,0.12,0.05,0.928246013667426,0.9135730858468677,0.8833586626139818,0.7477064220183486,0.6788793103448276,0.6023316062176166,0.9878787878787879,1.0,1.0,2,0,0,55,149,307,0.9148666651105696,0.6763057795269308,0.9959595959595959,2,511
0.22,0.17,0.05,0.9188275084554679,0.9292035398230089,0.8833586626139818,0.7180616740088106,0.7241379310344828,0.6023316062176166,0.9878787878787879,1.0,1.0,2,0,0,64,120,307,0.914846548697433,0.6815104037536366,0.9959595959595959,2,491
0.3,0.07,0.07,0.933179723502304,0.8938706015891033,0.9004647560030984,0.7788461538461539,0.6274900398406374,0.6440443213296398,0.9818181818181818,1.0,1.0,3,0,0,46,187,257,0.9148439934285026,0.6834601716721437,0.993939393939394,3,490
0.22,0.12,0.08,0.9188275084554679,0.9135730858468677,0.9067862714508581,0.7180616740088106,0.6788793103448276,0.6605113636363636,0.9878787878787879,1.0,1.0,2,0,0,64,149,239,0.914842934271966,0.6858174493300006,0.9959595959595959,2,452
0.29,0.08,0.07,0.9310344827586207,0.8974358974358974,0.9004647560030984,0.7714285714285715,0.6363636363636364,0.6440443213296398,0.9818181818181818,1.0,1.0,3,0,0,48,180,257,0.9148409618106992,0.6839455097072825,0.993939393939394,3,485
0.29,0.11,0.05,0.9310344827586207,0.9088286208886325,0.8833586626139818,0.7714285714285715,0.6659619450317125,0.6023316062176166,0.9818181818181818,1.0,1.0,3,0,0,48,158,307,0.9148375601686963,0.6799073742259668,0.993939393939394,3,513
0.25,0.1,0.06,0.928246013667426,0.9062140391254315,0.8942307692307693,0.7477064220183486,0.6589958158995816,0.6283783783783784,0.9878787878787879,1.0,1.0,2,0,0,55,163,275,0.9148333724174963,0.6783602054321028,0.9959595959595959,2,493
0.29,0.09,0.06,0.9310344827586207,0.9015455065827132,0.8942307692307693,0.7714285714285715,0.6468172484599589,0.6283783783783784,0.9818181818181818,1.0,1.0,3,0,0,48,172,275,0.9148270472002782,0.6822080660889696,0.993939393939394,3,495
0.16,0.13,0.11,0.9116022099447514,0.9189031505250874,0.916633741604109,0.673469387755102,0.6938325991189427,0.6915052160953801,1.0,1.0,0.9978494623655914,0,0,1,80,139,207,0.9147987984507238,0.6862690676564749,0.9992831541218639,1,426
0.27,0.1,0.05,0.9324942791762013,0.9062140391254315,0.8833586626139818,0.7616822429906542,0.6589958158995816,0.6023316062176166,0.9878787878787879,1.0,1.0,2,0,0,51,163,307,0.9147830838485264,0.6743365550359508,0.9959595959595959,2,521
0.28,0.1,0.05,0.9324942791762013,0.9062140391254315,0.8833586626139818,0.7616822429906542,0.6589958158995816,0.6023316062176166,0.9878787878787879,1.0,1.0,2,0,0,51,163,307,0.9147830838485264,0.6743365550359508,0.9959595959595959,2,521
0.16,0.15,0.08,0.9116022099447514,0.9253819036427733,0.9067862714508581,0.673469387755102,0.7126696832579186,0.6605113636363636,1.0,1.0,1.0,0,0,0,80,127,239,0.9147729303553793,0.6822168115497947,1.0,0,446
0.21,0.12,0.11,0.914702581369248,0.9135730858468677,0.916633741604109,0.7056277056277056,0.6788793103448276,0.6915052160953801,0.9878787878787879,1.0,0.9978494623655914,2,0,1,68,149,207,0.9147499647595061,0.6920040773559711,0.9952427500814597,3,424
0.23,0.15,0.05,0.92090395480226,0.9253819036427733,0.8833586626139818,0.7244444444444444,0.7126696832579186,0.6023316062176166,0.9878787878787879,1.0,1.0,2,0,0,62,127,307,0.9147382810167582,0.6798152446399932,0.9959595959595959,2,496
0.22,0.14,0.06,0.9188275084554679,0.9215915740198947,0.8942307692307693,0.7180616740088106,0.7015590200445434,0.6283783783783784,0.9878787878787879,1.0,1.0,2,0,0,64,134,275,0.9147373802798562,0.6826663574772441,0.9959595959595959,2,473
0.17,0.12,0.11,0.9146341463414633,0.9135730858468677,0.916633741604109,0.6818181818181818,0.6788793103448276,0.6915052160953801,1.0,1.0,0.9978494623655914,0,0,1,77,149,207,0.9147157472456138,0.6840675694194632,0.9992831541218639,1,433
0.25,0.08,0.08,0.928246013667426,0.8974358974358974,0.9067862714508581,0.7477064220183486,0.6363636363636364,0.6605113636363636,0.9878787878787879,1.0,1.0,2,0,0,55,180,239,0.9147110303546537,0.6815271406727829,0.9959595959595959,2,474
0.23,0.1,0.1,0.92090395480226,0.9062140391254315,0.911949685534591,0.7244444444444444,0.6589958158995816,0.6783625730994152,0.9878787878787879,1.0,0.9978494623655914,2,0,1,62,163,220,0.9147061262456776,0.6872676111478139,0.9952427500814597,3,445
0.25,0.09,0.07,0.928246013667426,0.9015455065827132,0.9004647560030984,0.7477064220183486,0.6468172484599589,0.6440443213296398,0.9878787878787879,1.0,1.0,2,0,0,55,172,257,0.9146796100091465,0.6795226639359825,0.9959595959595959,2,484
0.19,0.14,0.07,0.9162011173184358,0.9215915740198947,0.9004647560030984,0.6978723404255319,0.7015590200445434,0.6440443213296398,0.9939393939393939,1.0,1.0,1,0,0,71,134,257,0.9146709820658061,0.6811585605999051,0.9979797979797981,1,462
0.16,0.14,0.1,0.9116022099447514,0.9215915740198947,0.911949685534591,0.673469387755102,0.7015590200445434,0.6783625730994152,1.0,1.0,0.9978494623655914,0,0,1,80,134,220,0.9146685142852623,0.684463660299687,0.9992831541218639,1,434
0.3,0.08,0.06,0.933179723502304,0.8974358974358974,0.8942307692307693,0.7788461538461539,0.6363636363636364,0.6283783783783784,0.9818181818181818,1.0,1.0,3,0,0,46,180,275,0.9146667848280752,0.6811960561960562,0.993939393939394,3,501
0.14,0.14,0.13,0.9075907590759077,0.9215915740198947,0.9219434488251693,0.6626506024096386,0.7015590200445434,0.7112135176651305,1.0,1.0,0.9956989247311828,0,0,2,84,134,188,0.9146615415089562,0.6918077133731041,0.9985663082437276,2,406
0.23,0.12,0.07,0.92090395480226,0.9135730858468677,0.9004647560030984,0.7244444444444444,0.6788793103448276,0.6440443213296398,0.9878787878787879,1.0,1.0,2,0,0,62,149,257,0.91461685435581,0.6824560253729706,0.9959595959595959,2,468
0.18,0.11,0.09,0.919732441471572,0.9088286208886325,0.9103367267032106,0.6962025316455697,0.6659619450317125,0.670028818443804,1.0,1.0,1.0,0,0,0,72,158,229,0.9145821523430179,0.6773977650403621,1.0,0,459
0.24,0.11,0.06,0.9261363636363638,0.9088286208886325,0.8942307692307693,0.740909090909091,0.6659619450317125,0.6283783783783784,0.9878787878787879,1.0,1.0,2,0,0,57,158,275,0.9145629219309255,0.6784164714397273,0.9959595959595959,2,490
0.19,0.12,0.1,0.9162011173184358,0.9135730858468677,0.911949685534591,0.6978723404255319,0.6788793103448276,0.6783625730994152,0.9939393939393939,1.0,0.9978494623655914,1,0,1,71,149,220,0.9145624215201964,0.6850380746232583,0.9972629521016617,2,440
0.19,0.15,0.06,0.9162011173184358,0.9253819036427733,0.8942307692307693,0.6978723404255319,0.7126696832579186,0.6283783783783784,0.9939393939393939,1.0,1.0,1,0,0,71,127,275,0.9145612835982038,0.6796401340206096,0.9979797979797981,1,473
0.2,0.17,0.05,0.9182530795072789,0.9292035398230089,0.8833586626139818,0.703862660944206,0.7241379310344828,0.6023316062176166,0.9939393939393939,1.0,1.0,1,0,0,69,120,307,0.9145593342233383,0.6767773993987684,0.9979797979797981,1,496
0.2,0.12,0.08,0.9182530795072789,0.9135730858468677,0.9067862714508581,0.703862660944206,0.6788793103448276,0.6605113636363636,0.9939393939393939,1.0,1.0,1,0,0,69,149,239,0.9145557197978713,0.6810844449751324,0.9979797979797981,1,457
0.27,0.07,0.07,0.9324942791762013,0.8938706015891033,0.9004647560030984,0.7616822429906542,0.6274900398406374,0.6440443213296398,0.9878787878787879,1.0,1.0,2,0,0,51,187,257,0.9145012712654514,0.6777388680536438,0.9959595959595959,2,495
0.28,0.07,0.07,0.9324942791762013,0.8938706015891033,0.9004647560030984,0.7616822429906542,0.6274900398406374,0.6440443213296398,0.9878787878787879,1.0,1.0,2,0,0,51,187,257,0.9145012712654514,0.6777388680536438,0.9959595959595959,2,495
0.18,0.16,0.05,0.919732441471572,0.926470588235294,0.8833586626139818,0.6962025316455697,0.7159090909090909,0.6023316062176166,1.0,1.0,1.0,0,0,0,72,125,307,0.9144791297291704,0.6714810762574257,1.0,0,504
0.23,0.11,0.08,0.92090395480226,0.9088286208886325,0.9067862714508581,0.7244444444444444,0.6659619450317125,0.6605113636363636,0.9878787878787879,1.0,1.0,2,0,0,62,158,239,0.9144578179578913,0.6836392510375068,0.9959595959595959,2,459
0.22,0.11,0.1,0.9188275084554679,0.9088286208886325,0.911949685534591,0.7180616740088106,0.6659619450317125,0.6783625730994152,0.9878787878787879,1.0,0.9978494623655914,2,0,1,64,158,220,0.9144522776012418,0.6874620640466461,0.9952427500814597,3,442
0.2,0.14,0.06,0.9182530795072789,0.9215915740198947,0.8942307692307693,0.703862660944206,0.7015590200445434,0.6283783783783784,0.9939393939393939,1.0,1.0,1,0,0,69,134,275,0.9144501658057618,0.677933353122376,0.9979797979797981,1,478
0.14,0.14,0.12,0.9075907590759077,0.9215915740198947,0.9206349206349207,0.6626506024096386,0.7015590200445434,0.703030303030303,1.0,1.0,0.9978494623655914,0,0,1,84,134,196,0.9143998358709065,0.689079975161495,0.9992831541218639,1,414
0.23,0.1,0.09,0.92090395480226,0.9062140391254315,0.9103367267032106,0.7244444444444444,0.6589958158995816,0.670028818443804,0.9878787878787879,1.0,1.0,2,0,0,62,163,229,0.9143835344794016,0.6844896929292767,0.9959595959595959,2,454
0.18,0.13,0.06,0.919732441471572,0.9189031505250874,0.8942307692307693,0.6962025316455697,0.6938325991189427,0.6283783783783784,1.0,1.0,1.0,0,0,0,72,139,275,0.9143833197394661,0.6728045030476303,1.0,0,486
0.21,0.13,0.08,0.914702581369248,0.9189031505250874,0.9067862714508581,0.7056277056277056,0.6938325991189427,0.6605113636363636,0.9878787878787879,1.0,1.0,2,0,0,68,139,239,0.9143794901323219,0.6866572227943374,0.9959595959595959,2,446
0.15,0.13,0.13,0.908590308370044,0.9189031505250874,0.9219434488251693,0.6653225806451613,0.6938325991189427,0.7112135176651305,1.0,1.0,0.9956989247311828,0,0,2,83,139,188,0.914354789107582,0.6901228991430782,0.9985663082437276,2,410
0.16,0.14,0.09,0.9116022099447514,0.9215915740198947,0.9103367267032106,0.673469387755102,0.7015590200445434,0.670028818443804,1.0,1.0,1.0,0,0,0,80,134,229,0.9143459225189863,0.6816857420811498,1.0,0,443
0.17,0.13,0.08,0.9146341463414633,0.9189031505250874,0.9067862714508581,0.6818181818181818,0.6938325991189427,0.6605113636363636,1.0,1.0,1.0,0,0,0,77,139,239,0.9143452726184296,0.6787207148578295,1.0,0,455
0.27,0.08,0.06,0.9324942791762013,0.8974358974358974,0.8942307692307693,0.7616822429906542,0.6363636363636364,0.6283783783783784,0.9878787878787879,1.0,1.0,2,0,0,51,180,275,0.9143240626650238,0.6754747525775563,0.9959595959595959,2,506
0.28,0.08,0.06,0.9324942791762013,0.8974358974358974,0.8942307692307693,0.7616822429906542,0.6363636363636364,0.6283783783783784,0.9878787878787879,1.0,1.0,2,0,0,51,180,275,0.9143240626650238,0.6754747525775563,0.9959595959595959,2,506
0.15,0.15,0.1,0.908590308370044,0.9253819036427733,0.911949685534591,0.6653225806451613,0.7126696832579186,0.6783625730994152,1.0,1.0,0.9978494623655914,0,0,1,83,127,220,0.9142996623847721,0.6854516123341649,0.9992831541218639,1,430
0.26,0.1,0.05,0.9314285714285714,0.9062140391254315,0.8833586626139818,0.7581395348837209,0.6589958158995816,0.6023316062176166,0.9878787878787879,1.0,1.0,2,0,0,52,163,307,0.9142502299747114,0.6731556523336396,0.9959595959595959,2,522
0.19,0.12,0.09,0.9162011173184358,0.9135730858468677,0.9103367267032106,0.6978723404255319,0.6788793103448276,0.670028818443804,0.9939393939393939,1.0,1.0,1,0,0,71,149,229,0.9142398297539204,0.6822601564047212,0.9979797979797981,1,449
0.19,0.18,0.05,0.9162011173184358,0.9314015375517445,0.8833586626139818,0.6978723404255319,0.7308584686774942,0.6023316062176166,0.9939393939393939,1.0,1.0,1,0,0,71,116,307,0.9141927524475376,0.6770208051068809,0.9979797979797981,1,494
0.2,0.11,0.1,0.9182530795072789,0.9088286208886325,0.911949685534591,0.703862660944206,0.6659619450317125,0.6783625730994152,0.9939393939393939,1.0,0.9978494623655914,1,0,1,69,158,220,0.9141650631271474,0.6827290596917779,0.9972629521016617,2,447
0.18,0.15,0.05,0.919732441471572,0.9253819036427733,0.8833586626139818,0.6962025316455697,0.7126696832579186,0.6023316062176166,1.0,1.0,1.0,0,0,0,72,127,307,0.9141525243514143,0.670401273707035,1.0,0,506
0.21,0.16,0.06,0.914702581369248,0.926470588235294,0.8942307692307693,0.7056277056277056,0.7159090909090909,0.6283783783783784,0.9878787878787879,1.0,1.0,2,0,0,68,125,275,0.914138621001366,0.6833050583050584,0.9959595959595959,2,468
0.22,0.11,0.09,0.9188275084554679,0.9088286208886325,0.9103367267032106,0.7180616740088106,0.6659619450317125,0.670028818443804,0.9878787878787879,1.0,1.0,2,0,0,64,158,229,0.9141296858349658,0.684684145828109,0.9959595959595959,2,451
0.18,0.1,0.1,0.919732441471572,0.9062140391254315,0.911949685534591,0.6962025316455697,0.6589958158995816,0.6783625730994152,1.0,1.0,0.9978494623655914,0,0,1,72,163,220,0.9141203695803336,0.6778536402148555,0.9992831541218639,1,455
0.17,0.16,0.06,0.9146341463414633,0.926470588235294,0.8942307692307693,0.6818181818181818,0.7159090909090909,0.6283783783783784,1.0,1.0,1.0,0,0,0,77,125,275,0.9141044034874737,0.6753685503685504,1.0,0,477
0.15,0.14,0.11,0.908590308370044,0.9215915740198947,0.916633741604109,0.6653225806451613,0.7015590200445434,0.6915052160953801,1.0,1.0,0.9978494623655914,0,0,1,83,134,207,0.9140993747118122,0.6861289389283615,0.9992831541218639,1,424
0.15,0.13,0.12,0.908590308370044,0.9189031505250874,0.9206349206349207,0.6653225806451613,0.6938325991189427,0.703030303030303,1.0,1.0,0.9978494623655914,0,0,1,83,139,196,0.9140930834695323,0.687395160931469,0.9992831541218639,1,418
0.19,0.11,0.11,0.9162011173184358,0.9088286208886325,0.916633741604109,0.6978723404255319,0.6659619450317125,0.6915052160953801,0.9939393939393939,1.0,0.9978494623655914,1,0,1,71,158,207,0.9140758932466295,0.6851131671842081,0.9972629521016617,2,436
0.29,0.1,0.05,0.9310344827586207,0.9062140391254315,0.8833586626139818,0.7714285714285715,0.6589958158995816,0.6023316062176166,0.9818181818181818,1.0,1.0,3,0,0,48,163,307,0.9140531856397361,0.6775853311819232,0.993939393939394,3,518
0.18,0.12,0.07,0.919732441471572,0.9135730858468677,0.9004647560030984,0.6962025316455697,0.6788793103448276,0.6440443213296398,1.0,1.0,1.0,0,0,0,72,149,257,0.914031097690466,0.6730420544400123,1.0,0,478
0.22,0.16,0.05,0.9188275084554679,0.926470588235294,0.8833586626139818,0.7180616740088106,0.7159090909090909,0.6023316062176166,0.9878787878787879,1.0,1.0,2,0,0,64,125,307,0.9140266632211185,0.6787674570451726,0.9959595959595959,2,496
0.16,0.12,0.12,0.9116022099447514,0.9135730858468677,0.9206349206349207,0.673469387755102,0.6788793103448276,0.703030303030303,1.0,1.0,0.9978494623655914,0,0,1,80,149,196,0.9140000148534202,0.6851263337100776,0.9992831541218639,1,425
0.15,0.15,0.09,0.908590308370044,0.9253819036427733,0.9103367267032106,0.6653225806451613,0.7126696832579186,0.670028818443804,1.0,1.0,1.0,0,0,0,83,127,229,0.9139770706184961,0.682673694115628,1.0,0,439
0.26,0.07,0.07,0.9314285714285714,0.8938706015891033,0.9004647560030984,0.7581395348837209,0.6274900398406374,0.6440443213296398,0.9878787878787879,1.0,1.0,2,0,0,52,187,257,0.9139684173916365,0.6765579653513326,0.9959595959595959,2,496
0.19,0.19,0.05,0.9162011173184358,0.9306461173681091,0.8833586626139818,0.6978723404255319,0.7353629976580797,0.6023316062176166,0.9939393939393939,0.9968253968253968,1.0,1,1,0,71,113,307,0.9139661263924469,0.678522314767076,0.996921596921597,2,491
0.22,0.13,0.06,0.9188275084554679,0.9189031505250874,0.8942307692307693,0.7180616740088106,0.6938325991189427,0.6283783783783784,0.9878787878787879,1.0,1.0,2,0,0,64,139,275,0.9139308532314141,0.6800908838353772,0.9959595959595959,2,478
0.21,0.14,0.07,0.914702581369248,0.9215915740198947,0.9004647560030984,0.7056277056277056,0.7015590200445434,0.6440443213296398,0.9878787878787879,1.0,1.0,2,0,0,68,134,257,0.9139217140912121,0.683743682333963,0.9959595959595959,2,459
0.17,0.14,0.07,0.9146341463414633,0.9215915740198947,0.9004647560030984,0.6818181818181818,0.7015590200445434,0.6440443213296398,1.0,1.0,1.0,0,0,0,77,134,257,0.9138874965773198,0.675807174397455,1.0,0,468
0.18,0.11,0.08,0.919732441471572,0.9088286208886325,0.9067862714508581,0.6962025316455697,0.6659619450317125,0.6605113636363636,1.0,1.0,1.0,0,0,0,72,158,239,0.9138720612925473,0.6742252801045486,1.0,0,469
0.19,0.13,0.07,0.9162011173184358,0.9189031505250874,0.9004647560030984,0.6978723404255319,0.6938325991189427,0.6440443213296398,0.9939393939393939,1.0,1.0,1,0,0,71,139,257,0.9138644550173638,0.6785830869580382,0.9979797979797981,1,467
0.16,0.13,0.1,0.9116022099447514,0.9189031505250874,0.911949685534591,0.673469387755102,0.6938325991189427,0.6783625730994152,1.0,1.0,0.9978494623655914,0,0,1,80,139,220,0.9138619872368201,0.68188818665782,0.9992831541218639,1,439
0.14,0.13,0.13,0.9075907590759077,0.9189031505250874,0.9219434488251693,0.6626506024096386,0.6938325991189427,0.7112135176651305,1.0,1.0,0.9956989247311828,0,0,2,84,139,188,0.9138550144605139,0.6892322397312373,0.9985663082437276,2,411
0.2,0.11,0.09,0.9182530795072789,0.9088286208886325,0.9103367267032106,0.703862660944206,0.6659619450317125,0.670028818443804,0.9939393939393939,1.0,1.0,1,0,0,69,158,229,0.9138424713608714,0.6799511414732408,0.9979797979797981,1,456
0.16,0.16,0.07,0.9116022099447514,0.926470588235294,0.9004647560030984,0.673469387755102,0.7159090909090909,0.6440443213296398,1.0,1.0,1.0,0,0,0,80,125,257,0.9138352326435837,0.6778075999979443,1.0,0,462
0.21,0.12,0.1,0.914702581369248,0.9135730858468677,0.911949685534591,0.7056277056277056,0.6788793103448276,0.6783625730994152,0.9878787878787879,1.0,0.9978494623655914,2,0,1,68,149,220,0.9138131535456024,0.6876231963573162,0.9952427500814597,3,437
0.21,0.15,0.06,0.914702581369248,0.9253819036427733,0.8942307692307693,0.7056277056277056,0.7126696832579186,0.6283783783783784,0.9878787878787879,1.0,1.0,2,0,0,68,127,275,0.9138120156236098,0.6822252557546675,0.9959595959595959,2,470
0.24,0.12,0.05,0.9261363636363638,0.9135730858468677,0.8833586626139818,0.740909090909091,0.6788793103448276,0.6023316062176166,0.9878787878787879,1.0,1.0,2,0,0,57,149,307,0.9138118400950385,0.6740400024905117,0.9959595959595959,2,513
0.18,0.1,0.09,0.919732441471572,0.9062140391254315,0.9103367267032106,0.6962025316455697,0.6589958158995816,0.670028818443804,1.0,1.0,1.0,0,0,0,72,163,229,0.9137977778140576,0.6750757219963184,1.0,0,464
0.26,0.08,0.06,0.9314285714285714,0.8974358974358974,0.8942307692307693,0.7581395348837209,0.6363636363636364,0.6283783783783784,0.9878787878787879,1.0,1.0,2,0,0,52,180,275,0.9137912087912088,0.6742938498752452,0.9959595959595959,2,507
0.17,0.12,0.1,0.9146341463414633,0.9135730858468677,0.911949685534591,0.6818181818181818,0.6788793103448276,0.6783625730994152,1.0,1.0,0.9978494623655914,0,0,1,77,149,220,0.9137789360317101,0.6796866884208083,0.9992831541218639,1,446
0.24,0.1,0.06,0.9261363636363638,0.9062140391254315,0.8942307692307693,0.740909090909091,0.6589958158995816,0.6283783783783784,0.9878787878787879,1.0,1.0,2,0,0,57,163,275,0.9137785474019652,0.6760944283956837,0.9959595959595959,2,495
0.17,0.15,0.06,0.9146341463414633,0.9253819036427733,0.8942307692307693,0.6818181818181818,0.7126696832579186,0.6283783783783784,1.0,1.0,1.0,0,0,0,77,127,275,0.9137777981097175,0.6742887478181596,1.0,0,479
0.29,0.07,0.07,0.9310344827586207,0.8938706015891033,0.9004647560030984,0.7714285714285715,0.6274900398406374,0.6440443213296398,0.9818181818181818,1.0,1.0,3,0,0,48,187,257,0.913771373056661,0.6809876441996163,0.993939393939394,3,492
0.21,0.21,0.05,0.914702581369248,0.9324566646742379,0.8833586626139818,0.7056277056277056,0.7554479418886199,0.6023316062176166,0.9878787878787879,0.9904761904761905,1.0,2,3,0,68,101,307,0.9137600226096917,0.687802417911314,0.9927849927849928,5,476
0.2,0.16,0.05,0.9182530795072789,0.926470588235294,0.8833586626139818,0.703862660944206,0.7159090909090909,0.6023316062176166,0.9939393939393939,1.0,1.0,1,0,0,69,125,307,0.913739448747024,0.6740344526903045,0.9979797979797981,1,501
0.3,0.09,0.05,0.933179723502304,0.9015455065827132,0.8833586626139818,0.7788461538461539,0.6468172484599589,0.6023316062176166,0.9818181818181818,1.0,1.0,3,0,0,46,172,307,0.9137252462487623,0.6759983361745765,0.993939393939394,3,525
0.22,0.15,0.05,0.9188275084554679,0.9253819036427733,0.8833586626139818,0.7180616740088106,0.7126696832579186,0.6023316062176166,0.9878787878787879,1.0,1.0,2,0,0,64,127,307,0.9137000578433623,0.677687654494782,0.9959595959595959,2,498
0.23,0.1,0.08,0.92090395480226,0.9062140391254315,0.9067862714508581,0.7244444444444444,0.6589958158995816,0.6605113636363636,0.9878787878787879,1.0,1.0,2,0,0,62,163,239,0.9136734434289311,0.6813172079934633,0.9959595959595959,2,464
0.22,0.1,0.1,0.9188275084554679,0.9062140391254315,0.911949685534591,0.7180616740088106,0.6589958158995816,0.6783625730994152,0.9878787878787879,1.0,0.9978494623655914,2,0,1,64,163,220,0.9136679030722816,0.6851400210026025,0.9952427500814597,3,447
0.24,0.08,0.08,0.9261363636363638,0.8974358974358974,0.9067862714508581,0.740909090909091,0.6363636363636364,0.6605113636363636,0.9878787878787879,1.0,1.0,2,0,0,57,180,239,0.9136562053391226,0.6792613636363637,0.9959595959595959,2,476
0.2,0.13,0.06,0.9182530795072789,0.9189031505250874,0.8942307692307693,0.703862660944206,0.6938325991189427,0.6283783783783784,0.9939393939393939,1.0,1.0,1,0,0,69,139,275,0.9136436387573195,0.675357879480509,0.9979797979797981,1,483
0.16,0.14,0.08,0.9116022099447514,0.9215915740198947,0.9067862714508581,0.673469387755102,0.7015590200445434,0.6605113636363636,1.0,1.0,1.0,0,0,0,80,134,239,0.9136358314685158,0.6785132571453364,1.0,0,453
0.24,0.09,0.07,0.9261363636363638,0.9015455065827132,0.9004647560030984,0.740909090909091,0.6468172484599589,0.6440443213296398,0.9878787878787879,1.0,1.0,2,0,0,57,172,257,0.9136247849936154,0.6772568868995633,0.9959595959595959,2,486
0.23,0.14,0.05,0.92090395480226,0.9215915740198947,0.8833586626139818,0.7244444444444444,0.7015590200445434,0.6023316062176166,0.9878787878787879,1.0,1.0,2,0,0,62,134,307,0.9136011821298947,0.6761116902355347,0.9959595959595959,2,503
0.14,0.14,0.11,0.9075907590759077,0.9215915740198947,0.916633741604109,0.6626506024096386,0.7015590200445434,0.6915052160953801,1.0,1.0,0.9978494623655914,0,0,1,84,134,207,0.9135996000647442,0.6852382795165207,0.9992831541218639,1,425
0.3,0.07,0.06,0.933179723502304,0.8938706015891033,0.8942307692307693,0.7788461538461539,0.6274900398406374,0.6283783783783784,0.9818181818181818,1.0,1.0,3,0,0,46,187,275,0.9135971960740369,0.6782381906883899,0.993939393939394,3,508
0.29,0.08,0.06,0.9310344827586207,0.8974358974358974,0.8942307692307693,0.7714285714285715,0.6363636363636364,0.6283783783783784,0.9818181818181818,1.0,1.0,3,0,0,48,180,275,0.9135941644562334,0.6787235287235287,0.993939393939394,3,503
0.14,0.13,0.12,0.9075907590759077,0.9189031505250874,0.9206349206349207,0.6626506024096386,0.6938325991189427,0.703030303030303,1.0,1.0,0.9978494623655914,0,0,1,84,139,196,0.9135933088224641,0.6865045015196282,0.9992831541218639,1,419
0.22,0.12,0.07,0.9188275084554679,0.9135730858468677,0.9004647560030984,0.7180616740088106,0.6788793103448276,0.6440443213296398,0.9878787878787879,1.0,1.0,2,0,0,64,149,257,0.9135786311824139,0.6803284352277593,0.9959595959595959,2,470
0.16,0.13,0.09,0.9116022099447514,0.9189031505250874,0.9103367267032106,0.673469387755102,0.6938325991189427,0.670028818443804,1.0,1.0,1.0,0,0,0,80,139,229,0.9135393954705441,0.6791102684392829,1.0,0,448
0.19,0.17,0.05,0.9162011173184358,0.9292035398230089,0.8833586626139818,0.6978723404255319,0.7241379310344828,0.6023316062176166,0.9939393939393939,1.0,1.0,1,0,0,71,120,307,0.9135333531289168,0.6747806258925437,0.9979797979797981,1,498
0.19,0.12,0.08,0.9162011173184358,0.9135730858468677,0.9067862714508581,0.6978723404255319,0.6788793103448276,0.6605113636363636,0.9939393939393939,1.0,1.0,1,0,0,71,149,239,0.9135297387034498,0.6790876714689077,0.9979797979797981,1,459
0.16,0.15,0.07,0.9116022099447514,0.9253819036427733,0.9004647560030984,0.673469387755102,0.7126696832579186,0.6440443213296398,1.0,1.0,1.0,0,0,0,80,127,257,0.9135086272658275,0.6767277974475535,1.0,0,464
0.21,0.12,0.09,0.914702581369248,0.9135730858468677,0.9103367267032106,0.7056277056277056,0.6788793103448276,0.670028818443804,0.9878787878787879,1.0,1.0,2,0,0,68,149,229,0.9134905617793264,0.6848452781387792,0.9959595959595959,2,446
0.17,0.12,0.09,0.9146341463414633,0.9135730858468677,0.9103367267032106,0.6818181818181818,0.6788793103448276,0.670028818443804,1.0,1.0,1.0,0,0,0,77,149,229,0.9134563442654341,0.6769087702022712,1.0,0,455
0.25,0.08,0.07,0.928246013667426,0.8974358974358974,0.9004647560030984,0.7477064220183486,0.6363636363636364,0.6440443213296398,0.9878787878787879,1.0,1.0,2,0,0,55,180,257,0.9134467272651019,0.6760381265705416,0.9959595959595959,2,492
0.21,0.18,0.05,0.914702581369248,0.9314015375517445,0.8833586626139818,0.7056277056277056,0.7308584686774942,0.6023316062176166,0.9878787878787879,1.0,1.0,2,0,0,68,116,307,0.9134434844729437,0.6796059268409388,0.9959595959595959,2,491
0.25,0.11,0.05,0.928246013667426,0.9088286208886325,0.8833586626139818,0.7477064220183486,0.6659619450317125,0.6023316062176166,0.9878787878787879,1.0,1.0,2,0,0,55,158,307,0.913443325623099,0.6719999910892258,0.9959595959595959,2,520
0.25,0.09,0.06,0.928246013667426,0.9015455065827132,0.8942307692307693,0.7477064220183486,0.6468172484599589,0.6283783783783784,0.9878787878787879,1.0,1.0,2,0,0,55,172,275,0.9134328126546808,0.6743006829522287,0.9959595959595959,2,502
0.19,0.14,0.06,0.9162011173184358,0.9215915740198947,0.8942307692307693,0.6978723404255319,0.7015590200445434,0.6283783783783784,0.9939393939393939,1.0,1.0,1,0,0,71,134,275,0.9134241847113402,0.6759365796161513,0.9979797979797981,1,480
0.22,0.11,0.08,0.9188275084554679,0.9088286208886325,0.9067862714508581,0.7180616740088106,0.6659619450317125,0.6605113636363636,0.9878787878787879,1.0,1.0,2,0,0,64,158,239,0.9134195947844952,0.6815116608922955,0.9959595959595959,2,461
0.2,0.15,0.05,0.9182530795072789,0.9253819036427733,0.8833586626139818,0.703862660944206,0.7126696832579186,0.6023316062176166,0.9939393939393939,1.0,1.0,1,0,0,69,127,307,0.9134128433692678,0.6729546501399137,0.9979797979797981,1,503
0.27,0.09,0.05,0.9324942791762013,0.9015455065827132,0.8833586626139818,0.7616822429906542,0.6468172484599589,0.6023316062176166,0.9878787878787879,1.0,1.0,2,0,0,51,172,307,0.9133825240857109,0.6702770325560765,0.9959595959595959,2,530
0.28,0.09,0.05,0.9324942791762013,0.9015455065827132,0.8833586626139818,0.7616822429906542,0.6468172484599589,0.6023316062176166,0.9878787878787879,1.0,1.0,2,0,0,51,172,307,0.9133825240857109,0.6702770325560765,0.9959595959595959,2,530
0.2,0.1,0.1,0.9182530795072789,0.9062140391254315,0.911949685534591,0.703862660944206,0.6589958158995816,0.6783625730994152,0.9939393939393939,1.0,0.9978494623655914,1,0,1,69,163,220,0.913380688598187,0.6804070166477342,0.9972629521016617,2,452
0.23,0.12,0.06,0.92090395480226,0.9135730858468677,0.8942307692307693,0.7244444444444444,0.6788793103448276,0.6283783783783784,0.9878787878787879,1.0,1.0,2,0,0,62,149,275,0.9133700570013441,0.6772340443892167,0.9959595959595959,2,486
0.22,0.1,0.09,0.9188275084554679,0.9062140391254315,0.9103367267032106,0.7180616740088106,0.6589958158995816,0.670028818443804,0.9878787878787879,1.0,1.0,2,0,0,64,163,229,0.9133453113060056,0.6823621027840655,0.9959595959595959,2,456
0.21,0.11,0.11,0.914702581369248,0.9088286208886325,0.916633741604109,0.7056277056277056,0.6659619450317125,0.6915052160953801,0.9878787878787879,1.0,0.9978494623655914,2,0,1,68,158,207,0.9133266252720356,0.687698288918266,0.9952427500814597,3,433
0.15,0.13,0.11,0.908590308370044,0.9189031505250874,0.916633741604109,0.6653225806451613,0.6938325991189427,0.6915052160953801,1.0,1.0,0.9978494623655914,0,0,1,83,139,207,0.91329284766337,0.6835534652864946,0.9992831541218639,1,429
0.17,0.11,0.11,0.9146341463414633,0.9088286208886325,0.916633741604109,0.6818181818181818,0.6659619450317125,0.6915052160953801,1.0,1.0,0.9978494623655914,0,0,1,77,158,207,0.9132924077581432,0.6797617809817581,0.9992831541218639,1,442
0.2,0.12,0.07,0.9182530795072789,0.9135730858468677,0.9004647560030984,0.703862660944206,0.6788793103448276,0.6440443213296398,0.9939393939393939,1.0,1.0,1,0,0,69,149,257,0.9132914167083195,0.6755954308728912,0.9979797979797981,1,475
0.15,0.15,0.08,0.908590308370044,0.9253819036427733,0.9067862714508581,0.6653225806451613,0.7126696832579186,0.6605113636363636,1.0,1.0,1.0,0,0,0,83,127,239,0.9132669795680255,0.6795012091798145,1.0,0,449
0.27,0.07,0.06,0.9324942791762013,0.8938706015891033,0.8942307692307693,0.7616822429906542,0.6274900398406374,0.6283783783783784,0.9878787878787879,1.0,1.0,2,0,0,51,187,275,0.9132544739109856,0.67251688706989,0.9959595959595959,2,513
0.28,0.07,0.06,0.9324942791762013,0.8938706015891033,0.8942307692307693,0.7616822429906542,0.6274900398406374,0.6283783783783784,0.9878787878787879,1.0,1.0,2,0,0,51,187,275,0.9132544739109856,0.67251688706989,0.9959595959595959,2,513
0.21,0.19,0.05,0.914702581369248,0.9306461173681091,0.8833586626139818,0.7056277056277056,0.7353629976580797,0.6023316062176166,0.9878787878787879,0.9968253968253968,1.0,2,1,0,68,113,307,0.913216858417853,0.6811074365011339,0.9949013949013948,3,488
0.16,0.12,0.11,0.9116022099447514,0.9135730858468677,0.916633741604109,0.673469387755102,0.6788793103448276,0.6915052160953801,1.0,1.0,0.9978494623655914,0,0,1,80,149,207,0.9131997790472579,0.6812846380651032,0.9992831541218639,1,436
0.23,0.11,0.07,0.92090395480226,0.9088286208886325,0.9004647560030984,0.7244444444444444,0.6659619450317125,0.6440443213296398,0.9878787878787879,1.0,1.0,2,0,0,62,158,257,0.9131935148683394,0.6781502369352657,0.9959595959595959,2,477
0.15,0.14,0.1,0.908590308370044,0.9215915740198947,0.911949685534591,0.6653225806451613,0.7015590200445434,0.6783625730994152,1.0,1.0,0.9978494623655914,0,0,1,83,134,220,0.9131625634979086,0.6817480579297066,0.9992831541218639,1,437
0.21,0.2,0.05,0.914702581369248,0.9304399524375744,0.8833586626139818,0.7056277056277056,0.7417061611374408,0.6023316062176166,0.9878787878787879,0.9936507936507937,1.0,2,2,0,68,109,307,0.9131550089386926,0.6832218243275876,0.9938431938431939,4,484
0.19,0.11,0.1,0.9162011173184358,0.9088286208886325,0.911949685534591,0.6978723404255319,0.6659619450317125,0.6783625730994152,0.9939393939393939,1.0,0.9978494623655914,1,0,1,71,158,220,0.9131390820327259,0.680732286185553,0.9972629521016617,2,449
0.2,0.11,0.08,0.9182530795072789,0.9088286208886325,0.9067862714508581,0.703862660944206,0.6659619450317125,0.6605113636363636,0.9939393939393939,1.0,1.0,1,0,0,69,158,239,0.9131323803104008,0.6767786565374273,0.9979797979797981,1,466
0.21,0.13,0.07,0.914702581369248,0.9189031505250874,0.9004647560030984,0.7056277056277056,0.6938325991189427,0.6440443213296398,0.9878787878787879,1.0,1.0,2,0,0,68,139,257,0.9131151870427698,0.681168208692096,0.9959595959595959,2,464
0.18,0.1,0.08,0.919732441471572,0.9062140391254315,0.9067862714508581,0.6962025316455697,0.6589958158995816,0.6605113636363636,1.0,1.0,1.0,0,0,0,72,163,239,0.9130876867635871,0.6719032370605049,1.0,0,474
0.17,0.13,0.07,0.9146341463414633,0.9189031505250874,0.9004647560030984,0.6818181818181818,0.6938325991189427,0.6440443213296398,1.0,1.0,1.0,0,0,0,77,139,257,0.9130809695288775,0.6732317007555881,1.0,0,473
0.2,0.1,0.09,0.9182530795072789,0.9062140391254315,0.9103367267032106,0.703862660944206,0.6589958158995816,0.670028818443804,0.9939393939393939,1.0,1.0,1,0,0,69,163,229,0.913058096831911,0.6776290984291973,0.9979797979797981,1,461
0.18,0.14,0.05,0.919732441471572,0.9215915740198947,0.8833586626139818,0.6962025316455697,0.7015590200445434,0.6023316062176166,1.0,1.0,1.0,0,0,0,72,134,307,0.9130154254645507,0.6666977193025766,1.0,0,513
0.23,0.09,0.09,0.92090395480226,0.9015455065827132,0.9103367267032106,0.7244444444444444,0.6468172484599589,0.670028818443804,0.9878787878787879,1.0,1.0,2,0,0,62,172,229,0.9129829747165861,0.6804301704494025,0.9959595959595959,2,463
0.26,0.09,0.05,0.9314285714285714,0.9015455065827132,0.8833586626139818,0.7581395348837209,0.6468172484599589,0.6023316062176166,0.9878787878787879,1.0,1.0,2,0,0,52,172,307,0.9128496702118959,0.6690961298537655,0.9959595959595959,2,531
0.15,0.14,0.09,0.908590308370044,0.9215915740198947,0.9103367267032106,0.6653225806451613,0.7015590200445434,0.670028818443804,1.0,1.0,1.0,0,0,0,83,134,229,0.9128399717316326,0.6789701397111695,1.0,0,446
0.16,0.13,0.08,0.9116022099447514,0.9189031505250874,0.9067862714508581,0.673469387755102,0.6938325991189427,0.6605113636363636,1.0,1.0,1.0,0,0,0,80,139,239,0.9128293044200735,0.6759377835034694,1.0,0,458
0.19,0.11,0.09,0.9162011173184358,0.9088286208886325,0.9103367267032106,0.6978723404255319,0.6659619450317125,0.670028818443804,0.9939393939393939,1.0,1.0,1,0,0,71,158,229,0.9128164902664498,0.6779543679670161,0.9979797979797981,1,458
0.23,0.13,0.05,0.92090395480226,0.9189031505250874,0.8833586626139818,0.7244444444444444,0.6938325991189427,0.6023316062176166,0.9878787878787879,1.0,1.0,2,0,0,62,139,307,0.9127946550814525,0.6735362165936679,0.9959595959595959,2,508
0.14,0.13,0.11,0.9075907590759077,0.9189031505250874,0.916633741604109,0.6626506024096386,0.6938325991189427,0.6915052160953801,1.0,1.0,0.9978494623655914,0,0,1,84,139,207,0.9127930730163019,0.6826628058746538,0.9992831541218639,1,430
0.18,0.12,0.06,0.919732441471572,0.9135730858468677,0.8942307692307693,0.6962025316455697,0.6788793103448276,0.6283783783783784,1.0,1.0,1.0,0,0,0,72,149,275,0.9127843003360001,0.6678200734562586,1.0,0,496
0.21,0.17,0.05,0.914702581369248,0.9292035398230089,0.8833586626139818,0.7056277056277056,0.7241379310344828,0.6023316062176166,0.9878787878787879,1.0,1.0,2,0,0,68,120,307,0.912784085154323,0.6773657476266016,0.9959595959595959,2,495
0.21,0.12,0.08,0.914702581369248,0.9135730858468677,0.9067862714508581,0.7056277056277056,0.6788793103448276,0.6605113636363636,0.9878787878787879,1.0,1.0,2,0,0,68,149,239,0.9127804707288558,0.6816727932029657,0.9959595959595959,2,456
0.17,0.17,0.05,0.9146341463414633,0.9292035398230089,0.8833586626139818,0.6818181818181818,0.7241379310344828,0.6023316062176166,1.0,1.0,1.0,0,0,0,77,120,307,0.9127498676404306,0.6694292396900937,1.0,0,504
0.17,0.12,0.08,0.9146341463414633,0.9135730858468677,0.9067862714508581,0.6818181818181818,0.6788793103448276,0.6605113636363636,1.0,1.0,1.0,0,0,0,77,149,239,0.9127462532149635,0.6737362852664578,1.0,0,465
0.26,0.07,0.06,0.9314285714285714,0.8938706015891033,0.8942307692307693,0.7581395348837209,0.6274900398406374,0.6283783783783784,0.9878787878787879,1.0,1.0,2,0,0,52,187,275,0.9127216200371706,0.6713359843675789,0.9959595959595959,2,514
0.19,0.16,0.05,0.9162011173184358,0.926470588235294,0.8833586626139818,0.6978723404255319,0.7159090909090909,0.6023316062176166,0.9939393939393939,1.0,1.0,1,0,0,71,125,307,0.9127134676526024,0.6720376791840798,0.9979797979797981,1,503
0.21,0.14,0.06,0.914702581369248,0.9215915740198947,0.8942307692307693,0.7056277056277056,0.7015590200445434,0.6283783783783784,0.9878787878787879,1.0,1.0,2,0,0,68,134,275,0.9126749167367463,0.6785217013502091,0.9959595959595959,2,477
0.14,0.14,0.1,0.9075907590759077,0.9215915740198947,0.911949685534591,0.6626506024096386,0.7015590200445434,0.6783625730994152,1.0,1.0,0.9978494623655914,0,0,1,84,134,220,0.9126627888508405,0.6808573985178658,0.9992831541218639,1,438
0.25,0.1,0.05,0.928246013667426,0.9062140391254315,0.8833586626139818,0.7477064220183486,0.6589958158995816,0.6023316062176166,0.9878787878787879,1.0,1.0,2,0,0,55,163,307,0.9126589510941387,0.6696779480451823,0.9959595959595959,2,525
0.29,0.09,0.05,0.9310344827586207,0.9015455065827132,0.8833586626139818,0.7714285714285715,0.6468172484599589,0.6023316062176166,0.9818181818181818,1.0,1.0,3,0,0,48,172,307,0.9126526258769206,0.673525808702049,0.993939393939394,3,527
0.17,0.14,0.06,0.9146341463414633,0.9215915740198947,0.8942307692307693,0.6818181818181818,0.7015590200445434,0.6283783783783784,1.0,1.0,1.0,0,0,0,77,134,275,0.912640699222854,0.6705851934137012,1.0,0,486
0.22,0.1,0.08,0.9188275084554679,0.9062140391254315,0.9067862714508581,0.7180616740088106,0.6589958158995816,0.6605113636363636,0.9878787878787879,1.0,1.0,2,0,0,64,163,239,0.912635220255535,0.679189617848252,0.9959595959595959,2,466
0.19,0.13,0.06,0.9162011173184358,0.9189031505250874,0.8942307692307693,0.6978723404255319,0.6938325991189427,0.6283783783783784,0.9939393939393939,1.0,1.0,1,0,0,71,139,275,0.9126176576628979,0.6733611059742843,0.9979797979797981,1,485
0.18,0.11,0.07,0.919732441471572,0.9088286208886325,0.9004647560030984,0.6962025316455697,0.6659619450317125,0.6440443213296398,1.0,1.0,1.0,0,0,0,72,158,257,0.9126077582029954,0.6687362660023073,1.0,0,487
0.16,0.16,0.06,0.9116022099447514,0.926470588235294,0.8942307692307693,0.673469387755102,0.7159090909090909,0.6283783783783784,1.0,1.0,1.0,0,0,0,80,125,275,0.9125884352891178,0.6725856190141905,1.0,0,480
0.22,0.14,0.05,0.9188275084554679,0.9215915740198947,0.8833586626139818,0.7180616740088106,0.7015590200445434,0.6023316062176166,0.9878787878787879,1.0,1.0,2,0,0,64,134,307,0.9125629589564986,0.6739841000903235,0.9959595959595959,2,505
0.29,0.07,0.06,0.9310344827586207,0.8938706015891033,0.8942307692307693,0.7714285714285715,0.6274900398406374,0.6283783783783784,0.9818181818181818,1.0,1.0,3,0,0,48,187,275,0.9125245757021951,0.6757656632158624,0.993939393939394,3,510
0.15,0.12,0.12,0.908590308370044,0.9135730858468677,0.9206349206349207,0.6653225806451613,0.6788793103448276,0.703030303030303,1.0,1.0,0.9978494623655914,0,0,1,83,149,196,0.9124940640660664,0.6824107313400973,0.9992831541218639,1,428
0.3,0.08,0.05,0.933179723502304,0.8974358974358974,0.8833586626139818,0.7788461538461539,0.6363636363636364,0.6023316062176166,0.9818181818181818,1.0,1.0,3,0,0,46,180,307,0.9124923635047176,0.6725137988091356,0.993939393939394,3,533
0.23,0.1,0.07,0.92090395480226,0.9062140391254315,0.9004647560030984,0.7244444444444444,0.6589958158995816,0.6440443213296398,0.9878787878787879,1.0,1.0,2,0,0,62,163,257,0.912409140339379,0.675828193891222,0.9959595959595959,2,482
0.18,0.09,0.09,0.919732441471572,0.9015455065827132,0.9103367267032106,0.6962025316455697,0.6468172484599589,0.670028818443804,1.0,1.0,1.0,0,0,0,72,172,229,0.9123972180512421,0.6710161995164442,1.0,0,473
0.24,0.08,0.07,0.9261363636363638,0.8974358974358974,0.9004647560030984,0.740909090909091,0.6363636363636364,0.6440443213296398,0.9878787878787879,1.0,1.0,2,0,0,57,180,257,0.9123919022495708,0.6737723495341225,0.9959595959595959,2,494
0.21,0.11,0.1,0.914702581369248,0.9088286208886325,0.911949685534591,0.7056277056277056,0.6659619450317125,0.6783625730994152,0.9878787878787879,1.0,0.9978494623655914,2,0,1,68,158,220,0.9123898140581319,0.683317407919611,0.9952427500814597,3,446
0.24,0.11,0.05,0.9261363636363638,0.9088286208886325,0.8833586626139818,0.740909090909091,0.6659619450317125,0.6023316062176166,0.9878787878787879,1.0,1.0,2,0,0,57,158,307,0.9123885006075679,0.6697342140528066,0.9959595959595959,2,522
0.19,0.15,0.05,0.9162011173184358,0.9253819036427733,0.8833586626139818,0.6978723404255319,0.7126696832579186,0.6023316062176166,0.9939393939393939,1.0,1.0,1,0,0,71,127,307,0.9123868622748462,0.6709578766336891,0.9979797979797981,1,505
0.24,0.09,0.06,0.9261363636363638,0.9015455065827132,0.8942307692307693,0.740909090909091,0.6468172484599589,0.6283783783783784,0.9878787878787879,1.0,1.0,2,0,0,57,172,275,0.9123779876391497,0.6720349059158095,0.9959595959595959,2,504
0.25,0.07,0.07,0.928246013667426,0.8938706015891033,0.9004647560030984,0.7477064220183486,0.6274900398406374,0.6440443213296398,0.9878787878787879,1.0,1.0,2,0,0,55,187,257,0.9123771385110637,0.6730802610628753,0.9959595959595959,2,499
0.16,0.14,0.07,0.9116022099447514,0.9215915740198947,0.9004647560030984,0.673469387755102,0.7015590200445434,0.6440443213296398,1.0,1.0,1.0,0,0,0,80,134,257,0.9123715283789637,0.6730242430430952,1.0,0,471
0.15,0.13,0.1,0.908590308370044,0.9189031505250874,0.911949685534591,0.6653225806451613,0.6938325991189427,0.6783625730994152,1.0,1.0,0.9978494623655914,0,0,1,83,139,220,0.9123560364494664,0.6791725842878398,0.9992831541218639,1,442
0.17,0.11,0.1,0.9146341463414633,0.9088286208886325,0.911949685534591,0.6818181818181818,0.6659619450317125,0.6783625730994152,1.0,1.0,0.9978494623655914,0,0,1,77,158,220,0.9123555965442396,0.6753808999831031,0.9992831541218639,1,455
0.19,0.1,0.1,0.9162011173184358,0.9062140391254315,0.911949685534591,0.6978723404255319,0.6589958158995816,0.6783625730994152,0.9939393939393939,1.0,0.9978494623655914,1,0,1,71,163,220,0.9123547075037655,0.6784102431415096,0.9972629521016617,2,454
0.2,0.1,0.08,0.9182530795072789,0.9062140391254315,0.9067862714508581,0.703862660944206,0.6589958158995816,0.6605113636363636,0.9939393939393939,1.0,1.0,1,0,0,69,163,239,0.9123480057814404,0.6744566134933838,0.9979797979797981,1,471
0.14,0.14,0.09,0.9075907590759077,0.9215915740198947,0.9103367267032106,0.6626506024096386,0.7015590200445434,0.670028818443804,1.0,1.0,1.0,0,0,0,84,134,229,0.9123401970845645,0.6780794802993286,1.0,0,447
0.22,0.12,0.06,0.9188275084554679,0.9135730858468677,0.8942307692307693,0.7180616740088106,0.6788793103448276,0.6283783783783784,0.9878787878787879,1.0,1.0,2,0,0,64,149,275,0.9123318338279481,0.6751064542440055,0.9959595959595959,2,488
0.2,0.14,0.05,0.9182530795072789,0.9215915740198947,0.8833586626139818,0.703862660944206,0.7015590200445434,0.6023316062176166,0.9939393939393939,1.0,1.0,1,0,0,69,134,307,0.9122757444824042,0.6692510957354553,0.9979797979797981,1,510
0.23,0.09,0.08,0.92090395480226,0.9015455065827132,0.9067862714508581,0.7244444444444444,0.6468172484599589,0.6605113636363636,0.9878787878787879,1.0,1.0,2,0,0,62,172,239,0.9122728836661156,0.677257685513589,0.9959595959595959,2,473
0.19,0.12,0.07,0.9162011173184358,0.9135730858468677,0.9004647560030984,0.6978723404255319,0.6788793103448276,0.6440443213296398,0.9939393939393939,1.0,1.0,1,0,0,71,149,257,0.912265435613898,0.6735986573666665,0.9979797979797981,1,477
0.16,0.12,0.1,0.9116022099447514,0.9135730858468677,0.911949685534591,0.673469387755102,0.6788793103448276,0.6783625730994152,1.0,1.0,0.9978494623655914,0,0,1,80,149,220,0.9122629678333543,0.6769037570664483,0.9992831541218639,1,449
0.16,0.15,0.06,0.9116022099447514,0.9253819036427733,0.8942307692307693,0.673469387755102,0.7126696832579186,0.6283783783783784,1.0,1.0,1.0,0,0,0,80,127,275,0.9122618299113616,0.6715058164637996,1.0,0,482
0.18,0.13,0.05,0.919732441471572,0.9189031505250874,0.8833586626139818,0.6962025316455697,0.6938325991189427,0.6023316062176166,1.0,1.0,1.0,0,0,0,72,139,307,0.9122088984161085,0.6641222456607095,1.0,0,518
0.25,0.08,0.06,0.928246013667426,0.8974358974358974,0.8942307692307693,0.7477064220183486,0.6363636363636364,0.6283783783783784,0.9878787878787879,1.0,1.0,2,0,0,55,180,275,0.912199929910636,0.6708161455867878,0.9959595959595959,2,510
0.22,0.11,0.07,0.9188275084554679,0.9088286208886325,0.9004647560030984,0.7180616740088106,0.6659619450317125,0.6440443213296398,0.9878787878787879,1.0,1.0,2,0,0,64,158,257,0.9121552916949434,0.6760226467900544,0.9959595959595959,2,479
0.27,0.08,0.05,0.9324942791762013,0.8974358974358974,0.8833586626139818,0.7616822429906542,0.6363636363636364,0.6023316062176166,0.9878787878787879,1.0,1.0,2,0,0,51,180,307,0.9121496413416662,0.6667924951906357,0.9959595959595959,2,538
0.28,0.08,0.05,0.9324942791762013,0.8974358974358974,0.8833586626139818,0.7616822429906542,0.6363636363636364,0.6023316062176166,0.9878787878787879,1.0,1.0,2,0,0,51,180,307,0.9121496413416662,0.6667924951906357,0.9959595959595959,2,538
0.15,0.14,0.08,0.908590308370044,0.9215915740198947,0.9067862714508581,0.6653225806451613,0.7015590200445434,0.6605113636363636,1.0,1.0,1.0,0,0,0,83,134,239,0.912129880681162,0.675797654775356,1.0,0,456
0.19,0.11,0.08,0.9162011173184358,0.9088286208886325,0.9067862714508581,0.6978723404255319,0.6659619450317125,0.6605113636363636,0.9939393939393939,1.0,1.0,1,0,0,71,158,239,0.9121063992159792,0.6747818830312027,0.9979797979797981,1,468
0.21,0.11,0.09,0.914702581369248,0.9088286208886325,0.9103367267032106,0.7056277056277056,0.6659619450317125,0.670028818443804,0.9878787878787879,1.0,1.0,2,0,0,68,158,229,0.9120672222918559,0.680539489701074,0.9959595959595959,2,455
0.2,0.12,0.06,0.9182530795072789,0.9135730858468677,0.8942307692307693,0.703862660944206,0.6788793103448276,0.6283783783783784,0.9939393939393939,1.0,1.0,1,0,0,69,149,275,0.9120446193538536,0.6703734498891373,0.9979797979797981,1,493
0.15,0.13,0.09,0.908590308370044,0.9189031505250874,0.9103367267032106,0.6653225806451613,0.6938325991189427,0.670028818443804,1.0,1.0,1.0,0,0,0,83,139,229,0.9120334446831904,0.6763946660693027,1.0,0,451
0.17,0.11,0.09,0.9146341463414633,0.9088286208886325,0.9103367267032106,0.6818181818181818,0.6659619450317125,0.670028818443804,1.0,1.0,1.0,0,0,0,77,158,229,0.9120330047779636,0.6726029817645661,1.0,0,464
0.19,0.1,0.09,0.9162011173184358,0.9062140391254315,0.9103367267032106,0.6978723404255319,0.6589958158995816,0.670028818443804,0.9939393939393939,1.0,1.0,1,0,0,71,163,229,0.9120321157374894,0.6756323249229724,0.9979797979797981,1,463
0.15,0.15,0.07,0.908590308370044,0.9253819036427733,0.9004647560030984,0.6653225806451613,0.7126696832579186,0.6440443213296398,1.0,1.0,1.0,0,0,0,83,127,257,0.9120026764784737,0.6740121950775732,1.0,0,467
0.14,0.12,0.12,0.9075907590759077,0.9135730858468677,0.9206349206349207,0.6626506024096386,0.6788793103448276,0.703030303030303,1.0,1.0,0.9978494623655914,0,0,1,84,149,196,0.9119942894189983,0.6815200719282565,0.9992831541218639,1,429
0.21,0.16,0.05,0.914702581369248,0.926470588235294,0.8833586626139818,0.7056277056277056,0.7159090909090909,0.6023316062176166,0.9878787878787879,1.0,1.0,2,0,0,68,125,307,0.9119641996780085,0.6746228009181378,0.9959595959595959,2,500
0.23,0.11,0.06,0.92090395480226,0.9088286208886325,0.8942307692307693,0.7244444444444444,0.6659619450317125,0.6283783783783784,0.9878787878787879,1.0,1.0,2,0,0,62,158,275,0.9119467175138736,0.6729282559515117,0.9959595959595959,2,495
0.22,0.09,0.09,0.9188275084554679,0.9015455065827132,0.9103367267032106,0.7180616740088106,0.6468172484599589,0.670028818443804,0.9878787878787879,1.0,1.0,2,0,0,64,172,229,0.9119447515431901,0.6783025803041912,0.9959595959595959,2,465
0.16,0.12,0.09,0.9116022099447514,0.9135730858468677,0.9103367267032106,0.673469387755102,0.6788793103448276,0.670028818443804,1.0,1.0,1.0,0,0,0,80,149,229,0.9119403760670782,0.6741258388479112,1.0,0,458
0.17,0.16,0.05,0.9146341463414633,0.926470588235294,0.8833586626139818,0.6818181818181818,0.7159090909090909,0.6023316062176166,1.0,1.0,1.0,0,0,0,77,125,307,0.9119299821641161,0.6666862929816298,1.0,0,509
0.21,0.13,0.06,0.914702581369248,0.9189031505250874,0.8942307692307693,0.7056277056277056,0.6938325991189427,0.6283783783783784,0.9878787878787879,1.0,1.0,2,0,0,68,139,275,0.9118683896883041,0.6759462277083422,0.9959595959595959,2,482
0.2,0.11,0.07,0.9182530795072789,0.9088286208886325,0.9004647560030984,0.703862660944206,0.6659619450317125,0.6440443213296398,0.9939393939393939,1.0,1.0,1,0,0,69,158,257,0.911868077220849,0.6712896424351861,0.9979797979797981,1,484
0.13,0.13,0.13,0.9036144578313253,0.9189031505250874,0.9219434488251693,0.6521739130434783,0.6938325991189427,0.7112135176651305,1.0,1.0,0.9956989247311828,0,0,2,88,139,188,0.9118668638382227,0.6857400099425172,0.9985663082437276,2,415
0.14,0.13,0.1,0.9075907590759077,0.9189031505250874,0.911949685534591,0.6626506024096386,0.6938325991189427,0.6783625730994152,1.0,1.0,0.9978494623655914,0,0,1,84,139,220,0.9118562618023982,0.6782819248759987,0.9992831541218639,1,443
0.17,0.13,0.06,0.9146341463414633,0.9189031505250874,0.8942307692307693,0.6818181818181818,0.6938325991189427,0.6283783783783784,1.0,1.0,1.0,0,0,0,77,139,275,0.9118341721744118,0.6680097197718343,1.0,0,491
0.18,0.1,0.07,0.919732441471572,0.9062140391254315,0.9004647560030984,0.6962025316455697,0.6589958158995816,0.6440443213296398,1.0,1.0,1.0,0,0,0,72,163,257,0.911823383674035,0.6664142229582637,1.0,0,492
0.3,0.06,0.06,0.933179723502304,0.8878241262683202,0.8942307692307693,0.7788461538461539,0.6128404669260701,0.6283783783783784,0.9818181818181818,1.0,1.0,3,0,0,46,199,275,0.9117832534778019,0.6733549997168674,0.993939393939394,3,520
0.16,0.11,0.11,0.9116022099447514,0.9088286208886325,0.916633741604109,0.673469387755102,0.6659619450317125,0.6915052160953801,1.0,1.0,0.9978494623655914,0,0,1,80,158,207,0.9117764395597873,0.6769788496273982,0.9992831541218639,1,445
0.22,0.13,0.05,0.9188275084554679,0.9189031505250874,0.8833586626139818,0.7180616740088106,0.6938325991189427,0.6023316062176166,0.9878787878787879,1.0,1.0,2,0,0,64,139,307,0.9117564319080566,0.6714086264484567,0.9959595959595959,2,510
0.15,0.12,0.11,0.908590308370044,0.9135730858468677,0.916633741604109,0.6653225806451613,0.6788793103448276,0.6915052160953801,1.0,1.0,0.9978494623655914,0,0,1,83,149,207,0.9116938282599041,0.678569035695123,0.9992831541218639,1,439
0.18,0.09,0.08,0.919732441471572,0.9015455065827132,0.9067862714508581,0.6962025316455697,0.6468172484599589,0.6605113636363636,1.0,1.0,1.0,0,0,0,72,172,239,0.9116871270007716,0.6678437145806307,1.0,0,483
0.2,0.09,0.09,0.9182530795072789,0.9015455065827132,0.9103367267032106,0.703862660944206,0.6468172484599589,0.670028818443804,0.9939393939393939,1.0,1.0,1,0,0,69,172,229,0.9116575370690955,0.673569575949323,0.9979797979797981,1,470
0.21,0.15,0.05,0.914702581369248,0.9253819036427733,0.8833586626139818,0.7056277056277056,0.7126696832579186,0.6023316062176166,0.9878787878787879,1.0,1.0,2,0,0,68,127,307,0.9116375943002523,0.6735429983677469,0.9959595959595959,2,502
0.14,0.14,0.08,0.9075907590759077,0.9215915740198947,0.9067862714508581,0.6626506024096386,0.7015590200445434,0.6605113636363636,1.0,1.0,1.0,0,0,0,84,134,239,0.9116301060340939,0.6749069953635152,1.0,0,457
0.26,0.08,0.05,0.9314285714285714,0.8974358974358974,0.8833586626139818,0.7581395348837209,0.6363636363636364,0.6023316062176166,0.9878787878787879,1.0,1.0,2,0,0,52,180,307,0.9116167874678512,0.6656115924883247,0.9959595959595959,2,539
0.21,0.1,0.1,0.914702581369248,0.9062140391254315,0.911949685534591,0.7056277056277056,0.6589958158995816,0.6783625730994152,0.9878787878787879,1.0,0.9978494623655914,2,0,1,68,163,220,0.9116054395291716,0.6809953648755673,0.9952427500814597,3,451
0.13,0.13,0.12,0.9036144578313253,0.9189031505250874,0.9206349206349207,0.6521739130434783,0.6938325991189427,0.703030303030303,1.0,1.0,0.9978494623655914,0,0,1,88,139,196,0.911605158200173,0.6830122717309081,0.9992831541218639,1,423
0.24,0.1,0.05,0.9261363636363638,0.9062140391254315,0.8833586626139818,0.740909090909091,0.6589958158995816,0.6023316062176166,0.9878787878787879,1.0,1.0,2,0,0,57,163,307,0.9116041260786076,0.6674121710087629,0.9959595959595959,2,527
0.17,0.15,0.05,0.9146341463414633,0.9253819036427733,0.8833586626139818,0.6818181818181818,0.7126696832579186,0.6023316062176166,1.0,1.0,1.0,0,0,0,77,127,307,0.9116033767863599,0.665606490431239,1.0,0,511
0.17,0.1,0.1,0.9146341463414633,0.9062140391254315,0.911949685534591,0.6818181818181818,0.6589958158995816,0.6783625730994152,1.0,1.0,0.9978494623655914,0,0,1,77,163,220,0.9115712220152793,0.6730588569390594,0.9992831541218639,1,460
0.16,0.13,0.07,0.9116022099447514,0.9189031505250874,0.9004647560030984,0.673469387755102,0.6938325991189427,0.6440443213296398,1.0,1.0,1.0,0,0,0,80,139,257,0.9115650013305217,0.6704487694012281,1.0,0,476
0.14,0.13,0.09,0.9075907590759077,0.9189031505250874,0.9103367267032106,0.6626506024096386,0.6938325991189427,0.670028818443804,1.0,1.0,1.0,0,0,0,84,139,229,0.9115336700361222,0.6755040066574618,1.0,0,452
0.21,0.12,0.07,0.914702581369248,0.9135730858468677,0.9004647560030984,0.7056277056277056,0.6788793103448276,0.6440443213296398,0.9878787878787879,1.0,1.0,2,0,0,68,149,257,0.911516167639304,0.6761837791007244,0.9959595959595959,2,474
0.17,0.12,0.07,0.9146341463414633,0.9135730858468677,0.9004647560030984,0.6818181818181818,0.6788793103448276,0.6440443213296398,1.0,1.0,1.0,0,0,0,77,149,257,0.9114819501254117,0.6682472711642164,1.0,0,483
0.2,0.13,0.05,0.9182530795072789,0.9189031505250874,0.8833586626139818,0.703862660944206,0.6938325991189427,0.6023316062176166,0.9939393939393939,1.0,1.0,1,0,0,69,139,307,0.9114692174339619,0.6666756220935884,0.9979797979797981,1,515
0.27,0.06,0.06,0.9324942791762013,0.8878241262683202,0.8942307692307693,0.7616822429906542,0.6128404669260701,0.6283783783783784,0.9878787878787879,1.0,1.0,2,0,0,51,199,275,0.9114405313147506,0.6676336960983676,0.9959595959595959,2,525
0.28,0.06,0.06,0.9324942791762013,0.8878241262683202,0.8942307692307693,0.7616822429906542,0.6128404669260701,0.6283783783783784,0.9878787878787879,1.0,1.0,2,0,0,51,199,275,0.9114405313147506,0.6676336960983676,0.9959595959595959,2,525
0.3,0.07,0.05,0.933179723502304,0.8938706015891033,0.8833586626139818,0.7788461538461539,0.6274900398406374,0.6023316062176166,0.9818181818181818,1.0,1.0,3,0,0,46,187,307,0.9114227747506793,0.6695559333014693,0.993939393939394,3,540
0.29,0.08,0.05,0.9310344827586207,0.8974358974358974,0.8833586626139818,0.7714285714285715,0.6363636363636364,0.6023316062176166,0.9818181818181818,1.0,1.0,3,0,0,48,180,307,0.9114197431328759,0.6700412713366082,0.993939393939394,3,535
0.22,0.1,0.07,0.9188275084554679,0.9062140391254315,0.9004647560030984,0.7180616740088106,0.6589958158995816,0.6440443213296398,0.9878787878787879,1.0,1.0,2,0,0,64,163,257,0.9113709171659832,0.6737006037460107,0.9959595959595959,2,484
0.18,0.11,0.06,0.919732441471572,0.9088286208886325,0.8942307692307693,0.6962025316455697,0.6659619450317125,0.6283783783783784,1.0,1.0,1.0,0,0,0,72,158,275,0.9113609608485296,0.6635142850185535,1.0,0,505
0.21,0.11,0.08,0.914702581369248,0.9088286208886325,0.9067862714508581,0.7056277056277056,0.6659619450317125,0.6605113636363636,0.9878787878787879,1.0,1.0,2,0,0,68,158,239,0.9113571312413853,0.6773670047652606,0.9959595959595959,2,465
0.15,0.13,0.08,0.908590308370044,0.9189031505250874,0.9067862714508581,0.6653225806451613,0.6938325991189427,0.6605113636363636,1.0,1.0,1.0,0,0,0,83,139,239,0.9113233536327199,0.6732221811334892,1.0,0,461
0.17,0.11,0.08,0.9146341463414633,0.9088286208886325,0.9067862714508581,0.6818181818181818,0.6659619450317125,0.6605113636363636,1.0,1.0,1.0,0,0,0,77,158,239,0.911322913727493,0.6694304968287527,1.0,0,474
0.24,0.07,0.07,0.9261363636363638,0.8938706015891033,0.9004647560030984,0.740909090909091,0.6274900398406374,0.6440443213296398,0.9878787878787879,1.0,1.0,2,0,0,57,187,257,0.9113223134955326,0.6708144840264562,0.9959595959595959,2,501
0.19,0.1,0.08,0.9162011173184358,0.9062140391254315,0.9067862714508581,0.6978723404255319,0.6589958158995816,0.6605113636363636,0.9939393939393939,1.0,1.0,1,0,0,71,163,239,0.9113220246870188,0.672459839987159,0.9979797979797981,1,473
0.21,0.1,0.09,0.914702581369248,0.9062140391254315,0.9103367267032106,0.7056277056277056,0.6589958158995816,0.670028818443804,0.9878787878787879,1.0,1.0,2,0,0,68,163,229,0.9112828477628956,0.6782174466570304,0.9959595959595959,2,460
0.25,0.09,0.05,0.928246013667426,0.9015455065827132,0.8833586626139818,0.7477064220183486,0.6468172484599589,0.6023316062176166,0.9878787878787879,1.0,1.0,2,0,0,55,172,307,0.9112583913313232,0.665618425565308,0.9959595959595959,2,534
0.19,0.14,0.05,0.9162011173184358,0.9215915740198947,0.8833586626139818,0.6978723404255319,0.7015590200445434,0.6023316062176166,0.9939393939393939,1.0,1.0,1,0,0,71,134,307,0.9112497633879827,0.6672543222292306,0.9979797979797981,1,512
0.17,0.1,0.09,0.9146341463414633,0.9062140391254315,0.9103367267032106,0.6818181818181818,0.6589958158995816,0.670028818443804,1.0,1.0,1.0,0,0,0,77,163,229,0.9112486302490033,0.6702809387205225,1.0,0,469
0.22,0.09,0.08,0.9188275084554679,0.9015455065827132,0.9067862714508581,0.7180616740088106,0.6468172484599589,0.6605113636363636,0.9878787878787879,1.0,1.0,2,0,0,64,172,239,0.9112346604927195,0.6751300953683778,0.9959595959595959,2,475
0.16,0.12,0.08,0.9116022099447514,0.9135730858468677,0.9067862714508581,0.673469387755102,0.6788793103448276,0.6605113636363636,1.0,1.0,1.0,0,0,0,80,149,239,0.9112302850166076,0.6709533539120978,1.0,0,468
0.23,0.12,0.05,0.92090395480226,0.9135730858468677,0.8833586626139818,0.7244444444444444,0.6788793103448276,0.6023316062176166,0.9878787878787879,1.0,1.0,2,0,0,62,149,307,0.9111956356779866,0.6685517870022962,0.9959595959595959,2,518
0.14,0.12,0.11,0.9075907590759077,0.9135730858468677,0.916633741604109,0.6626506024096386,0.6788793103448276,0.6915052160953801,1.0,1.0,0.9978494623655914,0,0,1,84,149,207,0.911194053612836,0.6776783762832821,0.9992831541218639,1,440
0.23,0.1,0.06,0.92090395480226,0.9062140391254315,0.8942307692307693,0.7244444444444444,0.6589958158995816,0.6283783783783784,0.9878787878787879,1.0,1.0,2,0,0,62,163,275,0.9111623429849133,0.6706062129074682,0.9959595959595959,2,500
0.24,0.08,0.06,0.9261363636363638,0.8974358974358974,0.8942307692307693,0.740909090909091,0.6363636363636364,0.6283783783783784,0.9878787878787879,1.0,1.0,2,0,0,57,180,275,0.9111451048951049,0.6685503685503686,0.9959595959595959,2,512
0.25,0.07,0.06,0.928246013667426,0.8938706015891033,0.8942307692307693,0.7477064220183486,0.6274900398406374,0.6283783783783784,0.9878787878787879,1.0,1.0,2,0,0,55,187,275,0.9111303411565979,0.6678582800791215,0.9959595959595959,2,517
0.16,0.14,0.06,0.9116022099447514,0.9215915740198947,0.8942307692307693,0.673469387755102,0.7015590200445434,0.6283783783783784,1.0,1.0,1.0,0,0,0,80,134,275,0.911124731024498,0.6678022620593413,1.0,0,489
0.2,0.1,0.07,0.9182530795072789,0.9062140391254315,0.9004647560030984,0.703862660944206,0.6589958158995816,0.6440443213296398,0.9939393939393939,1.0,1.0,1,0,0,69,163,257,0.9110837026918885,0.6689675993911425,0.9979797979797981,1,489
0.27,0.07,0.05,0.9324942791762013,0.8938706015891033,0.8833586626139818,0.7616822429906542,0.6274900398406374,0.6023316062176166,0.9878787878787879,1.0,1.0,2,0,0,51,187,307,0.911080052587628,0.6638346296829694,0.9959595959595959,2,545
0.28,0.07,0.05,0.9324942791762013,0.8938706015891033,0.8833586626139818,0.7616822429906542,0.6274900398406374,0.6023316062176166,0.9878787878787879,1.0,1.0,2,0,0,51,187,307,0.911080052587628,0.6638346296829694,0.9959595959595959,2,545
0.23,0.08,0.08,0.92090395480226,0.8974358974358974,0.9067862714508581,0.7244444444444444,0.6363636363636364,0.6605113636363636,0.9878787878787879,1.0,1.0,2,0,0,62,180,239,0.9110400009220707,0.6737731481481481,0.9959595959595959,2,481
0.19,0.12,0.06,0.9162011173184358,0.9135730858468677,0.8942307692307693,0.6978723404255319,0.6788793103448276,0.6283783783783784,0.9939393939393939,1.0,1.0,1,0,0,71,149,275,0.9110186382594321,0.6683766763829126,0.9979797979797981,1,495
0.23,0.09,0.07,0.92090395480226,0.9015455065827132,0.9004647560030984,0.7244444444444444,0.6468172484599589,0.6440443213296398,0.9878787878787879,1.0,1.0,2,0,0,62,172,257,0.9110085805765635,0.6717686714113477,0.9959595959595959,2,491
0.2,0.09,0.08,0.9182530795072789,0.9015455065827132,0.9067862714508581,0.703862660944206,0.6468172484599589,0.6605113636363636,0.9939393939393939,1.0,1.0,1,0,0,69,172,239,0.9109474460186249,0.6703970910135095,0.9979797979797981,1,480
0.22,0.11,0.06,0.9188275084554679,0.9088286208886325,0.8942307692307693,0.7180616740088106,0.6659619450317125,0.6283783783783784,0.9878787878787879,1.0,1.0,2,0,0,64,158,275,0.9109084943404775,0.6708006658063005,0.9959595959595959,2,497
0.26,0.06,0.06,0.9314285714285714,0.8878241262683202,0.8942307692307693,0.7581395348837209,0.6128404669260701,0.6283783783783784,0.9878787878787879,1.0,1.0,2,0,0,52,199,275,0.9109076774409356,0.6664527933960565,0.9959595959595959,2,526
0.15,0.14,0.07,0.908590308370044,0.9215915740198947,0.9004647560030984,0.6653225806451613,0.7015590200445434,0.6440443213296398,1.0,1.0,1.0,0,0,0,83,134,257,0.9108655775916101,0.6703086406731149,1.0,0,474
0.19,0.11,0.07,0.9162011173184358,0.9088286208886325,0.9004647560030984,0.6978723404255319,0.6659619450317125,0.6440443213296398,0.9939393939393939,1.0,1.0,1,0,0,71,158,257,0.9108420961264274,0.6692928689289613,0.9979797979797981,1,486
0.16,0.11,0.1,0.9116022099447514,0.9088286208886325,0.911949685534591,0.673469387755102,0.6659619450317125,0.6783625730994152,1.0,1.0,0.9978494623655914,0,0,1,80,158,220,0.9108396283458836,0.6725979686287431,0.9992831541218639,1,458
0.14,0.13,0.08,0.9075907590759077,0.9189031505250874,0.9067862714508581,0.6626506024096386,0.6938325991189427,0.6605113636363636,1.0,1.0,1.0,0,0,0,84,139,239,0.9108235789856516,0.6723315217216483,1.0,0,462
0.13,0.13,0.11,0.9036144578313253,0.9189031505250874,0.916633741604109,0.6521739130434783,0.6938325991189427,0.6915052160953801,1.0,1.0,0.9978494623655914,0,0,1,88,139,207,0.9108049223940107,0.6791705760859337,0.9992831541218639,1,434
0.15,0.12,0.1,0.908590308370044,0.9135730858468677,0.911949685534591,0.6653225806451613,0.6788793103448276,0.6783625730994152,1.0,1.0,0.9978494623655914,0,0,1,83,149,220,0.9107570170460004,0.6741881546964681,0.9992831541218639,1,452
0.15,0.15,0.06,0.908590308370044,0.9253819036427733,0.8942307692307693,0.6653225806451613,0.7126696832579186,0.6283783783783784,1.0,1.0,1.0,0,0,0,83,127,275,0.9107558791240078,0.6687902140938194,1.0,0,485
0.29,0.06,0.06,0.9310344827586207,0.8878241262683202,0.8942307692307693,0.7714285714285715,0.6128404669260701,0.6283783783783784,0.9818181818181818,1.0,1.0,3,0,0,48,199,275,0.9107106331059602,0.67088247224434,0.993939393939394,3,522
0.19,0.09,0.09,0.9162011173184358,0.9015455065827132,0.9103367267032106,0.6978723404255319,0.6468172484599589,0.670028818443804,0.9939393939393939,1.0,1.0,1,0,0,71,172,229,0.9106315559746739,0.6715728024430984,0.9979797979797981,1,472
0.2,0.11,0.06,0.9182530795072789,0.9088286208886325,0.8942307692307693,0.703862660944206,0.6659619450317125,0.6283783783783784,0.9939393939393939,1.0,1.0,1,0,0,69,158,275,0.9106212798663831,0.6660676614514323,0.9979797979797981,1,502
0.18,0.12,0.05,0.919732441471572,0.9135730858468677,0.8833586626139818,0.6962025316455697,0.6788793103448276,0.6023316062176166,1.0,1.0,1.0,0,0,0,72,149,307,0.9106098790126426,0.6591378160693379,1.0,0,528
0.18,0.1,0.06,0.919732441471572,0.9062140391254315,0.8942307692307693,0.6962025316455697,0.6589958158995816,0.6283783783783784,1.0,1.0,1.0,0,0,0,72,163,275,0.9105765863195693,0.6611922419745099,1.0,0,510
0.21,0.1,0.08,0.914702581369248,0.9062140391254315,0.9067862714508581,0.7056277056277056,0.6589958158995816,0.6605113636363636,0.9878787878787879,1.0,1.0,2,0,0,68,163,239,0.9105727567124251,0.675044961721217,0.9959595959595959,2,470
0.26,0.07,0.05,0.9314285714285714,0.8938706015891033,0.8833586626139818,0.7581395348837209,0.6274900398406374,0.6023316062176166,0.9878787878787879,1.0,1.0,2,0,0,52,187,307,0.9105471987138131,0.6626537269806584,0.9959595959595959,2,546
0.17,0.1,0.08,0.9146341463414633,0.9062140391254315,0.9067862714508581,0.6818181818181818,0.6589958158995816,0.6605113636363636,1.0,1.0,1.0,0,0,0,77,163,239,0.9105385391985328,0.6671084537847091,1.0,0,479
0.16,0.11,0.09,0.9116022099447514,0.9088286208886325,0.9103367267032106,0.673469387755102,0.6659619450317125,0.670028818443804,1.0,1.0,1.0,0,0,0,80,158,229,0.9105170365796076,0.6698200504102062,1.0,0,467
0.21,0.14,0.05,0.914702581369248,0.9215915740198947,0.8833586626139818,0.7056277056277056,0.7015590200445434,0.6023316062176166,0.9878787878787879,1.0,1.0,2,0,0,68,134,307,0.9105004954133887,0.6698394439632885,0.9959595959595959,2,509
0.17,0.14,0.05,0.9146341463414633,0.9215915740198947,0.8833586626139818,0.6818181818181818,0.7015590200445434,0.6023316062176166,1.0,1.0,1.0,0,0,0,77,134,307,0.9104662778994964,0.6619029360267805,1.0,0,518
0.18,0.08,0.08,0.919732441471572,0.8974358974358974,0.9067862714508581,0.6962025316455697,0.6363636363636364,0.6605113636363636,1.0,1.0,1.0,0,0,0,72,180,239,0.9104542442567267,0.6643591772151899,1.0,0,491
0.19,0.13,0.05,0.9162011173184358,0.9189031505250874,0.8833586626139818,0.6978723404255319,0.6938325991189427,0.6023316062176166,0.9939393939393939,1.0,1.0,1,0,0,71,139,307,0.9104432363395404,0.6646788485873637,0.9979797979797981,1,517
0.15,0.12,0.09,0.908590308370044,0.9135730858468677,0.9103367267032106,0.6653225806451613,0.6788793103448276,0.670028818443804,1.0,1.0,1.0,0,0,0,83,149,229,0.9104344252797244,0.671410236477931,1.0,0,461
0.18,0.09,0.07,0.919732441471572,0.9015455065827132,0.9004647560030984,0.6962025316455697,0.6468172484599589,0.6440443213296398,1.0,1.0,1.0,0,0,0,72,172,257,0.9104228239112195,0.6623547004783895,1.0,0,501
0.16,0.16,0.05,0.9116022099447514,0.926470588235294,0.8833586626139818,0.673469387755102,0.7159090909090909,0.6023316062176166,1.0,1.0,1.0,0,0,0,80,125,307,0.9104140139657603,0.6639033616272698,1.0,0,512
0.14,0.14,0.07,0.9075907590759077,0.9215915740198947,0.9004647560030984,0.6626506024096386,0.7015590200445434,0.6440443213296398,1.0,1.0,1.0,0,0,0,84,134,257,0.9103658029445421,0.6694179812612738,1.0,0,475
0.29,0.07,0.05,0.9310344827586207,0.8938706015891033,0.8833586626139818,0.7714285714285715,0.6274900398406374,0.6023316062176166,0.9818181818181818,1.0,1.0,3,0,0,48,187,307,0.9103501543788376,0.6670834058289419,0.993939393939394,3,542
0.16,0.13,0.06,0.9116022099447514,0.9189031505250874,0.8942307692307693,0.673469387755102,0.6938325991189427,0.6283783783783784,1.0,1.0,1.0,0,0,0,80,139,275,0.9103182039760558,0.6652267884174744,1.0,0,494
0.15,0.11,0.11,0.908590308370044,0.9088286208886325,0.916633741604109,0.6653225806451613,0.6659619450317125,0.6915052160953801,1.0,1.0,0.9978494623655914,0,0,1,83,158,207,0.9102704887724336,0.6742632472574179,0.9992831541218639,1,448
0.21,0.12,0.06,0.914702581369248,0.9135730858468677,0.8942307692307693,0.7056277056277056,0.6788793103448276,0.6283783783783784,0.9878787878787879,1.0,1.0,2,0,0,68,149,275,0.9102693702848381,0.6709617981169705,0.9959595959595959,2,492
0.14,0.12,0.1,0.9075907590759077,0.9135730858468677,0.911949685534591,0.6626506024096386,0.6788793103448276,0.6783625730994152,1.0,1.0,0.9978494623655914,0,0,1,84,149,220,0.9102572423989324,0.673297495284627,0.9992831541218639,1,453
0.17,0.12,0.06,0.9146341463414633,0.9135730858468677,0.8942307692307693,0.6818181818181818,0.6788793103448276,0.6283783783783784,1.0,1.0,1.0,0,0,0,77,149,275,0.9102351527709458,0.6630252901804626,1.0,0,501
0.24,0.09,0.05,0.9261363636363638,0.9015455065827132,0.8833586626139818,0.740909090909091,0.6468172484599589,0.6023316062176166,0.9878787878787879,1.0,1.0,2,0,0,57,172,307,0.9102035663157921,0.6633526485288889,0.9959595959595959,2,536
0.22,0.12,0.05,0.9188275084554679,0.9135730858468677,0.8833586626139818,0.7180616740088106,0.6788793103448276,0.6023316062176166,0.9878787878787879,1.0,1.0,2,0,0,64,149,307,0.9101574125045906,0.666424196857085,0.9959595959595959,2,520
0.22,0.1,0.06,0.9188275084554679,0.9062140391254315,0.8942307692307693,0.7180616740088106,0.6589958158995816,0.6283783783783784,0.9878787878787879,1.0,1.0,2,0,0,64,163,275,0.9101241198115173,0.6684786227622569,0.9959595959595959,2,502
0.21,0.11,0.07,0.914702581369248,0.9088286208886325,0.9004647560030984,0.7056277056277056,0.6659619450317125,0.6440443213296398,0.9878787878787879,1.0,1.0,2,0,0,68,158,257,0.9100928281518335,0.6718779906630193,0.9959595959595959,2,483
0.16,0.15,0.05,0.9116022099447514,0.9253819036427733,0.8833586626139818,0.673469387755102,0.7126696832579186,0.6023316062176166,1.0,1.0,1.0,0,0,0,80,127,307,0.9100874085880041,0.6628235590768791,1.0,0,514
0.24,0.07,0.06,0.9261363636363638,0.8938706015891033,0.8942307692307693,0.740909090909091,0.6274900398406374,0.6283783783783784,0.9878787878787879,1.0,1.0,2,0,0,57,187,275,0.9100755161410667,0.6655925030427023,0.9959595959595959,2,519
0.15,0.13,0.07,0.908590308370044,0.9189031505250874,0.9004647560030984,0.6653225806451613,0.6938325991189427,0.6440443213296398,1.0,1.0,1.0,0,0,0,83,139,257,0.9100590505431678,0.667733167031248,1.0,0,479
0.17,0.11,0.07,0.9146341463414633,0.9088286208886325,0.9004647560030984,0.6818181818181818,0.6659619450317125,0.6440443213296398,1.0,1.0,1.0,0,0,0,77,158,257,0.9100586106379411,0.6639414827265114,1.0,0,492
0.19,0.1,0.07,0.9162011173184358,0.9062140391254315,0.9004647560030984,0.6978723404255319,0.6589958158995816,0.6440443213296398,0.9939393939393939,1.0,1.0,1,0,0,71,163,257,0.910057721597467,0.6669708258849179,0.9979797979797981,1,491
0.16,0.1,0.1,0.9116022099447514,0.9062140391254315,0.911949685534591,0.673469387755102,0.6589958158995816,0.6783625730994152,1.0,1.0,0.9978494623655914,0,0,1,80,163,220,0.9100552538169233,0.6702759255846996,0.9992831541218639,1,463
0.25,0.08,0.05,0.928246013667426,0.8974358974358974,0.8833586626139818,0.7477064220183486,0.6363636363636364,0.6023316062176166,0.9878787878787879,1.0,1.0,2,0,0,55,180,307,0.9100255085872785,0.6621338881998672,0.9959595959595959,2,542
0.13,0.12,0.12,0.9036144578313253,0.9135730858468677,0.9206349206349207,0.6521739130434783,0.6788793103448276,0.703030303030303,1.0,1.0,0.9978494623655914,0,0,1,88,149,196,0.9100061387967071,0.6780278421395364,0.9992831541218639,1,433
0.22,0.08,0.08,0.9188275084554679,0.8974358974358974,0.9067862714508581,0.7180616740088106,0.6363636363636364,0.6605113636363636,0.9878787878787879,1.0,1.0,2,0,0,64,180,239,0.9100017777486749,0.6716455580029369,0.9959595959595959,2,483
0.22,0.09,0.07,0.9188275084554679,0.9015455065827132,0.9004647560030984,0.7180616740088106,0.6468172484599589,0.6440443213296398,0.9878787878787879,1.0,1.0,2,0,0,64,172,257,0.9099703574031677,0.6696410812661364,0.9959595959595959,2,493
0.16,0.12,0.07,0.9116022099447514,0.9135730858468677,0.9004647560030984,0.673469387755102,0.6788793103448276,0.6440443213296398,1.0,1.0,1.0,0,0,0,80,149,257,0.9099659819270558,0.6654643398098564,1.0,0,486
0.14,0.12,0.09,0.9075907590759077,0.9135730858468677,0.9103367267032106,0.6626506024096386,0.6788793103448276,0.670028818443804,1.0,1.0,1.0,0,0,0,84,149,229,0.9099346506326563,0.6705195770660901,1.0,0,462
0.19,0.09,0.08,0.9162011173184358,0.9015455065827132,0.9067862714508581,0.6978723404255319,0.6468172484599589,0.6605113636363636,0.9939393939393939,1.0,1.0,1,0,0,71,172,239,0.9099214649242033,0.6684003175072849,0.9979797979797981,1,482
0.21,0.09,0.09,0.914702581369248,0.9015455065827132,0.9103367267032106,0.7056277056277056,0.6468172484599589,0.670028818443804,0.9878787878787879,1.0,1.0,2,0,0,68,172,229,0.9098822880000801,0.6741579241771563,0.9959595959595959,2,469
0.2,0.12,0.05,0.9182530795072789,0.9135730858468677,0.8833586626139818,0.703862660944206,0.6788793103448276,0.6023316062176166,0.9939393939393939,1.0,1.0,1,0,0,69,149,307,0.9098701980304961,0.6616911925022168,0.9979797979797981,1,525
0.13,0.13,0.1,0.9036144578313253,0.9189031505250874,0.911949685534591,0.6521739130434783,0.6938325991189427,0.6783625730994152,1.0,1.0,0.9978494623655914,0,0,1,88,139,220,0.909868111180107,0.6747896950872786,0.9992831541218639,1,447
0.17,0.09,0.09,0.9146341463414633,0.9015455065827132,0.9103367267032106,0.6818181818181818,0.6468172484599589,0.670028818443804,1.0,1.0,1.0,0,0,0,77,172,229,0.9098480704861878,0.6662214162406482,1.0,0,478
0.2,0.1,0.06,0.9182530795072789,0.9062140391254315,0.8942307692307693,0.703862660944206,0.6589958158995816,0.6283783783783784,0.9939393939393939,1.0,1.0,1,0,0,69,163,275,0.9098369053374227,0.6637456184073888,0.9979797979797981,1,507
0.16,0.11,0.08,0.9116022099447514,0.9088286208886325,0.9067862714508581,0.673469387755102,0.6659619450317125,0.6605113636363636,1.0,1.0,1.0,0,0,0,80,158,239,0.9098069455291371,0.6666475654743927,1.0,0,477
0.23,0.08,0.07,0.92090395480226,0.8974358974358974,0.9004647560030984,0.7244444444444444,0.6363636363636364,0.6440443213296398,0.9878787878787879,1.0,1.0,2,0,0,62,180,257,0.9097756978325189,0.6682841340459068,0.9959595959595959,2,499
0.23,0.11,0.05,0.92090395480226,0.9088286208886325,0.8833586626139818,0.7244444444444444,0.6659619450317125,0.6023316062176166,0.9878787878787879,1.0,1.0,2,0,0,62,158,307,0.909772296190516,0.6642459985645912,0.9959595959595959,2,527
0.14,0.11,0.11,0.9075907590759077,0.9088286208886325,0.916633741604109,0.6626506024096386,0.6659619450317125,0.6915052160953801,1.0,1.0,0.9978494623655914,0,0,1,84,158,207,0.9097707141253655,0.6733725878455771,0.9992831541218639,1,449
0.23,0.09,0.06,0.92090395480226,0.9015455065827132,0.8942307692307693,0.7244444444444444,0.6468172484599589,0.6283783783783784,0.9878787878787879,1.0,1.0,2,0,0,62,172,275,0.9097617832220978,0.666546690427594,0.9959595959595959,2,509
0.16,0.1,0.09,0.9116022099447514,0.9062140391254315,0.9103367267032106,0.673469387755102,0.6589958158995816,0.670028818443804,1.0,1.0,1.0,0,0,0,80,163,229,0.9097326620506473,0.6674980073661625,1.0,0,472
0.15,0.12,0.08,0.908590308370044,0.9135730858468677,0.9067862714508581,0.6653225806451613,0.6788793103448276,0.6605113636363636,1.0,1.0,1.0,0,0,0,83,149,239,0.9097243342292538,0.6682377515421175,1.0,0,471
0.2,0.08,0.08,0.9182530795072789,0.8974358974358974,0.9067862714508581,0.703862660944206,0.6363636363636364,0.6605113636363636,0.9939393939393939,1.0,1.0,1,0,0,69,180,239,0.9097145632745802,0.6669125536480687,0.9979797979797981,1,488
0.21,0.13,0.05,0.914702581369248,0.9189031505250874,0.8833586626139818,0.7056277056277056,0.6938325991189427,0.6023316062176166,0.9878787878787879,1.0,1.0,2,0,0,68,139,307,0.9096939683649465,0.6672639703214216,0.9959595959595959,2,514
0.2,0.09,0.07,0.9182530795072789,0.9015455065827132,0.9004647560030984,0.703862660944206,0.6468172484599589,0.6440443213296398,0.9939393939393939,1.0,1.0,1,0,0,69,172,257,0.909683142929073,0.6649080769112682,0.9979797979797981,1,498
0.17,0.13,0.05,0.9146341463414633,0.9189031505250874,0.8833586626139818,0.6818181818181818,0.6938325991189427,0.6023316062176166,1.0,1.0,1.0,0,0,0,77,139,307,0.9096597508510542,0.6593274623849137,1.0,0,523
0.15,0.14,0.06,0.908590308370044,0.9215915740198947,0.8942307692307693,0.6653225806451613,0.7015590200445434,0.6283783783783784,1.0,1.0,1.0,0,0,0,83,134,275,0.9096187802371443,0.665086659689361,1.0,0,492
0.3,0.06,0.05,0.933179723502304,0.8878241262683202,0.8833586626139818,0.7788461538461539,0.6128404669260701,0.6023316062176166,0.9818181818181818,1.0,1.0,3,0,0,46,199,307,0.9096088321544443,0.6646727423299468,0.993939393939394,3,552
0.19,0.11,0.06,0.9162011173184358,0.9088286208886325,0.8942307692307693,0.6978723404255319,0.6659619450317125,0.6283783783783784,0.9939393939393939,1.0,1.0,1,0,0,71,158,275,0.9095952987719615,0.6640708879452076,0.9979797979797981,1,504
0.14,0.13,0.07,0.9075907590759077,0.9189031505250874,0.9004647560030984,0.6626506024096386,0.6938325991189427,0.6440443213296398,1.0,1.0,1.0,0,0,0,84,139,257,0.9095592758960998,0.666842507619407,1.0,0,480
0.13,0.13,0.09,0.9036144578313253,0.9189031505250874,0.9103367267032106,0.6521739130434783,0.6938325991189427,0.670028818443804,1.0,1.0,1.0,0,0,0,88,139,229,0.909545519413831,0.6720117768687417,1.0,0,456
0.15,0.11,0.1,0.908590308370044,0.9088286208886325,0.911949685534591,0.6653225806451613,0.6659619450317125,0.6783625730994152,1.0,1.0,0.9978494623655914,0,0,1,83,158,220,0.9093336775585299,0.6698823662587629,0.9992831541218639,1,461
0.25,0.06,0.06,0.928246013667426,0.8878241262683202,0.8942307692307693,0.7477064220183486,0.6128404669260701,0.6283783783783784,0.9878787878787879,1.0,1.0,2,0,0,55,199,275,0.909316398560363,0.6629750891075991,0.9959595959595959,2,529
0.21,0.1,0.07,0.914702581369248,0.9062140391254315,0.9004647560030984,0.7056277056277056,0.6589958158995816,0.6440443213296398,0.9878787878787879,1.0,1.0,2,0,0,68,163,257,0.909308453622873,0.6695559476189756,0.9959595959595959,2,488
0.17,0.1,0.07,0.9146341463414633,0.9062140391254315,0.9004647560030984,0.6818181818181818,0.6589958158995816,0.6440443213296398,1.0,1.0,1.0,0,0,0,77,163,257,0.9092742361089807,0.6616194396824677,1.0,0,497
0.27,0.06,0.05,0.9324942791762013,0.8878241262683202,0.8833586626139818,0.7616822429906542,0.6128404669260701,0.6023316062176166,0.9878787878787879,1.0,1.0,2,0,0,51,199,307,0.909266109991393,0.6589514387114469,0.9959595959595959,2,557
0.28,0.06,0.05,0.9324942791762013,0.8878241262683202,0.8833586626139818,0.7616822429906542,0.6128404669260701,0.6023316062176166,0.9878787878787879,1.0,1.0,2,0,0,51,199,307,0.909266109991393,0.6589514387114469,0.9959595959595959,2,557
0.14,0.12,0.08,0.9075907590759077,0.9135730858468677,0.9067862714508581,0.6626506024096386,0.6788793103448276,0.6605113636363636,1.0,1.0,1.0,0,0,0,84,149,239,0.9092245595821857,0.6673470921302767,1.0,0,472
0.13,0.12,0.11,0.9036144578313253,0.9135730858468677,0.916633741604109,0.6521739130434783,0.6788793103448276,0.6915052160953801,1.0,1.0,0.9978494623655914,0,0,1,88,149,207,0.9092059029905448,0.674186146494562,0.9992831541218639,1,444
0.18,0.08,0.07,0.919732441471572,0.8974358974358974,0.9004647560030984,0.6962025316455697,0.6363636363636364,0.6440443213296398,1.0,1.0,1.0,0,0,0,72,180,257,0.9091899411671749,0.6588701631129487,1.0,0,509
0.18,0.11,0.05,0.919732441471572,0.9088286208886325,0.8833586626139818,0.6962025316455697,0.6659619450317125,0.6023316062176166,1.0,1.0,1.0,0,0,0,72,158,307,0.909186539525172,0.6548320276316328,1.0,0,537
0.18,0.09,0.06,0.919732441471572,0.9015455065827132,0.8942307692307693,0.6962025316455697,0.6468172484599589,0.6283783783783784,1.0,1.0,1.0,0,0,0,72,172,275,0.9091760265567538,0.6571327194946357,1.0,0,519
0.21,0.09,0.08,0.914702581369248,0.9015455065827132,0.9067862714508581,0.7056277056277056,0.6468172484599589,0.6605113636363636,0.9878787878787879,1.0,1.0,2,0,0,68,172,239,0.9091721969496096,0.6709854392413428,0.9959595959595959,2,479
0.17,0.09,0.08,0.9146341463414633,0.9015455065827132,0.9067862714508581,0.6818181818181818,0.6468172484599589,0.6605113636363636,1.0,1.0,1.0,0,0,0,77,172,239,0.9091379794357173,0.6630489313048348,1.0,0,488
0.14,0.14,0.06,0.9075907590759077,0.9215915740198947,0.8942307692307693,0.6626506024096386,0.7015590200445434,0.6283783783783784,1.0,1.0,1.0,0,0,0,84,134,275,0.9091190055900762,0.6641960002775201,1.0,0,493
0.16,0.1,0.08,0.9116022099447514,0.9062140391254315,0.9067862714508581,0.673469387755102,0.6589958158995816,0.6605113636363636,1.0,1.0,1.0,0,0,0,80,163,239,0.9090225710001767,0.664325522430349,1.0,0,482
0.15,0.11,0.09,0.908590308370044,0.9088286208886325,0.9103367267032106,0.6653225806451613,0.6659619450317125,0.670028818443804,1.0,1.0,1.0,0,0,0,83,158,229,0.9090110857922539,0.667104448040226,1.0,0,470
0.23,0.1,0.05,0.92090395480226,0.9062140391254315,0.8833586626139818,0.7244444444444444,0.6589958158995816,0.6023316062176166,0.9878787878787879,1.0,1.0,2,0,0,62,163,307,0.9089879216615557,0.6619239555205475,0.9959595959595959,2,532
0.24,0.08,0.05,0.9261363636363638,0.8974358974358974,0.8833586626139818,0.740909090909091,0.6363636363636364,0.6023316062176166,0.9878787878787879,1.0,1.0,2,0,0,57,180,307,0.9089706835717474,0.659868111163448,0.9959595959595959,2,544
0.25,0.07,0.05,0.928246013667426,0.8938706015891033,0.8833586626139818,0.7477064220183486,0.6274900398406374,0.6023316062176166,0.9878787878787879,1.0,1.0,2,0,0,55,187,307,0.9089559198332403,0.6591760226922009,0.9959595959595959,2,549
0.16,0.14,0.05,0.9116022099447514,0.9215915740198947,0.8833586626139818,0.673469387755102,0.7015590200445434,0.6023316062176166,1.0,1.0,1.0,0,0,0,80,134,307,0.9089503097011404,0.6591200046724207,1.0,0,521
0.21,0.11,0.06,0.914702581369248,0.9088286208886325,0.8942307692307693,0.7056277056277056,0.6659619450317125,0.6283783783783784,0.9878787878787879,1.0,1.0,2,0,0,68,158,275,0.9088460307973676,0.6666560096792655,0.9959595959595959,2,501
0.19,0.12,0.05,0.9162011173184358,0.9135730858468677,0.8833586626139818,0.6978723404255319,0.6788793103448276,0.6023316062176166,0.9939393939393939,1.0,1.0,1,0,0,71,149,307,0.9088442169360745,0.659694418995992,0.9979797979797981,1,527
0.13,0.13,0.08,0.9036144578313253,0.9189031505250874,0.9067862714508581,0.6521739130434783,0.6938325991189427,0.6605113636363636,1.0,1.0,1.0,0,0,0,88,139,239,0.9088354283633604,0.6688392919329282,1.0,0,466
0.14,0.11,0.1,0.9075907590759077,0.9088286208886325,0.911949685534591,0.6626506024096386,0.6659619450317125,0.6783625730994152,1.0,1.0,0.9978494623655914,0,0,1,84,158,220,0.9088339029114618,0.6689917068469221,0.9992831541218639,1,462
0.15,0.13,0.06,0.908590308370044,0.9189031505250874,0.8942307692307693,0.6653225806451613,0.6938325991189427,0.6283783783783784,1.0,1.0,1.0,0,0,0,83,139,275,0.9088122531887021,0.6625111860474941,1.0,0,497
0.17,0.11,0.06,0.9146341463414633,0.9088286208886325,0.8942307692307693,0.6818181818181818,0.6659619450317125,0.6283783783783784,1.0,1.0,1.0,0,0,0,77,158,275,0.9088118132834753,0.6587195017427576,1.0,0,510
0.19,0.1,0.06,0.9162011173184358,0.9062140391254315,0.8942307692307693,0.6978723404255319,0.6589958158995816,0.6283783783783784,0.9939393939393939,1.0,1.0,1,0,0,71,163,275,0.9088109242430011,0.6617488449011639,0.9979797979797981,1,509
0.22,0.08,0.07,0.9188275084554679,0.8974358974358974,0.9004647560030984,0.7180616740088106,0.6363636363636364,0.6440443213296398,0.9878787878787879,1.0,1.0,2,0,0,64,180,257,0.9087374746591228,0.6661565439006956,0.9959595959595959,2,501
0.22,0.11,0.05,0.9188275084554679,0.9088286208886325,0.8833586626139818,0.7180616740088106,0.6659619450317125,0.6023316062176166,0.9878787878787879,1.0,1.0,2,0,0,64,158,307,0.90873407301712,0.66211840841938,0.9959595959595959,2,529
0.26,0.06,0.05,0.9314285714285714,0.8878241262683202,0.8833586626139818,0.7581395348837209,0.6128404669260701,0.6023316062176166,0.9878787878787879,1.0,1.0,2,0,0,52,199,307,0.908733256117578,0.6577705360091358,0.9959595959595959,2,558
0.22,0.09,0.06,0.9188275084554679,0.9015455065827132,0.8942307692307693,0.7180616740088106,0.6468172484599589,0.6283783783783784,0.9878787878787879,1.0,1.0,2,0,0,64,172,275,0.9087235600487018,0.6644191002823826,0.9959595959595959,2,511
0.16,0.12,0.06,0.9116022099447514,0.9135730858468677,0.8942307692307693,0.673469387755102,0.6788793103448276,0.6283783783783784,1.0,1.0,1.0,0,0,0,80,149,275,0.9087191845725899,0.6602423588261027,1.0,0,504
0.23,0.07,0.07,0.92090395480226,0.8938706015891033,0.9004647560030984,0.7244444444444444,0.6274900398406374,0.6440443213296398,0.9878787878787879,1.0,1.0,2,0,0,62,187,257,0.9087061090784807,0.6653262685382405,0.9959595959595959,2,506
0.19,0.08,0.08,0.9162011173184358,0.8974358974358974,0.9067862714508581,0.6978723404255319,0.6363636363636364,0.6605113636363636,0.9939393939393939,1.0,1.0,1,0,0,71,180,239,0.9086885821801587,0.664915780141844,0.9979797979797981,1,490
0.19,0.09,0.07,0.9162011173184358,0.9015455065827132,0.9004647560030984,0.6978723404255319,0.6468172484599589,0.6440443213296398,0.9939393939393939,1.0,1.0,1,0,0,71,172,257,0.9086571618346515,0.6629113034050436,0.9979797979797981,1,500
0.15,0.15,0.05,0.908590308370044,0.9253819036427733,0.8833586626139818,0.6653225806451613,0.7126696832579186,0.6023316062176166,1.0,1.0,1.0,0,0,0,83,127,307,0.9085814578006502,0.6601079567068987,1.0,0,517
0.15,0.1,0.1,0.908590308370044,0.9062140391254315,0.911949685534591,0.6653225806451613,0.6589958158995816,0.6783625730994152,1.0,1.0,0.9978494623655914,0,0,1,83,163,220,0.9085493030295696,0.6675603232147193,0.9992831541218639,1,466
0.16,0.11,0.07,0.9116022099447514,0.9088286208886325,0.9004647560030984,0.673469387755102,0.6659619450317125,0.6440443213296398,1.0,1.0,1.0,0,0,0,80,158,257,0.908542642439585,0.6611585513721514,1.0,0,495
0.29,0.06,0.05,0.9310344827586207,0.8878241262683202,0.8833586626139818,0.7714285714285715,0.6128404669260701,0.6023316062176166,0.9818181818181818,1.0,1.0,3,0,0,48,199,307,0.9085362117826027,0.6622002148574193,0.993939393939394,3,554
0.23,0.08,0.06,0.92090395480226,0.8974358974358974,0.8942307692307693,0.7244444444444444,0.6363636363636364,0.6283783783783784,0.9878787878787879,1.0,1.0,2,0,0,62,180,275,0.908528900478053,0.6630621530621531,0.9959595959595959,2,517
0.12,0.12,0.12,0.9006550218340611,0.9135730858468677,0.9206349206349207,0.64453125,0.6788793103448276,0.703030303030303,1.0,1.0,0.9978494623655914,0,0,1,91,149,196,0.908526420798075,0.6754802877917102,0.9992831541218639,1,436
0.14,0.11,0.09,0.9075907590759077,0.9088286208886325,0.9103367267032106,0.6626506024096386,0.6659619450317125,0.670028818443804,1.0,1.0,1.0,0,0,0,84,158,229,0.9085113111451858,0.6662137886283851,1.0,0,471
0.15,0.12,0.07,0.908590308370044,0.9135730858468677,0.9004647560030984,0.6653225806451613,0.6788793103448276,0.6440443213296398,1.0,1.0,1.0,0,0,0,83,149,257,0.908460031139702,0.6627487374398763,1.0,0,489
0.2,0.08,0.07,0.9182530795072789,0.8974358974358974,0.9004647560030984,0.703862660944206,0.6363636363636364,0.6440443213296398,0.9939393939393939,1.0,1.0,1,0,0,69,180,257,0.9084502601850284,0.6614235395458273,0.9979797979797981,1,506
0.2,0.11,0.05,0.9182530795072789,0.9088286208886325,0.8833586626139818,0.703862660944206,0.6659619450317125,0.6023316062176166,0.9939393939393939,1.0,1.0,1,0,0,69,158,307,0.9084468585430255,0.6573854040645117,0.9979797979797981,1,534
0.2,0.09,0.06,0.9182530795072789,0.9015455065827132,0.8942307692307693,0.703862660944206,0.6468172484599589,0.6283783783783784,0.9939393939393939,1.0,1.0,1,0,0,69,172,275,0.9084363455746072,0.6596860959275145,0.9979797979797981,1,516
0.18,0.1,0.05,0.919732441471572,0.9062140391254315,0.8833586626139818,0.6962025316455697,0.6589958158995816,0.6023316062176166,1.0,1.0,1.0,0,0,0,72,163,307,0.9084021649962117,0.6525099845875894,1.0,0,542
0.16,0.09,0.09,0.9116022099447514,0.9015455065827132,0.9103367267032106,0.673469387755102,0.6468172484599589,0.670028818443804,1.0,1.0,1.0,0,0,0,80,172,229,0.9083321022878318,0.6634384848862883,1.0,0,481
0.14,0.13,0.06,0.9075907590759077,0.9189031505250874,0.8942307692307693,0.6626506024096386,0.6938325991189427,0.6283783783783784,1.0,1.0,1.0,0,0,0,84,139,275,0.9083124785416339,0.6616205266356533,1.0,0,498
0.15,0.11,0.08,0.908590308370044,0.9088286208886325,0.9067862714508581,0.6653225806451613,0.6659619450317125,0.6605113636363636,1.0,1.0,1.0,0,0,0,83,158,239,0.9083009947417833,0.6639319631044125,1.0,0,480
0.13,0.12,0.1,0.9036144578313253,0.9135730858468677,0.911949685534591,0.6521739130434783,0.6788793103448276,0.6783625730994152,1.0,1.0,0.9978494623655914,0,0,1,88,149,220,0.9082690917766412,0.6698052654959069,0.9992831541218639,1,457
0.24,0.06,0.06,0.9261363636363638,0.8878241262683202,0.8942307692307693,0.740909090909091,0.6128404669260701,0.6283783783783784,0.9878787878787879,1.0,1.0,2,0,0,57,199,275,0.9082615735448318,0.6607093120711798,0.9959595959595959,2,531
0.15,0.1,0.09,0.908590308370044,0.9062140391254315,0.9103367267032106,0.6653225806451613,0.6589958158995816,0.670028818443804,1.0,1.0,1.0,0,0,0,83,163,229,0.9082267112632936,0.6647824049961822,1.0,0,475
0.16,0.13,0.05,0.9116022099447514,0.9189031505250874,0.8833586626139818,0.673469387755102,0.6938325991189427,0.6023316062176166,1.0,1.0,1.0,0,0,0,80,139,307,0.9081437826526982,0.6565445310305537,1.0,0,526
0.18,0.07,0.07,0.919732441471572,0.8938706015891033,0.9004647560030984,0.6962025316455697,0.6274900398406374,0.6440443213296398,1.0,1.0,1.0,0,0,0,72,187,257,0.9081203524131367,0.6559122976052824,1.0,0,516
0.21,0.12,0.05,0.914702581369248,0.9135730858468677,0.8833586626139818,0.7056277056277056,0.6788793103448276,0.6023316062176166,0.9878787878787879,1.0,1.0,2,0,0,68,149,307,0.9080949489614806,0.6622795407300499,0.9959595959595959,2,524
0.21,0.1,0.06,0.914702581369248,0.9062140391254315,0.8942307692307693,0.7056277056277056,0.6589958158995816,0.6283783783783784,0.9878787878787879,1.0,1.0,2,0,0,68,163,275,0.9080616562684073,0.6643339666352218,0.9959595959595959,2,506
0.17,0.12,0.05,0.9146341463414633,0.9135730858468677,0.8833586626139818,0.6818181818181818,0.6788793103448276,0.6023316062176166,1.0,1.0,1.0,0,0,0,77,149,307,0.9080607314475883,0.654343032793542,1.0,0,533
0.14,0.1,0.1,0.9075907590759077,0.9062140391254315,0.911949685534591,0.6626506024096386,0.6589958158995816,0.6783625730994152,1.0,1.0,0.9978494623655914,0,0,1,84,163,220,0.9080495283825014,0.6666696638028785,0.9992831541218639,1,467
0.17,0.1,0.06,0.9146341463414633,0.9062140391254315,0.8942307692307693,0.6818181818181818,0.6589958158995816,0.6283783783783784,1.0,1.0,1.0,0,0,0,77,163,275,0.908027438754515,0.6563974586987139,1.0,0,515
0.14,0.12,0.07,0.9075907590759077,0.9135730858468677,0.9004647560030984,0.6626506024096386,0.6788793103448276,0.6440443213296398,1.0,1.0,1.0,0,0,0,84,149,257,0.9079602564926339,0.6618580780280353,1.0,0,490
0.22,0.1,0.05,0.9188275084554679,0.9062140391254315,0.8833586626139818,0.7180616740088106,0.6589958158995816,0.6023316062176166,0.9878787878787879,1.0,1.0,2,0,0,64,163,307,0.9079496984881598,0.6597963653753363,0.9959595959595959,2,534
0.13,0.12,0.09,0.9036144578313253,0.9135730858468677,0.9103367267032106,0.6521739130434783,0.6788793103448276,0.670028818443804,1.0,1.0,1.0,0,0,0,88,149,229,0.9079465000103651,0.66702734727737,1.0,0,466
0.18,0.08,0.06,0.919732441471572,0.8974358974358974,0.8942307692307693,0.6962025316455697,0.6363636363636364,0.6283783783783784,1.0,1.0,1.0,0,0,0,72,180,275,0.907943143812709,0.6536481821291948,1.0,0,527
0.21,0.08,0.08,0.914702581369248,0.8974358974358974,0.9067862714508581,0.7056277056277056,0.6363636363636364,0.6605113636363636,0.9878787878787879,1.0,1.0,2,0,0,68,180,239,0.9079393142055647,0.6675009018759019,0.9959595959595959,2,487
0.21,0.09,0.07,0.914702581369248,0.9015455065827132,0.9004647560030984,0.7056277056277056,0.6468172484599589,0.6440443213296398,0.9878787878787879,1.0,1.0,2,0,0,68,172,257,0.9079078938600575,0.6654964251391015,0.9959595959595959,2,497
0.17,0.08,0.08,0.9146341463414633,0.8974358974358974,0.9067862714508581,0.6818181818181818,0.6363636363636364,0.6605113636363636,1.0,1.0,1.0,0,0,0,77,180,239,0.9079050966916724,0.6595643939393939,1.0,0,496
0.24,0.07,0.05,0.9261363636363638,0.8938706015891033,0.8833586626139818,0.740909090909091,0.6274900398406374,0.6023316062176166,0.9878787878787879,1.0,1.0,2,0,0,57,187,307,0.9079010948177092,0.6569102456557817,0.9959595959595959,2,551
0.17,0.09,0.07,0.9146341463414633,0.9015455065827132,0.9004647560030984,0.6818181818181818,0.6468172484599589,0.6440443213296398,1.0,1.0,1.0,0,0,0,77,172,257,0.9078736763461652,0.6575599172025935,1.0,0,506
0.14,0.11,0.08,0.9075907590759077,0.9088286208886325,0.9067862714508581,0.6626506024096386,0.6659619450317125,0.6605113636363636,1.0,1.0,1.0,0,0,0,84,158,239,0.9078012200947152,0.6630413036925716,1.0,0,481
0.13,0.11,0.11,0.9036144578313253,0.9088286208886325,0.916633741604109,0.6521739130434783,0.6659619450317125,0.6915052160953801,1.0,1.0,0.9978494623655914,0,0,1,88,158,207,0.9077825635030743,0.669880358056857,0.9992831541218639,1,453
0.16,0.1,0.07,0.9116022099447514,0.9062140391254315,0.9004647560030984,0.673469387755102,0.6589958158995816,0.6440443213296398,1.0,1.0,1.0,0,0,0,80,163,257,0.9077582679106249,0.6588365083281078,1.0,0,500
0.14,0.1,0.09,0.9075907590759077,0.9062140391254315,0.9103367267032106,0.6626506024096386,0.6589958158995816,0.670028818443804,1.0,1.0,1.0,0,0,0,84,163,229,0.9077269366162254,0.6638917455843414,1.0,0,476
0.12,0.12,0.11,0.9006550218340611,0.9135730858468677,0.916633741604109,0.64453125,0.6788793103448276,0.6915052160953801,1.0,1.0,0.9978494623655914,0,0,1,91,149,207,0.9077261849919127,0.6716385921467358,0.9992831541218639,1,447
0.22,0.07,0.07,0.9188275084554679,0.8938706015891033,0.9004647560030984,0.7180616740088106,0.6274900398406374,0.6440443213296398,0.9878787878787879,1.0,1.0,2,0,0,64,187,257,0.9076678859050846,0.6631986783930293,0.9959595959595959,2,508
0.2,0.1,0.05,0.9182530795072789,0.9062140391254315,0.8833586626139818,0.703862660944206,0.6589958158995816,0.6023316062176166,0.9939393939393939,1.0,1.0,1,0,0,69,163,307,0.9076624840140651,0.655063361020468,0.9979797979797981,1,539
0.16,0.09,0.08,0.9116022099447514,0.9015455065827132,0.9067862714508581,0.673469387755102,0.6468172484599589,0.6605113636363636,1.0,1.0,1.0,0,0,0,80,172,239,0.9076220112373612,0.6602659999504749,1.0,0,491
0.23,0.09,0.05,0.92090395480226,0.9015455065827132,0.8833586626139818,0.7244444444444444,0.6468172484599589,0.6023316062176166,0.9878787878787879,1.0,1.0,2,0,0,62,172,307,0.9075873618987402,0.6578644330406732,0.9959595959595959,2,541
0.13,0.13,0.07,0.9036144578313253,0.9189031505250874,0.9004647560030984,0.6521739130434783,0.6938325991189427,0.6440443213296398,1.0,1.0,1.0,0,0,0,88,139,257,0.9075711252738086,0.6633502778306869,1.0,0,484
0.15,0.1,0.08,0.908590308370044,0.9062140391254315,0.9067862714508581,0.6653225806451613,0.6589958158995816,0.6605113636363636,1.0,1.0,1.0,0,0,0,83,163,239,0.9075166202128231,0.6616099200603688,1.0,0,485
0.22,0.08,0.06,0.9188275084554679,0.8974358974358974,0.8942307692307693,0.7180616740088106,0.6363636363636364,0.6283783783783784,0.9878787878787879,1.0,1.0,2,0,0,64,180,275,0.907490677304657,0.6609345629169417,0.9959595959595959,2,519
0.23,0.07,0.06,0.92090395480226,0.8938706015891033,0.8942307692307693,0.7244444444444444,0.6274900398406374,0.6283783783783784,0.9878787878787879,1.0,1.0,2,0,0,62,187,275,0.9074593117240148,0.6601042875544868,0.9959595959595959,2,524
0.15,0.14,0.05,0.908590308370044,0.9215915740198947,0.8833586626139818,0.6653225806451613,0.7015590200445434,0.6023316062176166,1.0,1.0,1.0,0,0,0,83,134,307,0.9074443589137867,0.6564044023024405,1.0,0,524
0.19,0.08,0.07,0.9162011173184358,0.8974358974358974,0.9004647560030984,0.6978723404255319,0.6363636363636364,0.6440443213296398,0.9939393939393939,1.0,1.0,1,0,0,71,180,257,0.9074242790906069,0.6594267660396027,0.9979797979797981,1,508
0.19,0.11,0.05,0.9162011173184358,0.9088286208886325,0.8833586626139818,0.6978723404255319,0.6659619450317125,0.6023316062176166,0.9939393939393939,1.0,1.0,1,0,0,71,158,307,0.907420877448604,0.6553886305582869,0.9979797979797981,1,536
0.19,0.09,0.06,0.9162011173184358,0.9015455065827132,0.8942307692307693,0.6978723404255319,0.6468172484599589,0.6283783783783784,0.9939393939393939,1.0,1.0,1,0,0,71,172,275,0.9074103644801856,0.6576893224212897,0.9979797979797981,1,518
0.2,0.07,0.07,0.9182530795072789,0.8938706015891033,0.9004647560030984,0.703862660944206,0.6274900398406374,0.6440443213296398,0.9939393939393939,1.0,1.0,1,0,0,69,187,257,0.9073806714309902,0.658465674038161,0.9979797979797981,1,513
0.16,0.11,0.06,0.9116022099447514,0.9088286208886325,0.8942307692307693,0.673469387755102,0.6659619450317125,0.6283783783783784,1.0,1.0,1.0,0,0,0,80,158,275,0.9072958450851193,0.6559365703883976,1.0,0,513
0.13,0.12,0.08,0.9036144578313253,0.9135730858468677,0.9067862714508581,0.6521739130434783,0.6788793103448276,0.6605113636363636,1.0,1.0,1.0,0,0,0,88,149,239,0.9072364089598945,0.6638548623415566,1.0,0,476
0.3,0.05,0.05,0.933179723502304,0.8798882681564246,0.8833586626139818,0.7788461538461539,0.5943396226415094,0.6023316062176166,0.9818181818181818,1.0,1.0,3,0,0,46,215,307,0.9072280747208757,0.6585057942350933,0.993939393939394,3,568
0.15,0.12,0.06,0.908590308370044,0.9135730858468677,0.8942307692307693,0.6653225806451613,0.6788793103448276,0.6283783783783784,1.0,1.0,1.0,0,0,0,83,149,275,0.9072132337852361,0.6575267564561225,1.0,0,507
0.2,0.08,0.06,0.9182530795072789,0.8974358974358974,0.8942307692307693,0.703862660944206,0.6363636363636364,0.6283783783783784,0.9939393939393939,1.0,1.0,1,0,0,69,180,275,0.9072034628305625,0.6562015585620736,0.9979797979797981,1,524
0.25,0.06,0.05,0.928246013667426,0.8878241262683202,0.8833586626139818,0.7477064220183486,0.6128404669260701,0.6023316062176166,0.9878787878787879,1.0,1.0,2,0,0,55,199,307,0.9071419772370054,0.6542928317206784,0.9959595959595959,2,561
0.15,0.11,0.07,0.908590308370044,0.9088286208886325,0.9004647560030984,0.6653225806451613,0.6659619450317125,0.6440443213296398,1.0,1.0,1.0,0,0,0,83,158,257,0.9070366916522314,0.6584429490021712,1.0,0,498
0.14,0.1,0.08,0.9075907590759077,0.9062140391254315,0.9067862714508581,0.6626506024096386,0.6589958158995816,0.6605113636363636,1.0,1.0,1.0,0,0,0,84,163,239,0.9070168455657548,0.6607192606485279,1.0,0,486
0.18,0.09,0.05,0.919732441471572,0.9015455065827132,0.8833586626139818,0.6962025316455697,0.6468172484599589,0.6023316062176166,1.0,1.0,1.0,0,0,0,72,172,307,0.9070016052333962,0.6484504621077151,1.0,0,551
0.14,0.14,0.05,0.9075907590759077,0.9215915740198947,0.8833586626139818,0.6626506024096386,0.7015590200445434,0.6023316062176166,1.0,1.0,1.0,0,0,0,84,134,307,0.9069445842667186,0.6555137428905996,1.0,0,525
0.27,0.05,0.05,0.9324942791762013,0.8798882681564246,0.8833586626139818,0.7616822429906542,0.5943396226415094,0.6023316062176166,0.9878787878787879,1.0,1.0,2,0,0,51,215,307,0.9068853525578243,0.6527844906165935,0.9959595959595959,2,573
0.28,0.05,0.05,0.9324942791762013,0.8798882681564246,0.8833586626139818,0.7616822429906542,0.5943396226415094,0.6023316062176166,0.9878787878787879,1.0,1.0,2,0,0,51,215,307,0.9068853525578243,0.6527844906165935,0.9959595959595959,2,573
0.18,0.07,0.06,0.919732441471572,0.8938706015891033,0.8942307692307693,0.6962025316455697,0.6274900398406374,0.6283783783783784,1.0,1.0,1.0,0,0,0,72,187,275,0.9068735550586708,0.6506903166215285,1.0,0,534
0.13,0.11,0.1,0.9036144578313253,0.9088286208886325,0.911949685534591,0.6521739130434783,0.6659619450317125,0.6783625730994152,1.0,1.0,0.9978494623655914,0,0,1,88,158,220,0.9068457522891706,0.665499477058202,0.9992831541218639,1,466
0.15,0.09,0.09,0.908590308370044,0.9015455065827132,0.9103367267032106,0.6653225806451613,0.6468172484599589,0.670028818443804,1.0,1.0,1.0,0,0,0,83,172,229,0.9068261515004781,0.6607228825163082,1.0,0,484
0.12,0.12,0.1,0.9006550218340611,0.9135730858468677,0.911949685534591,0.64453125,0.6788793103448276,0.6783625730994152,1.0,1.0,0.9978494623655914,0,0,1,91,149,220,0.9067893737780091,0.667257711148081,0.9992831541218639,1,460
0.14,0.12,0.06,0.9075907590759077,0.9135730858468677,0.8942307692307693,0.6626506024096386,0.6788793103448276,0.6283783783783784,1.0,1.0,1.0,0,0,0,84,149,275,0.906713459138168,0.6566360970442816,1.0,0,508
0.21,0.08,0.07,0.914702581369248,0.8974358974358974,0.9004647560030984,0.7056277056277056,0.6363636363636364,0.6440443213296398,0.9878787878787879,1.0,1.0,2,0,0,68,180,257,0.9066750111160129,0.6620118877736606,0.9959595959595959,2,505
0.21,0.11,0.05,0.914702581369248,0.9088286208886325,0.8833586626139818,0.7056277056277056,0.6659619450317125,0.6023316062176166,0.9878787878787879,1.0,1.0,2,0,0,68,158,307,0.90667160947401,0.6579737522923449,0.9959595959595959,2,533
0.21,0.09,0.06,0.914702581369248,0.9015455065827132,0.8942307692307693,0.7056277056277056,0.6468172484599589,0.6283783783783784,0.9878787878787879,1.0,1.0,2,0,0,68,172,275,0.9066610965055918,0.6602744441553478,0.9959595959595959,2,515
0.17,0.08,0.07,0.9146341463414633,0.8974358974358974,0.9004647560030984,0.6818181818181818,0.6363636363636364,0.6440443213296398,1.0,1.0,1.0,0,0,0,77,180,257,0.9066407936021206,0.6540753798371527,1.0,0,514
0.15,0.13,0.05,0.908590308370044,0.9189031505250874,0.8833586626139818,0.6653225806451613,0.6938325991189427,0.6023316062176166,1.0,1.0,1.0,0,0,0,83,139,307,0.9066378318653445,0.6538289286605735,1.0,0,529
0.17,0.11,0.05,0.9146341463414633,0.9088286208886325,0.8833586626139818,0.6818181818181818,0.6659619450317125,0.6023316062176166,1.0,1.0,1.0,0,0,0,77,158,307,0.9066373919601177,0.650037244355837,1.0,0,542
0.19,0.1,0.05,0.9162011173184358,0.9062140391254315,0.8833586626139818,0.6978723404255319,0.6589958158995816,0.6023316062176166,0.9939393939393939,1.0,1.0,1,0,0,71,163,307,0.9066365029196436,0.6530665875142434,0.9979797979797981,1,541
0.17,0.09,0.06,0.9146341463414633,0.9015455065827132,0.8942307692307693,0.6818181818181818,0.6468172484599589,0.6283783783783784,1.0,1.0,1.0,0,0,0,77,172,275,0.9066268789916995,0.6523379362188396,1.0,0,524
0.22,0.09,0.05,0.9188275084554679,0.9015455065827132,0.8833586626139818,0.7180616740088106,0.6468172484599589,0.6023316062176166,0.9878787878787879,1.0,1.0,2,0,0,64,172,307,0.9065491387253443,0.655736842895462,0.9959595959595959,2,543
0.16,0.12,0.05,0.9116022099447514,0.9135730858468677,0.8833586626139818,0.673469387755102,0.6788793103448276,0.6023316062176166,1.0,1.0,1.0,0,0,0,80,149,307,0.9065447632492324,0.651560101439182,1.0,0,536
0.14,0.11,0.07,0.9075907590759077,0.9088286208886325,0.9004647560030984,0.6626506024096386,0.6659619450317125,0.6440443213296398,1.0,1.0,1.0,0,0,0,84,158,257,0.9065369170051634,0.6575522895903303,1.0,0,499
0.13,0.11,0.09,0.9036144578313253,0.9088286208886325,0.9103367267032106,0.6521739130434783,0.6659619450317125,0.670028818443804,1.0,1.0,1.0,0,0,0,88,158,229,0.9065231605228946,0.662721558839665,1.0,0,475
0.16,0.1,0.06,0.9116022099447514,0.9062140391254315,0.8942307692307693,0.673469387755102,0.6589958158995816,0.6283783783783784,1.0,1.0,1.0,0,0,0,80,163,275,0.906511470556159,0.653614527344354,1.0,0,518
0.12,0.12,0.09,0.9006550218340611,0.9135730858468677,0.9103367267032106,0.64453125,0.6788793103448276,0.670028818443804,1.0,1.0,1.0,0,0,0,91,149,229,0.906466782011733,0.6644797929295438,1.0,0,469
0.22,0.07,0.06,0.9188275084554679,0.8938706015891033,0.8942307692307693,0.7180616740088106,0.6274900398406374,0.6283783783783784,0.9878787878787879,1.0,1.0,2,0,0,64,187,275,0.9064210885506188,0.6579766974092754,0.9959595959595959,2,526
0.16,0.08,0.08,0.9116022099447514,0.8974358974358974,0.9067862714508581,0.673469387755102,0.6363636363636364,0.6605113636363636,1.0,1.0,1.0,0,0,0,80,180,239,0.9063891284933165,0.656781462585034,1.0,0,499
0.16,0.09,0.07,0.9116022099447514,0.9015455065827132,0.9004647560030984,0.673469387755102,0.6468172484599589,0.6440443213296398,1.0,1.0,1.0,0,0,0,80,172,257,0.9063577081478094,0.6547769858482336,1.0,0,509
0.19,0.07,0.07,0.9162011173184358,0.8938706015891033,0.9004647560030984,0.6978723404255319,0.6274900398406374,0.6440443213296398,0.9939393939393939,1.0,1.0,1,0,0,71,187,257,0.9063546903365687,0.6564689005319364,0.9979797979797981,1,515
0.23,0.08,0.05,0.92090395480226,0.8974358974358974,0.8833586626139818,0.7244444444444444,0.6363636363636364,0.6023316062176166,0.9878787878787879,1.0,1.0,2,0,0,62,180,307,0.9063544791546955,0.6543798956752324,0.9959595959595959,2,549
0.26,0.05,0.05,0.9314285714285714,0.8798882681564246,0.8833586626139818,0.7581395348837209,0.5943396226415094,0.6023316062176166,0.9878787878787879,1.0,1.0,2,0,0,52,215,307,0.9063524986840094,0.6516035879142823,0.9959595959595959,2,574
0.14,0.09,0.09,0.9075907590759077,0.9015455065827132,0.9103367267032106,0.6626506024096386,0.6468172484599589,0.670028818443804,1.0,1.0,1.0,0,0,0,84,172,229,0.9063263768534099,0.6598322231044672,1.0,0,485
0.13,0.13,0.06,0.9036144578313253,0.9189031505250874,0.8942307692307693,0.6521739130434783,0.6938325991189427,0.6283783783783784,1.0,1.0,1.0,0,0,0,88,139,275,0.9063243279193427,0.6581282968469332,1.0,0,502
0.12,0.11,0.11,0.9006550218340611,0.9088286208886325,0.916633741604109,0.64453125,0.6659619450317125,0.6915052160953801,1.0,1.0,0.9978494623655914,0,0,1,91,158,207,0.9063028455044422,0.6673328037090309,0.9992831541218639,1,456
0.2,0.09,0.05,0.9182530795072789,0.9015455065827132,0.8833586626139818,0.703862660944206,0.6468172484599589,0.6023316062176166,0.9939393939393939,1.0,1.0,1,0,0,69,172,307,0.9062619242512496,0.6510038385405937,0.9979797979797981,1,548
0.15,0.1,0.07,0.908590308370044,0.9062140391254315,0.9004647560030984,0.6653225806451613,0.6589958158995816,0.6440443213296398,1.0,1.0,1.0,0,0,0,83,163,257,0.906252317123271,0.6561209059581276,1.0,0,503
0.19,0.08,0.06,0.9162011173184358,0.8974358974358974,0.8942307692307693,0.6978723404255319,0.6363636363636364,0.6283783783783784,0.9939393939393939,1.0,1.0,1,0,0,71,180,275,0.906177481736141,0.6542047850558489,0.9979797979797981,1,526
0.29,0.05,0.05,0.9310344827586207,0.8798882681564246,0.8833586626139818,0.7714285714285715,0.5943396226415094,0.6023316062176166,0.9818181818181818,1.0,1.0,3,0,0,48,215,307,0.9061554543490341,0.6560332667625658,0.993939393939394,3,570
0.14,0.13,0.05,0.9075907590759077,0.9189031505250874,0.8833586626139818,0.6626506024096386,0.6938325991189427,0.6023316062176166,1.0,1.0,1.0,0,0,0,84,139,307,0.9061380572182763,0.6529382692487326,1.0,0,530
0.2,0.07,0.06,0.9182530795072789,0.8938706015891033,0.8942307692307693,0.703862660944206,0.6274900398406374,0.6283783783783784,0.9939393939393939,1.0,1.0,1,0,0,69,187,275,0.9061338740765243,0.6532436930544073,0.9979797979797981,1,531
0.15,0.09,0.08,0.908590308370044,0.9015455065827132,0.9067862714508581,0.6653225806451613,0.6468172484599589,0.6605113636363636,1.0,1.0,1.0,0,0,0,83,172,239,0.9061160604500076,0.6575503975804947,1.0,0,494
0.24,0.06,0.05,0.9261363636363638,0.8878241262683202,0.8833586626139818,0.740909090909091,0.6128404669260701,0.6023316062176166,0.9878787878787879,1.0,1.0,2,0,0,57,199,307,0.9060871522214743,0.6520270546842593,0.9959595959595959,2,563
0.13,0.1,0.1,0.9036144578313253,0.9062140391254315,0.911949685534591,0.6521739130434783,0.6589958158995816,0.6783625730994152,1.0,1.0,0.9978494623655914,0,0,1,88,163,220,0.9060613777602102,0.6631774340141583,0.9992831541218639,1,471
0.13,0.12,0.07,0.9036144578313253,0.9135730858468677,0.9004647560030984,0.6521739130434783,0.6788793103448276,0.6440443213296398,1.0,1.0,1.0,0,0,0,88,149,257,0.9059721058703427,0.6583658482393152,1.0,0,494
0.21,0.1,0.05,0.914702581369248,0.9062140391254315,0.8833586626139818,0.7056277056277056,0.6589958158995816,0.6023316062176166,0.9878787878787879,1.0,1.0,2,0,0,68,163,307,0.9058872349450497,0.6556517092483012,0.9959595959595959,2,538
0.17,0.1,0.05,0.9146341463414633,0.9062140391254315,0.8833586626139818,0.6818181818181818,0.6589958158995816,0.6023316062176166,1.0,1.0,1.0,0,0,0,77,163,307,0.9058530174311574,0.6477152013117933,1.0,0,547
0.13,0.11,0.08,0.9036144578313253,0.9088286208886325,0.9067862714508581,0.6521739130434783,0.6659619450317125,0.6605113636363636,1.0,1.0,1.0,0,0,0,88,158,239,0.905813069472424,0.6595490739038515,1.0,0,485
0.15,0.11,0.06,0.908590308370044,0.9088286208886325,0.8942307692307693,0.6653225806451613,0.6659619450317125,0.6283783783783784,1.0,1.0,1.0,0,0,0,83,158,275,0.9057898942977656,0.6532209680184174,1.0,0,516
0.18,0.08,0.05,0.919732441471572,0.8974358974358974,0.8833586626139818,0.6962025316455697,0.6363636363636364,0.6023316062176166,1.0,1.0,1.0,0,0,0,72,180,307,0.9057687224893515,0.6449659247422742,1.0,0,559
0.12,0.12,0.08,0.9006550218340611,0.9135730858468677,0.9067862714508581,0.64453125,0.6788793103448276,0.6605113636363636,1.0,1.0,1.0,0,0,0,91,149,239,0.9057566909612624,0.6613073079937304,1.0,0,479
0.14,0.1,0.07,0.9075907590759077,0.9062140391254315,0.9004647560030984,0.6626506024096386,0.6589958158995816,0.6440443213296398,1.0,1.0,1.0,0,0,0,84,163,257,0.905752542476203,0.6552302465462866,1.0,0,504
0.13,0.1,0.09,0.9036144578313253,0.9062140391254315,0.9103367267032106,0.6521739130434783,0.6589958158995816,0.670028818443804,1.0,1.0,1.0,0,0,0,88,163,229,0.9057387859939342,0.6603995157956213,1.0,0,480
0.23,0.06,0.06,0.92090395480226,0.8878241262683202,0.8942307692307693,0.7244444444444444,0.6128404669260701,0.6283783783783784,0.9878787878787879,1.0,1.0,2,0,0,62,199,275,0.9056453691277799,0.6552210965829643,0.9959595959595959,2,536
0.14,0.09,0.08,0.9075907590759077,0.9015455065827132,0.9067862714508581,0.6626506024096386,0.6468172484599589,0.6605113636363636,1.0,1.0,1.0,0,0,0,84,172,239,0.9056162858029393,0.6566597381686538,1.0,0,495
0.21,0.07,0.07,0.914702581369248,0.8938706015891033,0.9004647560030984,0.7056277056277056,0.6274900398406374,0.6440443213296398,0.9878787878787879,1.0,1.0,2,0,0,68,187,257,0.9056054223619747,0.6590540222659943,0.9959595959595959,2,512
0.17,0.07,0.07,0.9146341463414633,0.8938706015891033,0.9004647560030984,0.6818181818181818,0.6274900398406374,0.6440443213296398,1.0,1.0,1.0,0,0,0,77,187,257,0.9055712048480824,0.6511175143294864,1.0,0,521
0.21,0.08,0.06,0.914702581369248,0.8974358974358974,0.8942307692307693,0.7056277056277056,0.6363636363636364,0.6283783783783784,0.9878787878787879,1.0,1.0,2,0,0,68,180,275,0.905428213761547,0.6567899067899069,0.9959595959595959,2,523
0.17,0.08,0.06,0.9146341463414633,0.8974358974358974,0.8942307692307693,0.6818181818181818,0.6363636363636364,0.6283783783783784,1.0,1.0,1.0,0,0,0,77,180,275,0.9053939962476547,0.6488533988533988,1.0,0,532
0.12,0.11,0.1,0.9006550218340611,0.9088286208886325,0.911949685534591,0.64453125,0.6659619450317125,0.6783625730994152,1.0,1.0,0.9978494623655914,0,0,1,91,158,220,0.9053660342905385,0.6629519227103758,0.9992831541218639,1,469
0.22,0.08,0.05,0.9188275084554679,0.8974358974358974,0.8833586626139818,0.7180616740088106,0.6363636363636364,0.6023316062176166,0.9878787878787879,1.0,1.0,2,0,0,64,180,307,0.9053162559812995,0.6522523055300211,0.9959595959595959,2,551
0.14,0.11,0.06,0.9075907590759077,0.9088286208886325,0.8942307692307693,0.6626506024096386,0.6659619450317125,0.6283783783783784,1.0,1.0,1.0,0,0,0,84,158,275,0.9052901196506975,0.6523303086065765,1.0,0,517
0.23,0.07,0.05,0.92090395480226,0.8938706015891033,0.8833586626139818,0.7244444444444444,0.6274900398406374,0.6023316062176166,0.9878787878787879,1.0,1.0,2,0,0,62,187,307,0.9052848904006573,0.6514220301675661,0.9959595959595959,2,556
0.19,0.09,0.05,0.9162011173184358,0.9015455065827132,0.8833586626139818,0.6978723404255319,0.6468172484599589,0.6023316062176166,0.9939393939393939,1.0,1.0,1,0,0,71,172,307,0.9052359431568281,0.6490070650343691,0.9979797979797981,1,550
0.16,0.08,0.07,0.9116022099447514,0.8974358974358974,0.9004647560030984,0.673469387755102,0.6363636363636364,0.6440443213296398,1.0,1.0,1.0,0,0,0,80,180,257,0.9051248254037647,0.6512924484827928,1.0,0,517
0.16,0.11,0.05,0.9116022099447514,0.9088286208886325,0.8833586626139818,0.673469387755102,0.6659619450317125,0.6023316062176166,1.0,1.0,1.0,0,0,0,80,158,307,0.9051214237617617,0.647254313001477,1.0,0,545
0.16,0.09,0.06,0.9116022099447514,0.9015455065827132,0.8942307692307693,0.673469387755102,0.6468172484599589,0.6283783783783784,1.0,1.0,1.0,0,0,0,80,172,275,0.9051109107933435,0.6495550048644798,1.0,0,527
0.19,0.07,0.06,0.9162011173184358,0.8938706015891033,0.8942307692307693,0.6978723404255319,0.6274900398406374,0.6283783783783784,0.9939393939393939,1.0,1.0,1,0,0,71,187,275,0.9051078929821028,0.6512469195481826,0.9979797979797981,1,533
0.18,0.06,0.06,0.919732441471572,0.8878241262683202,0.8942307692307693,0.6962025316455697,0.6128404669260701,0.6283783783783784,1.0,1.0,1.0,0,0,0,72,199,275,0.9050596124624359,0.6458071256500061,1.0,0,546
0.12,0.11,0.09,0.9006550218340611,0.9088286208886325,0.9103367267032106,0.64453125,0.6659619450317125,0.670028818443804,1.0,1.0,1.0,0,0,0,91,158,229,0.9050434425242625,0.6601740044918388,1.0,0,478
0.15,0.12,0.05,0.908590308370044,0.9135730858468677,0.8833586626139818,0.6653225806451613,0.6788793103448276,0.6023316062176166,1.0,1.0,1.0,0,0,0,83,149,307,0.9050388124618786,0.6488444990692018,1.0,0,539
0.2,0.08,0.05,0.9182530795072789,0.8974358974358974,0.8833586626139818,0.703862660944206,0.6363636363636364,0.6023316062176166,0.9939393939393939,1.0,1.0,1,0,0,69,180,307,0.905029041507205,0.6475193011751529,0.9979797979797981,1,556
0.13,0.1,0.08,0.9036144578313253,0.9062140391254315,0.9067862714508581,0.6521739130434783,0.6589958158995816,0.6605113636363636,1.0,1.0,1.0,0,0,0,88,163,239,0.9050286949434636,0.6572270308598078,1.0,0,490
0.15,0.1,0.06,0.908590308370044,0.9062140391254315,0.8942307692307693,0.6653225806451613,0.6589958158995816,0.6283783783783784,1.0,1.0,1.0,0,0,0,83,163,275,0.9050055197688053,0.6508989249743737,1.0,0,521
0.15,0.08,0.08,0.908590308370044,0.8974358974358974,0.9067862714508581,0.6653225806451613,0.6363636363636364,0.6605113636363636,1.0,1.0,1.0,0,0,0,83,180,239,0.9048831777059627,0.6540658602150539,1.0,0,502
0.15,0.09,0.07,0.908590308370044,0.9015455065827132,0.9004647560030984,0.6653225806451613,0.6468172484599589,0.6440443213296398,1.0,1.0,1.0,0,0,0,83,172,257,0.9048517573604555,0.6520613834782534,1.0,0,512
0.25,0.05,0.05,0.928246013667426,0.8798882681564246,0.8833586626139818,0.7477064220183486,0.5943396226415094,0.6023316062176166,0.9878787878787879,1.0,1.0,2,0,0,55,215,307,0.9047612198034367,0.6481258836258248,0.9959595959595959,2,577
0.13,0.12,0.06,0.9036144578313253,0.9135730858468677,0.8942307692307693,0.6521739130434783,0.6788793103448276,0.6283783783783784,1.0,1.0,1.0,0,0,0,88,149,275,0.9047253085158768,0.6531438672555615,1.0,0,512
0.18,0.07,0.05,0.919732441471572,0.8938706015891033,0.8833586626139818,0.6962025316455697,0.6274900398406374,0.6023316062176166,1.0,1.0,1.0,0,0,0,72,187,307,0.9046991337353133,0.6420080592346079,1.0,0,566
0.22,0.06,0.06,0.9188275084554679,0.8878241262683202,0.8942307692307693,0.7180616740088106,0.6128404669260701,0.6283783783783784,0.9878787878787879,1.0,1.0,2,0,0,64,199,275,0.9046071459543839,0.6530935064377531,0.9959595959595959,2,538
0.12,0.1,0.1,0.9006550218340611,0.9062140391254315,0.911949685534591,0.64453125,0.6589958158995816,0.6783625730994152,1.0,1.0,0.9978494623655914,0,0,1,91,163,220,0.9045816597615781,0.6606298796663322,0.9992831541218639,1,474
0.13,0.11,0.07,0.9036144578313253,0.9088286208886325,0.9004647560030984,0.6521739130434783,0.6659619450317125,0.6440443213296398,1.0,1.0,1.0,0,0,0,88,158,257,0.9045487663828722,0.6540600598016102,1.0,0,503
0.14,0.12,0.05,0.9075907590759077,0.9135730858468677,0.8833586626139818,0.6626506024096386,0.6788793103448276,0.6023316062176166,1.0,1.0,1.0,0,0,0,84,149,307,0.9045390378148105,0.6479538396573609,1.0,0,540
0.14,0.1,0.06,0.9075907590759077,0.9062140391254315,0.8942307692307693,0.6626506024096386,0.6589958158995816,0.6283783783783784,1.0,1.0,1.0,0,0,0,84,163,275,0.9045057451217371,0.6500082655625329,1.0,0,522
0.12,0.12,0.07,0.9006550218340611,0.9135730858468677,0.9004647560030984,0.64453125,0.6788793103448276,0.6440443213296398,1.0,1.0,1.0,0,0,0,91,149,257,0.9044923878717106,0.6558182938914892,1.0,0,497
0.21,0.09,0.05,0.914702581369248,0.9015455065827132,0.8833586626139818,0.7056277056277056,0.6468172484599589,0.6023316062176166,0.9878787878787879,1.0,1.0,2,0,0,68,172,307,0.9044866751822342,0.651592186768427,0.9959595959595959,2,547
0.17,0.09,0.05,0.9146341463414633,0.9015455065827132,0.8833586626139818,0.6818181818181818,0.6468172484599589,0.6023316062176166,1.0,1.0,1.0,0,0,0,77,172,307,0.9044524576683419,0.6436556788319191,1.0,0,556
0.14,0.08,0.08,0.9075907590759077,0.8974358974358974,0.9067862714508581,0.6626506024096386,0.6363636363636364,0.6605113636363636,1.0,1.0,1.0,0,0,0,84,180,239,0.9043834030588946,0.6531752008032129,1.0,0,503
0.21,0.07,0.06,0.914702581369248,0.8938706015891033,0.8942307692307693,0.7056277056277056,0.6274900398406374,0.6283783783783784,0.9878787878787879,1.0,1.0,2,0,0,68,187,275,0.9043586250075089,0.6538320412822406,0.9959595959595959,2,530
0.14,0.09,0.07,0.9075907590759077,0.9015455065827132,0.9004647560030984,0.6626506024096386,0.6468172484599589,0.6440443213296398,1.0,1.0,1.0,0,0,0,84,172,257,0.9043519827133875,0.6511707240664125,1.0,0,513
0.11,0.11,0.11,0.8967391304347826,0.9088286208886325,0.916633741604109,0.6346153846153846,0.6659619450317125,0.6915052160953801,1.0,1.0,0.9978494623655914,0,0,1,95,158,207,0.9043448998048029,0.6640275152474924,0.9992831541218639,1,460
0.13,0.09,0.09,0.9036144578313253,0.9015455065827132,0.9103367267032106,0.6521739130434783,0.6468172484599589,0.670028818443804,1.0,1.0,1.0,0,0,0,88,172,229,0.9043382262311187,0.6563399933157471,1.0,0,489
0.16,0.1,0.05,0.9116022099447514,0.9062140391254315,0.8833586626139818,0.673469387755102,0.6589958158995816,0.6023316062176166,1.0,1.0,1.0,0,0,0,80,163,307,0.9043370492328014,0.6449322699574335,1.0,0,550
0.12,0.11,0.08,0.9006550218340611,0.9088286208886325,0.9067862714508581,0.64453125,0.6659619450317125,0.6605113636363636,1.0,1.0,1.0,0,0,0,91,158,239,0.9043333514737919,0.6570015195560254,1.0,0,488
0.17,0.07,0.06,0.9146341463414633,0.8938706015891033,0.8942307692307693,0.6818181818181818,0.6274900398406374,0.6283783783783784,1.0,1.0,1.0,0,0,0,77,187,275,0.9043244074936165,0.6458955333457325,1.0,0,539
0.2,0.06,0.06,0.9182530795072789,0.8878241262683202,0.8942307692307693,0.703862660944206,0.6128404669260701,0.6283783783783784,0.9939393939393939,1.0,1.0,1,0,0,69,199,275,0.9043199314802893,0.6483605020828849,0.9979797979797981,1,543
0.12,0.1,0.09,0.9006550218340611,0.9062140391254315,0.9103367267032106,0.64453125,0.6589958158995816,0.670028818443804,1.0,1.0,1.0,0,0,0,91,163,229,0.9042590679953021,0.6578519614477952,1.0,0,483
0.22,0.07,0.05,0.9188275084554679,0.8938706015891033,0.8833586626139818,0.7180616740088106,0.6274900398406374,0.6023316062176166,0.9878787878787879,1.0,1.0,2,0,0,64,187,307,0.9042466672272612,0.6492944400223548,0.9959595959595959,2,558
0.13,0.13,0.05,0.9036144578313253,0.9189031505250874,0.8833586626139818,0.6521739130434783,0.6938325991189427,0.6023316062176166,1.0,1.0,1.0,0,0,0,88,139,307,0.9041499065959852,0.6494460394600124,1.0,0,534
0.16,0.07,0.07,0.9116022099447514,0.8938706015891033,0.9004647560030984,0.673469387755102,0.6274900398406374,0.6440443213296398,1.0,1.0,1.0,0,0,0,80,187,257,0.9040552366497263,0.6483345829751265,1.0,0,524
0.19,0.08,0.05,0.9162011173184358,0.8974358974358974,0.8833586626139818,0.6978723404255319,0.6363636363636364,0.6023316062176166,0.9939393939393939,1.0,1.0,1,0,0,71,180,307,0.9040030604127834,0.6455225276689283,0.9979797979797981,1,558
0.2,0.07,0.05,0.9182530795072789,0.8938706015891033,0.8833586626139818,0.703862660944206,0.6274900398406374,0.6023316062176166,0.9939393939393939,1.0,1.0,1,0,0,69,187,307,0.9039594527531668,0.6445614356674866,0.9979797979797981,1,563
0.16,0.08,0.06,0.9116022099447514,0.8974358974358974,0.8942307692307693,0.673469387755102,0.6363636363636364,0.6283783783783784,1.0,1.0,1.0,0,0,0,80,180,275,0.9038780280492988,0.646070467499039,1.0,0,535
0.13,0.1,0.07,0.9036144578313253,0.9062140391254315,0.9004647560030984,0.6521739130434783,0.6589958158995816,0.6440443213296398,1.0,1.0,1.0,0,0,0,88,163,257,0.9037643918539118,0.6517380167575665,1.0,0,508
0.24,0.05,0.05,0.9261363636363638,0.8798882681564246,0.8833586626139818,0.740909090909091,0.5943396226415094,0.6023316062176166,0.9878787878787879,1.0,1.0,2,0,0,57,215,307,0.9037063947879056,0.6458601065894056,0.9959595959595959,2,579
0.13,0.09,0.08,0.9036144578313253,0.9015455065827132,0.9067862714508581,0.6521739130434783,0.6468172484599589,0.6605113636363636,1.0,1.0,1.0,0,0,0,88,172,239,0.9036281351806481,0.6531675083799336,1.0,0,499
0.15,0.08,0.07,0.908590308370044,0.8974358974358974,0.9004647560030984,0.6653225806451613,0.6363636363636364,0.6440443213296398,1.0,1.0,1.0,0,0,0,83,180,257,0.9036188746164109,0.6485768461128125,1.0,0,520
0.15,0.11,0.05,0.908590308370044,0.9088286208886325,0.8833586626139818,0.6653225806451613,0.6659619450317125,0.6023316062176166,1.0,1.0,1.0,0,0,0,83,158,307,0.903615472974408,0.6445387106314967,1.0,0,548
0.15,0.09,0.06,0.908590308370044,0.9015455065827132,0.8942307692307693,0.6653225806451613,0.6468172484599589,0.6283783783783784,1.0,1.0,1.0,0,0,0,83,172,275,0.9036049600059898,0.6468394024944996,1.0,0,530
0.12,0.1,0.08,0.9006550218340611,0.9062140391254315,0.9067862714508581,0.64453125,0.6589958158995816,0.6605113636363636,1.0,1.0,1.0,0,0,0,91,163,239,0.9035489769448315,0.6546794765119818,1.0,0,493
0.23,0.06,0.05,0.92090395480226,0.8878241262683202,0.8833586626139818,0.7244444444444444,0.6128404669260701,0.6023316062176166,0.9878787878787879,1.0,1.0,2,0,0,62,199,307,0.9034709478044224,0.6465388391960437,0.9959595959595959,2,568
0.11,0.11,0.1,0.8967391304347826,0.9088286208886325,0.911949685534591,0.6346153846153846,0.6659619450317125,0.6783625730994152,1.0,1.0,0.9978494623655914,0,0,1,95,158,220,0.9034080885908993,0.6596466342488374,0.9992831541218639,1,473
0.13,0.11,0.06,0.9036144578313253,0.9088286208886325,0.8942307692307693,0.6521739130434783,0.6659619450317125,0.6283783783783784,1.0,1.0,1.0,0,0,0,88,158,275,0.9033019690284063,0.6488380788178564,1.0,0,521
0.19,0.06,0.06,0.9162011173184358,0.8878241262683202,0.8942307692307693,0.6978723404255319,0.6128404669260701,0.6283783783783784,0.9939393939393939,1.0,1.0,1,0,0,71,199,275,0.9032939503858678,0.6463637285766602,0.9979797979797981,1,545
0.21,0.08,0.05,0.914702581369248,0.8974358974358974,0.8833586626139818,0.7056277056277056,0.6363636363636364,0.6023316062176166,0.9878787878787879,1.0,1.0,2,0,0,68,180,307,0.9032537924381895,0.6481076494029862,0.9959595959595959,2,555
0.12,0.12,0.06,0.9006550218340611,0.9135730858468677,0.8942307692307693,0.64453125,0.6788793103448276,0.6283783783783784,1.0,1.0,1.0,0,0,0,91,149,275,0.9032455905172447,0.6505963129077353,1.0,0,515
0.17,0.08,0.05,0.9146341463414633,0.8974358974358974,0.8833586626139818,0.6818181818181818,0.6363636363636364,0.6023316062176166,1.0,1.0,1.0,0,0,0,77,180,307,0.9032195749242972,0.6401711414664782,1.0,0,564
0.14,0.08,0.07,0.9075907590759077,0.8974358974358974,0.9004647560030984,0.6626506024096386,0.6363636363636364,0.6440443213296398,1.0,1.0,1.0,0,0,0,84,180,257,0.9031190999693428,0.6476861867009717,1.0,0,521
0.14,0.11,0.05,0.9075907590759077,0.9088286208886325,0.8833586626139818,0.6626506024096386,0.6659619450317125,0.6023316062176166,1.0,1.0,1.0,0,0,0,84,158,307,0.90311569832734,0.6436480512196558,1.0,0,549
0.14,0.09,0.06,0.9075907590759077,0.9015455065827132,0.8942307692307693,0.6626506024096386,0.6468172484599589,0.6283783783783784,1.0,1.0,1.0,0,0,0,84,172,275,0.9031051853589216,0.6459487430826587,1.0,0,531
0.11,0.11,0.09,0.8967391304347826,0.9088286208886325,0.9103367267032106,0.6346153846153846,0.6659619450317125,0.670028818443804,1.0,1.0,1.0,0,0,0,95,158,229,0.9030854968246232,0.6568687160303003,1.0,0,482
0.12,0.11,0.07,0.9006550218340611,0.9088286208886325,0.9004647560030984,0.64453125,0.6659619450317125,0.6440443213296398,1.0,1.0,1.0,0,0,0,91,158,257,0.9030690483842401,0.6515125054537841,1.0,0,506
0.16,0.09,0.05,0.9116022099447514,0.9015455065827132,0.8833586626139818,0.673469387755102,0.6468172484599589,0.6023316062176166,1.0,1.0,1.0,0,0,0,80,172,307,0.902936489469986,0.6408727474775592,1.0,0,559
0.19,0.07,0.05,0.9162011173184358,0.8938706015891033,0.8833586626139818,0.6978723404255319,0.6274900398406374,0.6023316062176166,0.9939393939393939,1.0,1.0,1,0,0,71,187,307,0.9029334716587453,0.642564662161262,0.9979797979797981,1,565
0.18,0.06,0.05,0.919732441471572,0.8878241262683202,0.8833586626139818,0.6962025316455697,0.6128404669260701,0.6023316062176166,1.0,1.0,1.0,0,0,0,72,199,307,0.9028851911390784,0.6371248682630855,1.0,0,578
0.12,0.09,0.09,0.9006550218340611,0.9015455065827132,0.9103367267032106,0.64453125,0.6468172484599589,0.670028818443804,1.0,1.0,1.0,0,0,0,91,172,229,0.9028585082324866,0.6537924389679209,1.0,0,492
0.15,0.1,0.05,0.908590308370044,0.9062140391254315,0.8833586626139818,0.6653225806451613,0.6589958158995816,0.6023316062176166,1.0,1.0,1.0,0,0,0,83,163,307,0.9028310984454477,0.6422166675874531,1.0,0,553
0.16,0.07,0.06,0.9116022099447514,0.8938706015891033,0.8942307692307693,0.673469387755102,0.6274900398406374,0.6283783783783784,1.0,1.0,1.0,0,0,0,80,187,275,0.9028084392952606,0.6431126019913727,1.0,0,542
0.11,0.1,0.1,0.8967391304347826,0.9062140391254315,0.911949685534591,0.6346153846153846,0.6589958158995816,0.6783625730994152,1.0,1.0,0.9978494623655914,0,0,1,95,163,220,0.9026237140619389,0.6573245912047938,0.9992831541218639,1,478
0.13,0.12,0.05,0.9036144578313253,0.9135730858468677,0.8833586626139818,0.6521739130434783,0.6788793103448276,0.6023316062176166,1.0,1.0,1.0,0,0,0,88,149,307,0.9025508871925193,0.6444616098686408,1.0,0,544
0.15,0.07,0.07,0.908590308370044,0.8938706015891033,0.9004647560030984,0.6653225806451613,0.6274900398406374,0.6440443213296398,1.0,1.0,1.0,0,0,0,83,187,257,0.9025492858623727,0.6456189806051462,1.0,0,527
0.21,0.06,0.06,0.914702581369248,0.8878241262683202,0.8942307692307693,0.7056277056277056,0.6128404669260701,0.6283783783783784,0.9878787878787879,1.0,1.0,2,0,0,68,199,275,0.902544682411274,0.648948850310718,0.9959595959595959,2,542
0.13,0.1,0.06,0.9036144578313253,0.9062140391254315,0.8942307692307693,0.6521739130434783,0.6589958158995816,0.6283783783783784,1.0,1.0,1.0,0,0,0,88,163,275,0.9025175944994459,0.6465160357738128,1.0,0,526
0.17,0.06,0.06,0.9146341463414633,0.8878241262683202,0.8942307692307693,0.6818181818181818,0.6128404669260701,0.6283783783783784,1.0,1.0,1.0,0,0,0,77,199,275,0.9025104648973816,0.6410123423742101,1.0,0,551
0.22,0.06,0.05,0.9188275084554679,0.8878241262683202,0.8833586626139818,0.7180616740088106,0.6128404669260701,0.6023316062176166,0.9878787878787879,1.0,1.0,2,0,0,64,199,307,0.9024327246310263,0.6444112490508324,0.9959595959595959,2,570
0.13,0.08,0.08,0.9036144578313253,0.8974358974358974,0.9067862714508581,0.6521739130434783,0.6363636363636364,0.6605113636363636,1.0,1.0,1.0,0,0,0,88,180,239,0.9023952524366035,0.6496829710144928,1.0,0,507
0.11,0.11,0.08,0.8967391304347826,0.9088286208886325,0.9067862714508581,0.6346153846153846,0.6659619450317125,0.6605113636363636,1.0,1.0,1.0,0,0,0,95,158,239,0.9023754057741527,0.6536962310944868,1.0,0,492
0.15,0.08,0.06,0.908590308370044,0.8974358974358974,0.8942307692307693,0.6653225806451613,0.6363636363636364,0.6283783783783784,1.0,1.0,1.0,0,0,0,83,180,275,0.902372077261945,0.6433548651290587,1.0,0,538
0.13,0.09,0.07,0.9036144578313253,0.9015455065827132,0.9004647560030984,0.6521739130434783,0.6468172484599589,0.6440443213296398,1.0,1.0,1.0,0,0,0,88,172,257,0.9023638320910963,0.6476784942776924,1.0,0,517
0.14,0.1,0.05,0.9075907590759077,0.9062140391254315,0.8833586626139818,0.6626506024096386,0.6589958158995816,0.6023316062176166,1.0,1.0,1.0,0,0,0,84,163,307,0.9023313237983795,0.6413260081756121,1.0,0,554
0.11,0.1,0.09,0.8967391304347826,0.9062140391254315,0.9103367267032106,0.6346153846153846,0.6589958158995816,0.670028818443804,1.0,1.0,1.0,0,0,0,95,163,229,0.9023011222956628,0.6545466729862568,1.0,0,487
0.12,0.1,0.07,0.9006550218340611,0.9062140391254315,0.9004647560030984,0.64453125,0.6589958158995816,0.6440443213296398,1.0,1.0,1.0,0,0,0,91,163,257,0.9022846738552797,0.6491904624097405,1.0,0,511
0.21,0.07,0.05,0.914702581369248,0.8938706015891033,0.8833586626139818,0.7056277056277056,0.6274900398406374,0.6023316062176166,0.9878787878787879,1.0,1.0,2,0,0,68,187,307,0.9021842036841513,0.6451497838953199,0.9959595959595959,2,562
0.17,0.07,0.05,0.9146341463414633,0.8938706015891033,0.8833586626139818,0.6818181818181818,0.6274900398406374,0.6023316062176166,1.0,1.0,1.0,0,0,0,77,187,307,0.902149986170259,0.6372132759588119,1.0,0,571
0.12,0.09,0.08,0.9006550218340611,0.9015455065827132,0.9067862714508581,0.64453125,0.6468172484599589,0.6605113636363636,1.0,1.0,1.0,0,0,0,91,172,239,0.902148417182016,0.6506199540321075,1.0,0,502
0.2,0.06,0.05,0.9182530795072789,0.8878241262683202,0.8833586626139818,0.703862660944206,0.6128404669260701,0.6023316062176166,0.9939393939393939,1.0,1.0,1,0,0,69,199,307,0.9021455101569318,0.6396782446959642,0.9979797979797981,1,575
0.14,0.07,0.07,0.9075907590759077,0.8938706015891033,0.9004647560030984,0.6626506024096386,0.6274900398406374,0.6440443213296398,1.0,1.0,1.0,0,0,0,84,187,257,0.9020495112153046,0.6447283211933054,1.0,0,528
0.14,0.08,0.06,0.9075907590759077,0.8974358974358974,0.8942307692307693,0.6626506024096386,0.6363636363636364,0.6283783783783784,1.0,1.0,1.0,0,0,0,84,180,275,0.9018723026148769,0.6424642057172179,1.0,0,539
0.12,0.11,0.06,0.9006550218340611,0.9088286208886325,0.8942307692307693,0.64453125,0.6659619450317125,0.6283783783783784,1.0,1.0,1.0,0,0,0,91,158,275,0.9018222510297742,0.6462905244700302,1.0,0,524
0.16,0.08,0.05,0.9116022099447514,0.8974358974358974,0.8833586626139818,0.673469387755102,0.6363636363636364,0.6023316062176166,1.0,1.0,1.0,0,0,0,80,180,307,0.9017036067259413,0.6373882101121183,1.0,0,567
0.11,0.1,0.08,0.8967391304347826,0.9062140391254315,0.9067862714508581,0.6346153846153846,0.6589958158995816,0.6605113636363636,1.0,1.0,1.0,0,0,0,95,163,239,0.9015910312451922,0.6513741880504433,1.0,0,497
0.15,0.09,0.05,0.908590308370044,0.9015455065827132,0.8833586626139818,0.6653225806451613,0.6468172484599589,0.6023316062176166,1.0,1.0,1.0,0,0,0,83,172,307,0.9014305386826322,0.6381571451075789,1.0,0,562
0.15,0.07,0.06,0.908590308370044,0.8938706015891033,0.8942307692307693,0.6653225806451613,0.6274900398406374,0.6283783783783784,1.0,1.0,1.0,0,0,0,83,187,275,0.9013024885079068,0.6403969996213924,1.0,0,545
0.13,0.08,0.07,0.9036144578313253,0.8974358974358974,0.9004647560030984,0.6521739130434783,0.6363636363636364,0.6440443213296398,1.0,1.0,1.0,0,0,0,88,180,257,0.9011309493470516,0.6441939569122516,1.0,0,525
0.13,0.11,0.05,0.9036144578313253,0.9088286208886325,0.8833586626139818,0.6521739130434783,0.6659619450317125,0.6023316062176166,1.0,1.0,1.0,0,0,0,88,158,307,0.9011275477050488,0.6401558214309357,1.0,0,553
0.19,0.06,0.05,0.9162011173184358,0.8878241262683202,0.8833586626139818,0.6978723404255319,0.6128404669260701,0.6023316062176166,0.9939393939393939,1.0,1.0,1,0,0,71,199,307,0.9011195290625102,0.6376814711897395,0.9979797979797981,1,577
0.13,0.09,0.06,0.9036144578313253,0.9015455065827132,0.8942307692307693,0.6521739130434783,0.6468172484599589,0.6283783783783784,1.0,1.0,1.0,0,0,0,88,172,275,0.9011170347366304,0.6424565132939386,1.0,0,535
0.11,0.11,0.07,0.8967391304347826,0.9088286208886325,0.9004647560030984,0.6346153846153846,0.6659619450317125,0.6440443213296398,1.0,1.0,1.0,0,0,0,95,158,257,0.9011111026846008,0.6482072169922456,1.0,0,510
0.23,0.05,0.05,0.92090395480226,0.8798882681564246,0.8833586626139818,0.7244444444444444,0.5943396226415094,0.6023316062176166,0.9878787878787879,1.0,1.0,2,0,0,62,215,307,0.9010901903708537,0.6403718911011902,0.9959595959595959,2,584
0.12,0.12,0.05,0.9006550218340611,0.9135730858468677,0.8833586626139818,0.64453125,0.6788793103448276,0.6023316062176166,1.0,1.0,1.0,0,0,0,91,149,307,0.9010711691938872,0.6419140555208148,1.0,0,547
0.12,0.1,0.06,0.9006550218340611,0.9062140391254315,0.8942307692307693,0.64453125,0.6589958158995816,0.6283783783783784,1.0,1.0,1.0,0,0,0,91,163,275,0.9010378765008138,0.6439684814259867,1.0,0,529
0.16,0.06,0.06,0.9116022099447514,0.8878241262683202,0.8942307692307693,0.673469387755102,0.6128404669260701,0.6283783783783784,1.0,1.0,1.0,0,0,0,80,199,275,0.9009944966990255,0.6382294110198502,1.0,0,554
0.14,0.09,0.05,0.9075907590759077,0.9015455065827132,0.8833586626139818,0.6626506024096386,0.6468172484599589,0.6023316062176166,1.0,1.0,1.0,0,0,0,84,172,307,0.900930764035564,0.6372664856957381,1.0,0,563
0.12,0.08,0.08,0.9006550218340611,0.8974358974358974,0.9067862714508581,0.64453125,0.6363636363636364,0.6605113636363636,1.0,1.0,1.0,0,0,0,91,180,239,0.9009155344379713,0.6471354166666666,1.0,0,510
0.11,0.09,0.09,0.8967391304347826,0.9015455065827132,0.9103367267032106,0.6346153846153846,0.6468172484599589,0.670028818443804,1.0,1.0,1.0,0,0,0,95,172,229,0.9009005625328473,0.6504871505063825,1.0,0,496
0.12,0.09,0.07,0.9006550218340611,0.9015455065827132,0.9004647560030984,0.64453125,0.6468172484599589,0.6440443213296398,1.0,1.0,1.0,0,0,0,91,172,257,0.9008841140924642,0.6451309399298663,1.0,0,520
0.14,0.07,0.06,0.9075907590759077,0.8938706015891033,0.8942307692307693,0.6626506024096386,0.6274900398406374,0.6283783783783784,1.0,1.0,1.0,0,0,0,84,187,275,0.9008027138608388,0.6395063402095515,1.0,0,546
0.1,0.1,0.1,0.8928571428571429,0.9062140391254315,0.911949685534591,0.625,0.6589958158995816,0.6783625730994152,1.0,1.0,0.9978494623655914,0,0,1,99,163,220,0.9006827202731191,0.6541194629996656,0.9992831541218639,1,482
0.16,0.07,0.05,0.9116022099447514,0.8938706015891033,0.8833586626139818,0.673469387755102,0.6274900398406374,0.6023316062176166,1.0,1.0,1.0,0,0,0,80,187,307,0.900634017971903,0.634430344604452,1.0,0,574
0.18,0.05,0.05,0.919732441471572,0.8798882681564246,0.8833586626139818,0.6962025316455697,0.5943396226415094,0.6023316062176166,1.0,1.0,1.0,0,0,0,72,215,307,0.9005044337055097,0.6309579201682318,1.0,0,594
0.21,0.06,0.05,0.914702581369248,0.8878241262683202,0.8833586626139818,0.7056277056277056,0.6128404669260701,0.6023316062176166,0.9878787878787879,1.0,1.0,2,0,0,68,199,307,0.9003702610879164,0.6402665929237975,0.9959595959595959,2,574
0.1,0.1,0.09,0.8928571428571429,0.9062140391254315,0.9103367267032106,0.625,0.6589958158995816,0.670028818443804,1.0,1.0,1.0,0,0,0,99,163,229,0.9003601285068431,0.6513415447811286,1.0,0,491
0.13,0.1,0.05,0.9036144578313253,0.9062140391254315,0.8833586626139818,0.6521739130434783,0.6589958158995816,0.6023316062176166,1.0,1.0,1.0,0,0,0,88,163,307,0.9003431731760884,0.637833778386892,1.0,0,558
0.17,0.06,0.05,0.9146341463414633,0.8878241262683202,0.8833586626139818,0.6818181818181818,0.6128404669260701,0.6023316062176166,1.0,1.0,1.0,0,0,0,77,199,307,0.9003360435740241,0.6323300849872894,1.0,0,583
0.11,0.1,0.07,0.8967391304347826,0.9062140391254315,0.9004647560030984,0.6346153846153846,0.6589958158995816,0.6440443213296398,1.0,1.0,1.0,0,0,0,95,163,257,0.9003267281556404,0.645885173948202,1.0,0,515
0.15,0.08,0.05,0.908590308370044,0.8974358974358974,0.8833586626139818,0.6653225806451613,0.6363636363636364,0.6023316062176166,1.0,1.0,1.0,0,0,0,83,180,307,0.9001976559385875,0.6346726077421381,1.0,0,570
0.11,0.09,0.08,0.8967391304347826,0.9015455065827132,0.9067862714508581,0.6346153846153846,0.6468172484599589,0.6605113636363636,1.0,1.0,1.0,0,0,0,95,172,239,0.9001904714823767,0.647314665570569,1.0,0,506
0.13,0.07,0.07,0.9036144578313253,0.8938706015891033,0.9004647560030984,0.6521739130434783,0.6274900398406374,0.6440443213296398,1.0,1.0,1.0,0,0,0,88,187,257,0.9000613605930134,0.6412360914045853,1.0,0,532
0.22,0.05,0.05,0.9188275084554679,0.8798882681564246,0.8833586626139818,0.7180616740088106,0.5943396226415094,0.6023316062176166,0.9878787878787879,1.0,1.0,2,0,0,64,215,307,0.9000519671974577,0.638244300955979,0.9959595959595959,2,586
0.13,0.08,0.06,0.9036144578313253,0.8974358974358974,0.8942307692307693,0.6521739130434783,0.6363636363636364,0.6283783783783784,1.0,1.0,1.0,0,0,0,88,180,275,0.8998841519925858,0.6389719759284977,1.0,0,543
0.11,0.11,0.06,0.8967391304347826,0.9088286208886325,0.8942307692307693,0.6346153846153846,0.6659619450317125,0.6283783783783784,1.0,1.0,1.0,0,0,0,95,158,275,0.899864305330135,0.6429852360084918,1.0,0,528
0.2,0.05,0.05,0.9182530795072789,0.8798882681564246,0.8833586626139818,0.703862660944206,0.5943396226415094,0.6023316062176166,0.9939393939393939,1.0,1.0,1,0,0,69,215,307,0.8997647527233631,0.6335112966011107,0.9979797979797981,1,591
0.14,0.08,0.05,0.9075907590759077,0.8974358974358974,0.8833586626139818,0.6626506024096386,0.6363636363636364,0.6023316062176166,1.0,1.0,1.0,0,0,0,84,180,307,0.8996978812915194,0.6337819483302972,1.0,0,571
0.12,0.08,0.07,0.9006550218340611,0.8974358974358974,0.9004647560030984,0.64453125,0.6363636363636364,0.6440443213296398,1.0,1.0,1.0,0,0,0,91,180,257,0.8996512313484195,0.6416464025644254,1.0,0,528
0.1,0.1,0.08,0.8928571428571429,0.9062140391254315,0.9067862714508581,0.625,0.6589958158995816,0.6605113636363636,1.0,1.0,1.0,0,0,0,99,163,239,0.8996500374563725,0.6481690598453151,1.0,0,501
0.12,0.11,0.05,0.9006550218340611,0.9088286208886325,0.8833586626139818,0.64453125,0.6659619450317125,0.6023316062176166,1.0,1.0,1.0,0,0,0,91,158,307,0.8996478297064167,0.6376082670831097,1.0,0,556
0.12,0.09,0.06,0.9006550218340611,0.9015455065827132,0.8942307692307693,0.64453125,0.6468172484599589,0.6283783783783784,1.0,1.0,1.0,0,0,0,91,172,275,0.8996373167379983,0.6399089589461124,1.0,0,538
0.15,0.06,0.06,0.908590308370044,0.8878241262683202,0.8942307692307693,0.6653225806451613,0.6128404669260701,0.6283783783783784,1.0,1.0,1.0,0,0,0,83,199,275,0.8994885459116719,0.6355138086498698,1.0,0,557
0.15,0.07,0.05,0.908590308370044,0.8938706015891033,0.8833586626139818,0.6653225806451613,0.6274900398406374,0.6023316062176166,1.0,1.0,1.0,0,0,0,83,187,307,0.8991280671845493,0.6317147422344718,1.0,0,577
0.11,0.1,0.06,0.8967391304347826,0.9062140391254315,0.8942307692307693,0.6346153846153846,0.6589958158995816,0.6283783783783784,1.0,1.0,1.0,0,0,0,95,163,275,0.8990799308011745,0.6406631929644483,1.0,0,533
0.14,0.06,0.06,0.9075907590759077,0.8878241262683202,0.8942307692307693,0.6626506024096386,0.6128404669260701,0.6283783783783784,1.0,1.0,1.0,0,0,0,84,199,275,0.8989887712646037,0.634623149238029,1.0,0,558
0.1,0.09,0.09,0.8928571428571429,0.9015455065827132,0.9103367267032106,0.625,0.6468172484599589,0.670028818443804,1.0,1.0,1.0,0,0,0,99,172,229,0.8989595687440276,0.6472820223012543,1.0,0,500
0.11,0.08,0.08,0.8967391304347826,0.8974358974358974,0.9067862714508581,0.6346153846153846,0.6363636363636364,0.6605113636363636,1.0,1.0,1.0,0,0,0,95,180,239,0.8989575887383321,0.6438301282051282,1.0,0,514
0.13,0.09,0.05,0.9036144578313253,0.9015455065827132,0.8833586626139818,0.6521739130434783,0.6468172484599589,0.6023316062176166,1.0,1.0,1.0,0,0,0,88,172,307,0.8989426134132729,0.633774255907018,1.0,0,567
0.11,0.09,0.07,0.8967391304347826,0.9015455065827132,0.9004647560030984,0.6346153846153846,0.6468172484599589,0.6440443213296398,1.0,1.0,1.0,0,0,0,95,172,257,0.8989261683928249,0.6418256514683277,1.0,0,524
0.12,0.1,0.05,0.9006550218340611,0.9062140391254315,0.8833586626139818,0.64453125,0.6589958158995816,0.6023316062176166,1.0,1.0,1.0,0,0,0,91,163,307,0.8988634551774562,0.6352862240390661,1.0,0,561
0.16,0.06,0.05,0.9116022099447514,0.8878241262683202,0.8833586626139818,0.673469387755102,0.6128404669260701,0.6023316062176166,1.0,1.0,1.0,0,0,0,80,199,307,0.898820075375668,0.6295471536329296,1.0,0,586
0.13,0.07,0.06,0.9036144578313253,0.8938706015891033,0.8942307692307693,0.6521739130434783,0.6274900398406374,0.6283783783783784,1.0,1.0,1.0,0,0,0,88,187,275,0.8988145632385476,0.6360141104208314,1.0,0,550
0.19,0.05,0.05,0.9162011173184358,0.8798882681564246,0.8833586626139818,0.6978723404255319,0.5943396226415094,0.6023316062176166,0.9939393939393939,1.0,1.0,1,0,0,71,215,307,0.8987387716289416,0.6315145230948859,0.9979797979797981,1,593
0.14,0.07,0.05,0.9075907590759077,0.8938706015891033,0.8833586626139818,0.6626506024096386,0.6274900398406374,0.6023316062176166,1.0,1.0,1.0,0,0,0,84,187,307,0.8986282925374812,0.6308240828226309,1.0,0,578
0.12,0.07,0.07,0.9006550218340611,0.8938706015891033,0.9004647560030984,0.64453125,0.6274900398406374,0.6440443213296398,1.0,1.0,1.0,0,0,0,91,187,257,0.8985816425943813,0.6386885370567591,1.0,0,535
0.12,0.08,0.06,0.9006550218340611,0.8974358974358974,0.8942307692307693,0.64453125,0.6363636363636364,0.6283783783783784,1.0,1.0,1.0,0,0,0,91,180,275,0.8984044339939536,0.6364244215806716,1.0,0,546
0.1,0.1,0.07,0.8928571428571429,0.9062140391254315,0.9004647560030984,0.625,0.6589958158995816,0.6440443213296398,1.0,1.0,1.0,0,0,0,99,163,257,0.8983857343668207,0.6426800457430738,1.0,0,519
0.1,0.09,0.08,0.8928571428571429,0.9015455065827132,0.9067862714508581,0.625,0.6468172484599589,0.6605113636363636,1.0,1.0,1.0,0,0,0,99,172,239,0.898249477693557,0.6441095373654409,1.0,0,510
0.21,0.05,0.05,0.914702581369248,0.8798882681564246,0.8833586626139818,0.7056277056277056,0.5943396226415094,0.6023316062176166,0.9878787878787879,1.0,1.0,2,0,0,68,215,307,0.8979895036543477,0.6340996448289439,0.9959595959595959,2,590
0.17,0.05,0.05,0.9146341463414633,0.8798882681564246,0.8833586626139818,0.6818181818181818,0.5943396226415094,0.6023316062176166,1.0,1.0,1.0,0,0,0,77,215,307,0.8979552861404554,0.626163136892436,1.0,0,599
0.13,0.08,0.05,0.9036144578313253,0.8974358974358974,0.8833586626139818,0.6521739130434783,0.6363636363636364,0.6023316062176166,1.0,1.0,1.0,0,0,0,88,180,307,0.8977097306692282,0.6302897185415771,1.0,0,575
0.11,0.08,0.07,0.8967391304347826,0.8974358974358974,0.9004647560030984,0.6346153846153846,0.6363636363636364,0.6440443213296398,1.0,1.0,1.0,0,0,0,95,180,257,0.8976932856487803,0.6383411141028869,1.0,0,532
0.11,0.11,0.05,0.8967391304347826,0.9088286208886325,0.8833586626139818,0.6346153846153846,0.6659619450317125,0.6023316062176166,1.0,1.0,1.0,0,0,0,95,158,307,0.8976898840067774,0.6343029786215713,1.0,0,560
0.11,0.09,0.06,0.8967391304347826,0.9015455065827132,0.8942307692307693,0.6346153846153846,0.6468172484599589,0.6283783783783784,1.0,1.0,1.0,0,0,0,95,172,275,0.897679371038359,0.636603670484574,1.0,0,542
0.12,0.09,0.05,0.9006550218340611,0.9015455065827132,0.8833586626139818,0.64453125,0.6468172484599589,0.6023316062176166,1.0,1.0,1.0,0,0,0,91,172,307,0.8974628954146407,0.6312267015591918,1.0,0,570
0.12,0.07,0.06,0.9006550218340611,0.8938706015891033,0.8942307692307693,0.64453125,0.6274900398406374,0.6283783783783784,1.0,1.0,1.0,0,0,0,91,187,275,0.8973348452399155,0.6334665560730053,1.0,0,553
0.15,0.06,0.05,0.908590308370044,0.8878241262683202,0.8833586626139818,0.6653225806451613,0.6128404669260701,0.6023316062176166,1.0,1.0,1.0,0,0,0,83,199,307,0.8973141245883144,0.6268315512629493,1.0,0,589
0.1,0.1,0.06,0.8928571428571429,0.9062140391254315,0.8942307692307693,0.625,0.6589958158995816,0.6283783783783784,1.0,1.0,1.0,0,0,0,99,163,275,0.8971389370123548,0.6374580647593201,1.0,0,537
0.1,0.08,0.08,0.8928571428571429,0.8974358974358974,0.9067862714508581,0.625,0.6363636363636364,0.6605113636363636,1.0,1.0,1.0,0,0,0,99,180,239,0.8970165949495124,0.640625,1.0,0,518
0.13,0.06,0.06,0.9036144578313253,0.8878241262683202,0.8942307692307693,0.6521739130434783,0.6128404669260701,0.6283783783783784,1.0,1.0,1.0,0,0,0,88,199,275,0.8970006206423126,0.6311309194493089,1.0,0,562
0.1,0.09,0.07,0.8928571428571429,0.9015455065827132,0.9004647560030984,0.625,0.6468172484599589,0.6440443213296398,1.0,1.0,1.0,0,0,0,99,172,257,0.8969851746040052,0.6386205232631995,1.0,0,528
0.11,0.1,0.05,0.8967391304347826,0.9062140391254315,0.8833586626139818,0.6346153846153846,0.6589958158995816,0.6023316062176166,1.0,1.0,1.0,0,0,0,95,163,307,0.896905509477817,0.6319809355775275,1.0,0,565
0.14,0.06,0.05,0.9075907590759077,0.8878241262683202,0.8833586626139818,0.6626506024096386,0.6128404669260701,0.6023316062176166,1.0,1.0,1.0,0,0,0,84,199,307,0.8968143499412462,0.6259408918511085,1.0,0,590
0.13,0.07,0.05,0.9036144578313253,0.8938706015891033,0.8833586626139818,0.6521739130434783,0.6274900398406374,0.6023316062176166,1.0,1.0,1.0,0,0,0,88,187,307,0.89664014191519,0.6273318530339108,1.0,0,582
0.11,0.07,0.07,0.8967391304347826,0.8938706015891033,0.9004647560030984,0.6346153846153846,0.6274900398406374,0.6440443213296398,1.0,1.0,1.0,0,0,0,95,187,257,0.8966236968947421,0.6353832485952206,1.0,0,539
0.11,0.08,0.06,0.8967391304347826,0.8974358974358974,0.8942307692307693,0.6346153846153846,0.6363636363636364,0.6283783783783784,1.0,1.0,1.0,0,0,0,95,180,275,0.8964464882943144,0.6331191331191331,1.0,0,550
0.16,0.05,0.05,0.9116022099447514,0.8798882681564246,0.8833586626139818,0.673469387755102,0.5943396226415094,0.6023316062176166,1.0,1.0,1.0,0,0,0,80,215,307,0.8964393179420994,0.6233802055380759,1.0,0,602
0.12,0.08,0.05,0.9006550218340611,0.8974358974358974,0.8833586626139818,0.64453125,0.6363636363636364,0.6023316062176166,1.0,1.0,1.0,0,0,0,91,180,307,0.8962300126705961,0.627742164193751,1.0,0,578
0.1,0.08,0.07,0.8928571428571429,0.8974358974358974,0.9004647560030984,0.625,0.6363636363636364,0.6440443213296398,1.0,1.0,1.0,0,0,0,99,180,257,0.8957522918599603,0.6351359858977587,1.0,0,536
0.1,0.09,0.06,0.8928571428571429,0.9015455065827132,0.8942307692307693,0.625,0.6468172484599589,0.6283783783783784,1.0,1.0,1.0,0,0,0,99,172,275,0.8957383772495393,0.6333985422794458,1.0,0,546
0.09,0.09,0.09,0.8861439312567132,0.9015455065827132,0.9103367267032106,0.6088560885608856,0.6468172484599589,0.670028818443804,1.0,1.0,1.0,0,0,0,106,172,229,0.8956029629438127,0.6419007184882162,1.0,0,507
0.12,0.06,0.06,0.9006550218340611,0.8878241262683202,0.8942307692307693,0.64453125,0.6128404669260701,0.6283783783783784,1.0,1.0,1.0,0,0,0,91,199,275,0.8955209026436804,0.6285833651014828,1.0,0,565
0.11,0.09,0.05,0.8967391304347826,0.9015455065827132,0.8833586626139818,0.6346153846153846,0.6468172484599589,0.6023316062176166,1.0,1.0,1.0,0,0,0,95,172,307,0.8955049497150015,0.6279214130976533,1.0,0,574
0.11,0.07,0.06,0.8967391304347826,0.8938706015891033,0.8942307692307693,0.6346153846153846,0.6274900398406374,0.6283783783783784,1.0,1.0,1.0,0,0,0,95,187,275,0.8953768995402762,0.6301612676114668,1.0,0,557
0.12,0.07,0.05,0.9006550218340611,0.8938706015891033,0.8833586626139818,0.64453125,0.6274900398406374,0.6023316062176166,1.0,1.0,1.0,0,0,0,91,187,307,0.8951604239165579,0.6247842986860846,1.0,0,585
0.1,0.1,0.05,0.8928571428571429,0.9062140391254315,0.8833586626139818,0.625,0.6589958158995816,0.6023316062176166,1.0,1.0,1.0,0,0,0,99,163,307,0.8949645156889973,0.6287758073723994,1.0,0,569
0.15,0.05,0.05,0.908590308370044,0.8798882681564246,0.8833586626139818,0.6653225806451613,0.5943396226415094,0.6023316062176166,1.0,1.0,1.0,0,0,0,83,215,307,0.8949333671547457,0.6206646031680957,1.0,0,605
0.09,0.09,0.08,0.8861439312567132,0.9015455065827132,0.9067862714508581,0.6088560885608856,0.6468172484599589,0.6605113636363636,1.0,1.0,1.0,0,0,0,106,172,239,0.8948928718933422,0.6387282335524027,1.0,0,517
0.13,0.06,0.05,0.9036144578313253,0.8878241262683202,0.8833586626139818,0.6521739130434783,0.6128404669260701,0.6023316062176166,1.0,1.0,1.0,0,0,0,88,199,307,0.894826199318955,0.6224486620623884,1.0,0,594
0.1,0.07,0.07,0.8928571428571429,0.8938706015891033,0.9004647560030984,0.625,0.6274900398406374,0.6440443213296398,1.0,1.0,1.0,0,0,0,99,187,257,0.8946827031059221,0.6321781203900924,1.0,0,543
0.1,0.08,0.06,0.8928571428571429,0.8974358974358974,0.8942307692307693,0.625,0.6363636363636364,0.6283783783783784,1.0,1.0,1.0,0,0,0,99,180,275,0.8945054945054945,0.629914004914005,1.0,0,554
0.14,0.05,0.05,0.9075907590759077,0.8798882681564246,0.8833586626139818,0.6626506024096386,0.5943396226415094,0.6023316062176166,1.0,1.0,1.0,0,0,0,84,215,307,0.8944335925076775,0.6197739437562548,1.0,0,606
0.11,0.08,0.05,0.8967391304347826,0.8974358974358974,0.8833586626139818,0.6346153846153846,0.6363636363636364,0.6023316062176166,1.0,1.0,1.0,0,0,0,95,180,307,0.8942720669709568,0.6244368757322124,1.0,0,582
0.09,0.08,0.08,0.8861439312567132,0.8974358974358974,0.9067862714508581,0.6088560885608856,0.6363636363636364,0.6605113636363636,1.0,1.0,1.0,0,0,0,106,180,239,0.8936599891492973,0.6352436961869619,1.0,0,525
0.09,0.09,0.07,0.8861439312567132,0.9015455065827132,0.9004647560030984,0.6088560885608856,0.6468172484599589,0.6440443213296398,1.0,1.0,1.0,0,0,0,106,172,257,0.8936285688037902,0.6332392194501614,1.0,0,535
0.1,0.09,0.05,0.8928571428571429,0.9015455065827132,0.8833586626139818,0.625,0.6468172484599589,0.6023316062176166,1.0,1.0,1.0,0,0,0,99,172,307,0.8935639559261818,0.6247162848925251,1.0,0,578
0.11,0.06,0.06,0.8967391304347826,0.8878241262683202,0.8942307692307693,0.6346153846153846,0.6128404669260701,0.6283783783783784,1.0,1.0,1.0,0,0,0,95,199,275,0.8935629569440412,0.6252780766399444,1.0,0,569
0.1,0.07,0.06,0.8928571428571429,0.8938706015891033,0.8942307692307693,0.625,0.6274900398406374,0.6283783783783784,1.0,1.0,1.0,0,0,0,99,187,275,0.8934359057514563,0.6269561394063387,1.0,0,561
0.12,0.06,0.05,0.9006550218340611,0.8878241262683202,0.8833586626139818,0.64453125,0.6128404669260701,0.6023316062176166,1.0,1.0,1.0,0,0,0,91,199,307,0.8933464813203229,0.6199011077145622,1.0,0,597
0.11,0.07,0.05,0.8967391304347826,0.8938706015891033,0.8833586626139818,0.6346153846153846,0.6274900398406374,0.6023316062176166,1.0,1.0,1.0,0,0,0,95,187,307,0.8932024782169187,0.6214790102245461,1.0,0,589
0.13,0.05,0.05,0.9036144578313253,0.8798882681564246,0.8833586626139818,0.6521739130434783,0.5943396226415094,0.6023316062176166,1.0,1.0,1.0,0,0,0,88,215,307,0.8924454418853863,0.6162817139675347,1.0,0,610
0.09,0.08,0.07,0.8861439312567132,0.8974358974358974,0.9004647560030984,0.6088560885608856,0.6363636363636364,0.6440443213296398,1.0,1.0,1.0,0,0,0,106,180,257,0.8923956860597455,0.6297546820847205,1.0,0,543
0.09,0.09,0.06,0.8861439312567132,0.9015455065827132,0.8942307692307693,0.6088560885608856,0.6468172484599589,0.6283783783783784,1.0,1.0,1.0,0,0,0,106,172,275,0.8923817714493244,0.6280172384664077,1.0,0,553
0.1,0.08,0.05,0.8928571428571429,0.8974358974358974,0.8833586626139818,0.625,0.6363636363636364,0.6023316062176166,1.0,1.0,1.0,0,0,0,99,180,307,0.892331073182137,0.6212317475270842,1.0,0,586
0.1,0.06,0.06,0.8928571428571429,0.8878241262683202,0.8942307692307693,0.625,0.6128404669260701,0.6283783783783784,1.0,1.0,1.0,0,0,0,99,199,275,0.8916219631552214,0.6220729484348162,1.0,0,573
0.11,0.06,0.05,0.8967391304347826,0.8878241262683202,0.8833586626139818,0.6346153846153846,0.6128404669260701,0.6023316062176166,1.0,1.0,1.0,0,0,0,95,199,307,0.8913885356206837,0.6165958192530238,1.0,0,601
0.09,0.07,0.07,0.8861439312567132,0.8938706015891033,0.9004647560030984,0.6088560885608856,0.6274900398406374,0.6440443213296398,1.0,1.0,1.0,0,0,0,106,187,257,0.8913260973057073,0.6267968165770542,1.0,0,550
0.1,0.07,0.05,0.8928571428571429,0.8938706015891033,0.8833586626139818,0.625,0.6274900398406374,0.6023316062176166,1.0,1.0,1.0,0,0,0,99,187,307,0.8912614844280987,0.6182738820194179,1.0,0,593
0.09,0.08,0.06,0.8861439312567132,0.8974358974358974,0.8942307692307693,0.6088560885608856,0.6363636363636364,0.6283783783783784,1.0,1.0,1.0,0,0,0,106,180,275,0.8911488887052796,0.6245327011009668,1.0,0,561
0.12,0.05,0.05,0.9006550218340611,0.8798882681564246,0.8833586626139818,0.64453125,0.5943396226415094,0.6023316062176166,1.0,1.0,1.0,0,0,0,91,215,307,0.8909657238867542,0.6137341596197087,1.0,0,613
0.09,0.09,0.05,0.8861439312567132,0.9015455065827132,0.8833586626139818,0.6088560885608856,0.6468172484599589,0.6023316062176166,1.0,1.0,1.0,0,0,0,106,172,307,0.8902073501259669,0.6193349810794869,1.0,0,585
0.09,0.07,0.06,0.8861439312567132,0.8938706015891033,0.8942307692307693,0.6088560885608856,0.6274900398406374,0.6283783783783784,1.0,1.0,1.0,0,0,0,106,187,275,0.8900792999512415,0.6215748355933005,1.0,0,568
0.08,0.08,0.08,0.8785942492012779,0.8974358974358974,0.9067862714508581,0.5913978494623656,0.6363636363636364,0.6605113636363636,1.0,1.0,1.0,0,0,0,114,180,239,0.8898851481215797,0.6294242831541218,1.0,0,533
0.1,0.06,0.05,0.8928571428571429,0.8878241262683202,0.8833586626139818,0.625,0.6128404669260701,0.6023316062176166,1.0,1.0,1.0,0,0,0,99,199,307,0.8894475418318638,0.6133906910478956,1.0,0,605
0.11,0.05,0.05,0.8967391304347826,0.8798882681564246,0.8833586626139818,0.6346153846153846,0.5943396226415094,0.6023316062176166,1.0,1.0,1.0,0,0,0,95,215,307,0.889007778187115,0.6104288711581702,1.0,0,617
0.09,0.08,0.05,0.8861439312567132,0.8974358974358974,0.8833586626139818,0.6088560885608856,0.6363636363636364,0.6023316062176166,1.0,1.0,1.0,0,0,0,106,180,307,0.8889744673819221,0.6158504437140461,1.0,0,593
0.08,0.08,0.07,0.8785942492012779,0.8974358974358974,0.9004647560030984,0.5913978494623656,0.6363636363636364,0.6440443213296398,1.0,1.0,1.0,0,0,0,114,180,257,0.8886208450320279,0.6239352690518806,1.0,0,551
0.09,0.06,0.06,0.8861439312567132,0.8878241262683202,0.8942307692307693,0.6088560885608856,0.6128404669260701,0.6283783783783784,1.0,1.0,1.0,0,0,0,106,199,275,0.8882653573550066,0.6166916446217781,1.0,0,580
0.09,0.07,0.05,0.8861439312567132,0.8938706015891033,0.8833586626139818,0.6088560885608856,0.6274900398406374,0.6023316062176166,1.0,1.0,1.0,0,0,0,106,187,307,0.8879048786278839,0.6128925782063798,1.0,0,600
0.08,0.07,0.07,0.8785942492012779,0.8938706015891033,0.9004647560030984,0.5913978494623656,0.6274900398406374,0.6440443213296398,1.0,1.0,1.0,0,0,0,114,187,257,0.8875512562779897,0.6209774035442143,1.0,0,558
0.08,0.08,0.06,0.8785942492012779,0.8974358974358974,0.8942307692307693,0.5913978494623656,0.6363636363636364,0.6283783783783784,1.0,1.0,1.0,0,0,0,114,180,275,0.887374047677562,0.6187132880681268,1.0,0,569
0.1,0.05,0.05,0.8928571428571429,0.8798882681564246,0.8833586626139818,0.625,0.5943396226415094,0.6023316062176166,1.0,1.0,1.0,0,0,0,99,215,307,0.8870667843982952,0.607223742953042,1.0,0,621
0.08,0.07,0.06,0.8785942492012779,0.8938706015891033,0.8942307692307693,0.5913978494623656,0.6274900398406374,0.6283783783783784,1.0,1.0,1.0,0,0,0,114,187,275,0.8863044589235238,0.6157554225604605,1.0,0,576
0.09,0.06,0.05,0.8861439312567132,0.8878241262683202,0.8833586626139818,0.6088560885608856,0.6128404669260701,0.6023316062176166,1.0,1.0,1.0,0,0,0,106,199,307,0.886090936031649,0.6080093872348574,1.0,0,612
0.08,0.08,0.05,0.8785942492012779,0.8974358974358974,0.8833586626139818,0.5913978494623656,0.6363636363636364,0.6023316062176166,1.0,1.0,1.0,0,0,0,114,180,307,0.8851996263542045,0.6100310306812062,1.0,0,601
0.08,0.06,0.06,0.8785942492012779,0.8878241262683202,0.8942307692307693,0.5913978494623656,0.6128404669260701,0.6283783783783784,1.0,1.0,1.0,0,0,0,114,199,275,0.8844905163272889,0.610872231588938,1.0,0,588
0.08,0.07,0.05,0.8785942492012779,0.8938706015891033,0.8833586626139818,0.5913978494623656,0.6274900398406374,0.6023316062176166,1.0,1.0,1.0,0,0,0,114,187,307,0.8841300376001663,0.6070731651735399,1.0,0,608
0.09,0.05,0.05,0.8861439312567132,0.8798882681564246,0.8833586626139818,0.6088560885608856,0.5943396226415094,0.6023316062176166,1.0,1.0,1.0,0,0,0,106,215,307,0.8837101785980803,0.6018424391400039,1.0,0,628
0.08,0.06,0.05,0.8785942492012779,0.8878241262683202,0.8833586626139818,0.5913978494623656,0.6128404669260701,0.6023316062176166,1.0,1.0,1.0,0,0,0,114,199,307,0.8823160950039314,0.6021899742020174,1.0,0,620
0.07,0.07,0.07,0.8638743455497382,0.8938706015891033,0.9004647560030984,0.559322033898305,0.6274900398406374,0.6440443213296398,1.0,1.0,1.0,0,0,0,130,187,257,0.8801913044522198,0.6102854650228607,1.0,0,574
0.08,0.05,0.05,0.8785942492012779,0.8798882681564246,0.8833586626139818,0.5913978494623656,0.5943396226415094,0.6023316062176166,1.0,1.0,1.0,0,0,0,114,215,307,0.8799353375703627,0.5960230261071638,1.0,0,636
0.07,0.07,0.06,0.8638743455497382,0.8938706015891033,0.8942307692307693,0.559322033898305,0.6274900398406374,0.6283783783783784,1.0,1.0,1.0,0,0,0,130,187,275,0.878944507097754,0.6050634840391069,1.0,0,592
0.07,0.06,0.06,0.8638743455497382,0.8878241262683202,0.8942307692307693,0.559322033898305,0.6128404669260701,0.6283783783783784,1.0,1.0,1.0,0,0,0,130,199,275,0.877130564501519,0.6001802930675845,1.0,0,604
0.07,0.07,0.05,0.8638743455497382,0.8938706015891033,0.8833586626139818,0.559322033898305,0.6274900398406374,0.6023316062176166,1.0,1.0,1.0,0,0,0,130,187,307,0.8767700857743964,0.5963812266521864,1.0,0,624
0.07,0.06,0.05,0.8638743455497382,0.8878241262683202,0.8833586626139818,0.559322033898305,0.6128404669260701,0.6023316062176166,1.0,1.0,1.0,0,0,0,130,199,307,0.8749561431781615,0.5914980356806638,1.0,0,636
0.06,0.06,0.06,0.859375,0.8878241262683202,0.8942307692307693,0.55,0.6128404669260701,0.6283783783783784,1.0,1.0,1.0,0,0,0,135,199,275,0.87488089172665,0.5970729484348162,1.0,0,609
0.06,0.06,0.05,0.859375,0.8878241262683202,0.8833586626139818,0.55,0.6128404669260701,0.6023316062176166,1.0,1.0,1.0,0,0,0,135,199,307,0.8727064704032924,0.5883906910478957,1.0,0,641
0.07,0.05,0.05,0.8638743455497382,0.8798882681564246,0.8833586626139818,0.559322033898305,0.5943396226415094,0.6023316062176166,1.0,1.0,1.0,0,0,0,130,215,307,0.8725753857445928,0.5853310875858103,1.0,0,652
0.06,0.05,0.05,0.859375,0.8798882681564246,0.8833586626139818,0.55,0.5943396226415094,0.6023316062176166,1.0,1.0,1.0,0,0,0,135,215,307,0.8703257129697237,0.582223742953042,1.0,0,657
0.05,0.05,0.05,0.8513931888544892,0.8798882681564246,0.8833586626139818,0.5339805825242718,0.5943396226415094,0.6023316062176166,1.0,1.0,1.0,0,0,0,144,215,307,0.8663348073969683,0.5768839371277993,1.0,0,666
