Threshold 10,Threshold 20,Threshold 30,Total asymmetric cost,Total false positives,Total false negatives,Mean recall,Mean F1
0.09999999999999999,0.08,0.08,350.0,308,6,0.9956989247311828,0.8598417472231089
0.09999999999999999,0.09,0.08,350.0,308,6,0.9956989247311828,0.8598417472231089
0.09999999999999999,0.09,0.09,350.0,308,6,0.9956989247311828,0.8598417472231089
0.09999999999999999,0.09999999999999999,0.08,350.0,308,6,0.9956989247311828,0.8598417472231089
0.09999999999999999,0.09999999999999999,0.09,350.0,308,6,0.9956989247311828,0.8598417472231089
0.09999999999999999,0.09999999999999999,0.09999999999999999,350.0,308,6,0.9956989247311828,0.8598417472231089
0.09999999999999999,0.06999999999999999,0.06999999999999999,353.0,311,6,0.9956989247311828,0.8590270362768727
0.09999999999999999,0.08,0.06999999999999999,353.0,311,6,0.9956989247311828,0.8590270362768727
0.09999999999999999,0.09,0.06999999999999999,353.0,311,6,0.9956989247311828,0.8590270362768727
0.09999999999999999,0.09999999999999999,0.06999999999999999,353.0,311,6,0.9956989247311828,0.8590270362768727
0.09,0.08,0.08,354.0,312,6,0.9956989247311828,0.8567293911695764
0.09,0.09,0.08,354.0,312,6,0.9956989247311828,0.8567293911695764
0.09,0.09,0.09,354.0,312,6,0.9956989247311828,0.8567293911695764
0.09,0.06999999999999999,0.06999999999999999,357.0,315,6,0.9956989247311828,0.8559146802233402
0.09,0.08,0.06999999999999999,357.0,315,6,0.9956989247311828,0.8559146802233402
0.09,0.09,0.06999999999999999,357.0,315,6,0.9956989247311828,0.8559146802233402
0.15,0.15,0.08,357.0,235,13,0.9863675153997734,0.8883803155581944
0.15,0.15,0.09,357.0,235,13,0.9863675153997734,0.8883803155581944
0.15,0.15,0.09999999999999999,357.0,235,13,0.9863675153997734,0.8883803155581944
0.08,0.08,0.08,360.0,318,6,0.9956989247311828,0.8521824334976187
0.15,0.15,0.06999999999999999,360.0,238,13,0.9863675153997734,0.8875656046119582
0.08,0.06999999999999999,0.06999999999999999,363.0,321,6,0.9956989247311828,0.8513677225513825
0.08,0.08,0.06999999999999999,363.0,321,6,0.9956989247311828,0.8513677225513825
0.15,0.15,0.15,364.0,193,20,0.9813495942528201,0.8977558015643282
0.06999999999999999,0.06999999999999999,0.06999999999999999,366.0,324,6,0.9956989247311828,0.8491471153162404
0.15,0.08,0.08,370.0,298,8,0.9916585206907786,0.8659082622269004
0.15,0.09,0.08,370.0,298,8,0.9916585206907786,0.8659082622269004
0.15,0.09,0.09,370.0,298,8,0.9916585206907786,0.8659082622269004
0.15,0.09999999999999999,0.08,370.0,298,8,0.9916585206907786,0.8659082622269004
0.15,0.09999999999999999,0.09,370.0,298,8,0.9916585206907786,0.8659082622269004
0.15,0.09999999999999999,0.09999999999999999,370.0,298,8,0.9916585206907786,0.8659082622269004
0.15,0.06999999999999999,0.06999999999999999,373.0,301,8,0.9916585206907786,0.8650935512806642
0.15,0.08,0.06999999999999999,373.0,301,8,0.9916585206907786,0.8650935512806642
0.15,0.09,0.06999999999999999,373.0,301,8,0.9916585206907786,0.8650935512806642
0.15,0.09999999999999999,0.06999999999999999,373.0,301,8,0.9916585206907786,0.8650935512806642
0.09999999999999999,0.05,0.03,385.0,364,3,0.9978494623655915,0.8464082570786066
0.09999999999999999,0.060000000000000005,0.03,385.0,364,3,0.9978494623655915,0.8464082570786066
0.09999999999999999,0.06999999999999999,0.03,385.0,364,3,0.9978494623655915,0.8464082570786066
0.09999999999999999,0.08,0.03,385.0,364,3,0.9978494623655915,0.8464082570786066
0.09999999999999999,0.09,0.03,385.0,364,3,0.9978494623655915,0.8464082570786066
0.09999999999999999,0.09999999999999999,0.03,385.0,364,3,0.9978494623655915,0.8464082570786066
0.09999999999999999,0.05,0.05,387.0,359,4,0.9971326164874551,0.8472930799574604
0.09999999999999999,0.060000000000000005,0.05,387.0,359,4,0.9971326164874551,0.8472930799574604
0.09999999999999999,0.060000000000000005,0.060000000000000005,387.0,359,4,0.9971326164874551,0.8472930799574604
0.09999999999999999,0.06999999999999999,0.05,387.0,359,4,0.9971326164874551,0.8472930799574604
0.09999999999999999,0.06999999999999999,0.060000000000000005,387.0,359,4,0.9971326164874551,0.8472930799574604
0.09999999999999999,0.08,0.05,387.0,359,4,0.9971326164874551,0.8472930799574604
0.09999999999999999,0.08,0.060000000000000005,387.0,359,4,0.9971326164874551,0.8472930799574604
0.09999999999999999,0.09,0.05,387.0,359,4,0.9971326164874551,0.8472930799574604
0.09999999999999999,0.09,0.060000000000000005,387.0,359,4,0.9971326164874551,0.8472930799574604
0.09999999999999999,0.09999999999999999,0.05,387.0,359,4,0.9971326164874551,0.8472930799574604
0.09999999999999999,0.09999999999999999,0.060000000000000005,387.0,359,4,0.9971326164874551,0.8472930799574604
0.09,0.05,0.03,389.0,368,3,0.9978494623655915,0.843295901025074
0.09,0.060000000000000005,0.03,389.0,368,3,0.9978494623655915,0.843295901025074
0.09,0.06999999999999999,0.03,389.0,368,3,0.9978494623655915,0.843295901025074
0.09,0.08,0.03,389.0,368,3,0.9978494623655915,0.843295901025074
0.09,0.09,0.03,389.0,368,3,0.9978494623655915,0.843295901025074
0.09999999999999999,0.05,0.04,389.0,361,4,0.9971326164874551,0.8467977784722275
0.09999999999999999,0.060000000000000005,0.04,389.0,361,4,0.9971326164874551,0.8467977784722275
0.09999999999999999,0.06999999999999999,0.04,389.0,361,4,0.9971326164874551,0.8467977784722275
0.09999999999999999,0.08,0.04,389.0,361,4,0.9971326164874551,0.8467977784722275
0.09999999999999999,0.09,0.04,389.0,361,4,0.9971326164874551,0.8467977784722275
0.09999999999999999,0.09999999999999999,0.04,389.0,361,4,0.9971326164874551,0.8467977784722275
0.09,0.05,0.05,391.0,363,4,0.9971326164874551,0.844180723903928
0.09,0.060000000000000005,0.05,391.0,363,4,0.9971326164874551,0.844180723903928
0.09,0.060000000000000005,0.060000000000000005,391.0,363,4,0.9971326164874551,0.844180723903928
0.09,0.06999999999999999,0.05,391.0,363,4,0.9971326164874551,0.844180723903928
0.09,0.06999999999999999,0.060000000000000005,391.0,363,4,0.9971326164874551,0.844180723903928
0.09,0.08,0.05,391.0,363,4,0.9971326164874551,0.844180723903928
0.09,0.08,0.060000000000000005,391.0,363,4,0.9971326164874551,0.844180723903928
0.09,0.09,0.05,391.0,363,4,0.9971326164874551,0.844180723903928
0.09,0.09,0.060000000000000005,391.0,363,4,0.9971326164874551,0.844180723903928
0.15,0.15,0.03,392.0,291,10,0.988518053034182,0.8749468254136921
0.09,0.05,0.04,393.0,365,4,0.9971326164874551,0.8436854224186949
0.09,0.060000000000000005,0.04,393.0,365,4,0.9971326164874551,0.8436854224186949
0.09,0.06999999999999999,0.04,393.0,365,4,0.9971326164874551,0.8436854224186949
0.09,0.08,0.04,393.0,365,4,0.9971326164874551,0.8436854224186949
0.09,0.09,0.04,393.0,365,4,0.9971326164874551,0.8436854224186949
0.15,0.15,0.05,394.0,286,11,0.9878012071560459,0.875831648292546
0.15,0.15,0.060000000000000005,394.0,286,11,0.9878012071560459,0.875831648292546
0.08,0.05,0.03,395.0,374,3,0.9978494623655915,0.8387489433531163
0.08,0.060000000000000005,0.03,395.0,374,3,0.9978494623655915,0.8387489433531163
0.08,0.06999999999999999,0.03,395.0,374,3,0.9978494623655915,0.8387489433531163
0.08,0.08,0.03,395.0,374,3,0.9978494623655915,0.8387489433531163
0.15,0.15,0.04,396.0,288,11,0.9878012071560459,0.875336346807313
0.08,0.05,0.05,397.0,369,4,0.9971326164874551,0.8396337662319703
0.08,0.060000000000000005,0.05,397.0,369,4,0.9971326164874551,0.8396337662319703
0.08,0.060000000000000005,0.060000000000000005,397.0,369,4,0.9971326164874551,0.8396337662319703
0.08,0.06999999999999999,0.05,397.0,369,4,0.9971326164874551,0.8396337662319703
0.08,0.06999999999999999,0.060000000000000005,397.0,369,4,0.9971326164874551,0.8396337662319703
0.08,0.08,0.05,397.0,369,4,0.9971326164874551,0.8396337662319703
0.08,0.08,0.060000000000000005,397.0,369,4,0.9971326164874551,0.8396337662319703
0.06999999999999999,0.05,0.03,398.0,377,3,0.9978494623655915,0.8365283361179743
0.06999999999999999,0.060000000000000005,0.03,398.0,377,3,0.9978494623655915,0.8365283361179743
0.06999999999999999,0.06999999999999999,0.03,398.0,377,3,0.9978494623655915,0.8365283361179743
0.08,0.05,0.04,399.0,371,4,0.9971326164874551,0.8391384647467373
0.08,0.060000000000000005,0.04,399.0,371,4,0.9971326164874551,0.8391384647467373
0.08,0.06999999999999999,0.04,399.0,371,4,0.9971326164874551,0.8391384647467373
0.08,0.08,0.04,399.0,371,4,0.9971326164874551,0.8391384647467373
0.06999999999999999,0.05,0.05,400.0,372,4,0.9971326164874551,0.8374131589968282
0.06999999999999999,0.060000000000000005,0.05,400.0,372,4,0.9971326164874551,0.8374131589968282
0.06999999999999999,0.060000000000000005,0.060000000000000005,400.0,372,4,0.9971326164874551,0.8374131589968282
0.06999999999999999,0.06999999999999999,0.05,400.0,372,4,0.9971326164874551,0.8374131589968282
0.06999999999999999,0.06999999999999999,0.060000000000000005,400.0,372,4,0.9971326164874551,0.8374131589968282
0.060000000000000005,0.05,0.03,401.0,380,3,0.9978494623655915,0.8343418920710651
0.060000000000000005,0.060000000000000005,0.03,401.0,380,3,0.9978494623655915,0.8343418920710651
0.06999999999999999,0.05,0.04,402.0,374,4,0.9971326164874551,0.8369178575115952
0.06999999999999999,0.060000000000000005,0.04,402.0,374,4,0.9971326164874551,0.8369178575115952
0.06999999999999999,0.06999999999999999,0.04,402.0,374,4,0.9971326164874551,0.8369178575115952
0.060000000000000005,0.05,0.05,403.0,375,4,0.9971326164874551,0.835226714949919
0.060000000000000005,0.060000000000000005,0.05,403.0,375,4,0.9971326164874551,0.835226714949919
0.060000000000000005,0.060000000000000005,0.060000000000000005,403.0,375,4,0.9971326164874551,0.835226714949919
0.060000000000000005,0.05,0.04,405.0,377,4,0.9971326164874551,0.834731413464686
0.060000000000000005,0.060000000000000005,0.04,405.0,377,4,0.9971326164874551,0.834731413464686
0.15,0.05,0.03,405.0,354,5,0.9938090583251874,0.8524747720823981
0.15,0.060000000000000005,0.03,405.0,354,5,0.9938090583251874,0.8524747720823981
0.15,0.06999999999999999,0.03,405.0,354,5,0.9938090583251874,0.8524747720823981
0.15,0.08,0.03,405.0,354,5,0.9938090583251874,0.8524747720823981
0.15,0.09,0.03,405.0,354,5,0.9938090583251874,0.8524747720823981
0.15,0.09999999999999999,0.03,405.0,354,5,0.9938090583251874,0.8524747720823981
0.05,0.05,0.03,407.0,386,3,0.9978494623655915,0.8300683877975609
0.15,0.05,0.05,407.0,349,6,0.9930922124470513,0.853359594961252
0.15,0.060000000000000005,0.05,407.0,349,6,0.9930922124470513,0.853359594961252
0.15,0.060000000000000005,0.060000000000000005,407.0,349,6,0.9930922124470513,0.853359594961252
0.15,0.06999999999999999,0.05,407.0,349,6,0.9930922124470513,0.853359594961252
0.15,0.06999999999999999,0.060000000000000005,407.0,349,6,0.9930922124470513,0.853359594961252
0.15,0.08,0.05,407.0,349,6,0.9930922124470513,0.853359594961252
0.15,0.08,0.060000000000000005,407.0,349,6,0.9930922124470513,0.853359594961252
0.15,0.09,0.05,407.0,349,6,0.9930922124470513,0.853359594961252
0.15,0.09,0.060000000000000005,407.0,349,6,0.9930922124470513,0.853359594961252
0.15,0.09999999999999999,0.05,407.0,349,6,0.9930922124470513,0.853359594961252
0.15,0.09999999999999999,0.060000000000000005,407.0,349,6,0.9930922124470513,0.853359594961252
0.05,0.05,0.05,409.0,381,4,0.9971326164874551,0.8309532106764147
0.15,0.05,0.04,409.0,351,6,0.9930922124470513,0.852864293476019
0.15,0.060000000000000005,0.04,409.0,351,6,0.9930922124470513,0.852864293476019
0.15,0.06999999999999999,0.04,409.0,351,6,0.9930922124470513,0.852864293476019
0.15,0.08,0.04,409.0,351,6,0.9930922124470513,0.852864293476019
0.15,0.09,0.04,409.0,351,6,0.9930922124470513,0.852864293476019
0.15,0.09999999999999999,0.04,409.0,351,6,0.9930922124470513,0.852864293476019
0.09999999999999999,0.04,0.03,411.0,390,3,0.9978494623655915,0.8372205450544828
0.05,0.05,0.04,411.0,383,4,0.9971326164874551,0.8304579091911818
0.09,0.04,0.03,415.0,394,3,0.9978494623655915,0.8341081890009504
0.09999999999999999,0.04,0.04,415.0,387,4,0.9971326164874551,0.837610066448104
0.09,0.04,0.04,419.0,391,4,0.9971326164874551,0.8344977103945714
0.08,0.04,0.03,421.0,400,3,0.9978494623655915,0.8295612313289927
0.06999999999999999,0.04,0.03,424.0,403,3,0.9978494623655915,0.8273406240938507
0.09999999999999999,0.03,0.03,425.0,404,3,0.9978494623655915,0.8325212969341821
0.08,0.04,0.04,425.0,397,4,0.9971326164874551,0.8299507527226138
0.2,0.15,0.08,426.0,229,18,0.9762665052987632,0.8882911202572127
0.2,0.15,0.09,426.0,229,18,0.9762665052987632,0.8882911202572127
0.2,0.15,0.09999999999999999,426.0,229,18,0.9762665052987632,0.8882911202572127
0.2,0.2,0.08,426.0,229,18,0.9762665052987632,0.8882911202572127
0.2,0.2,0.09,426.0,229,18,0.9762665052987632,0.8882911202572127
0.2,0.2,0.09999999999999999,426.0,229,18,0.9762665052987632,0.8882911202572127
0.060000000000000005,0.04,0.03,427.0,406,3,0.9978494623655915,0.8251541800469414
0.06999999999999999,0.04,0.04,428.0,400,4,0.9971326164874551,0.8277301454874716
0.09,0.03,0.03,429.0,408,3,0.9978494623655915,0.8294089408806496
0.2,0.15,0.06999999999999999,429.0,232,18,0.9762665052987632,0.8874764093109765
0.2,0.2,0.06999999999999999,429.0,232,18,0.9762665052987632,0.8874764093109765
0.060000000000000005,0.04,0.04,431.0,403,4,0.9971326164874551,0.8255437014405623
0.15,0.04,0.03,431.0,380,5,0.9938090583251874,0.8432870600582745
0.05,0.04,0.03,433.0,412,3,0.9978494623655915,0.8208806757734372
0.2,0.15,0.15,433.0,187,25,0.97124858415181,0.8976666062633464
0.2,0.2,0.15,433.0,187,25,0.97124858415181,0.8976666062633464
0.2,0.2,0.2,433.0,187,25,0.97124858415181,0.8976666062633464
0.25,0.15,0.08,434.0,222,19,0.9742463032785613,0.8933467851768232
0.25,0.15,0.09,434.0,222,19,0.9742463032785613,0.8933467851768232
0.25,0.15,0.09999999999999999,434.0,222,19,0.9742463032785613,0.8933467851768232
0.25,0.2,0.08,434.0,222,19,0.9742463032785613,0.8933467851768232
0.25,0.2,0.09,434.0,222,19,0.9742463032785613,0.8933467851768232
0.25,0.2,0.09999999999999999,434.0,222,19,0.9742463032785613,0.8933467851768232
0.25,0.25,0.08,434.0,222,19,0.9742463032785613,0.8933467851768232
0.25,0.25,0.09,434.0,222,19,0.9742463032785613,0.8933467851768232
0.25,0.25,0.09999999999999999,434.0,222,19,0.9742463032785613,0.8933467851768232
0.08,0.03,0.03,435.0,414,3,0.9978494623655915,0.824861983208692
0.15,0.04,0.04,435.0,377,6,0.9930922124470513,0.8436765814518955
0.05,0.04,0.04,437.0,409,4,0.9971326164874551,0.8212701971670581
0.25,0.15,0.06999999999999999,437.0,225,19,0.9742463032785613,0.892532074230587
0.25,0.2,0.06999999999999999,437.0,225,19,0.9742463032785613,0.892532074230587
0.25,0.25,0.06999999999999999,437.0,225,19,0.9742463032785613,0.892532074230587
0.06999999999999999,0.03,0.03,438.0,417,3,0.9978494623655915,0.8226413759735499
0.04,0.04,0.03,438.0,417,3,0.9978494623655915,0.8174171124594998
0.2,0.08,0.08,439.0,292,13,0.9815575105897686,0.8658190669259188
0.2,0.09,0.08,439.0,292,13,0.9815575105897686,0.8658190669259188
0.2,0.09,0.09,439.0,292,13,0.9815575105897686,0.8658190669259188
0.2,0.09999999999999999,0.08,439.0,292,13,0.9815575105897686,0.8658190669259188
0.2,0.09999999999999999,0.09,439.0,292,13,0.9815575105897686,0.8658190669259188
0.2,0.09999999999999999,0.09999999999999999,439.0,292,13,0.9815575105897686,0.8658190669259188
0.060000000000000005,0.03,0.03,441.0,420,3,0.9978494623655915,0.8204549319266407
0.25,0.15,0.15,441.0,180,26,0.9692283821316079,0.9027222711829569
0.25,0.2,0.15,441.0,180,26,0.9692283821316079,0.9027222711829569
0.25,0.2,0.2,441.0,180,26,0.9692283821316079,0.9027222711829569
0.25,0.25,0.15,441.0,180,26,0.9692283821316079,0.9027222711829569
0.25,0.25,0.2,441.0,180,26,0.9692283821316079,0.9027222711829569
0.09999999999999999,0.05,0.02,442.0,428,2,0.9985663082437276,0.8318607001382882
0.09999999999999999,0.060000000000000005,0.02,442.0,428,2,0.9985663082437276,0.8318607001382882
0.09999999999999999,0.06999999999999999,0.02,442.0,428,2,0.9985663082437276,0.8318607001382882
0.09999999999999999,0.08,0.02,442.0,428,2,0.9985663082437276,0.8318607001382882
0.09999999999999999,0.09,0.02,442.0,428,2,0.9985663082437276,0.8318607001382882
0.09999999999999999,0.09999999999999999,0.02,442.0,428,2,0.9985663082437276,0.8318607001382882
0.04,0.04,0.04,442.0,414,4,0.9971326164874551,0.8178066338531208
0.2,0.06999999999999999,0.06999999999999999,442.0,295,13,0.9815575105897686,0.8650043559796826
0.2,0.08,0.06999999999999999,442.0,295,13,0.9815575105897686,0.8650043559796826
0.2,0.09,0.06999999999999999,442.0,295,13,0.9815575105897686,0.8650043559796826
0.2,0.09999999999999999,0.06999999999999999,442.0,295,13,0.9815575105897686,0.8650043559796826
0.3500000000000001,0.15,0.08,442.0,215,20,0.9722261012583594,0.8986439146896091
0.3500000000000001,0.15,0.09,442.0,215,20,0.9722261012583594,0.8986439146896091
0.3500000000000001,0.15,0.09999999999999999,442.0,215,20,0.9722261012583594,0.8986439146896091
0.3500000000000001,0.2,0.08,442.0,215,20,0.9722261012583594,0.8986439146896091
0.3500000000000001,0.2,0.09,442.0,215,20,0.9722261012583594,0.8986439146896091
0.3500000000000001,0.2,0.09999999999999999,442.0,215,20,0.9722261012583594,0.8986439146896091
0.3500000000000001,0.25,0.08,442.0,215,20,0.9722261012583594,0.8986439146896091
0.3500000000000001,0.25,0.09,442.0,215,20,0.9722261012583594,0.8986439146896091
0.3500000000000001,0.25,0.09999999999999999,442.0,215,20,0.9722261012583594,0.8986439146896091
0.15,0.03,0.03,445.0,394,5,0.9938090583251874,0.8385878119379737
0.3500000000000001,0.15,0.06999999999999999,445.0,218,20,0.9722261012583594,0.8978292037433729
0.3500000000000001,0.2,0.06999999999999999,445.0,218,20,0.9722261012583594,0.8978292037433729
0.3500000000000001,0.25,0.06999999999999999,445.0,218,20,0.9722261012583594,0.8978292037433729
0.09,0.05,0.02,446.0,432,2,0.9985663082437276,0.8287483440847557
0.09,0.060000000000000005,0.02,446.0,432,2,0.9985663082437276,0.8287483440847557
0.09,0.06999999999999999,0.02,446.0,432,2,0.9985663082437276,0.8287483440847557
0.09,0.08,0.02,446.0,432,2,0.9985663082437276,0.8287483440847557
0.09,0.09,0.02,446.0,432,2,0.9985663082437276,0.8287483440847557
0.05,0.03,0.03,447.0,426,3,0.9978494623655915,0.8161814276531364
0.25,0.08,0.08,447.0,285,14,0.9795373085695666,0.8708747318455293
0.25,0.09,0.08,447.0,285,14,0.9795373085695666,0.8708747318455293
0.25,0.09,0.09,447.0,285,14,0.9795373085695666,0.8708747318455293
0.25,0.09999999999999999,0.08,447.0,285,14,0.9795373085695666,0.8708747318455293
0.25,0.09999999999999999,0.09,447.0,285,14,0.9795373085695666,0.8708747318455293
0.25,0.09999999999999999,0.09999999999999999,447.0,285,14,0.9795373085695666,0.8708747318455293
0.30000000000000004,0.15,0.08,448.0,221,20,0.9722261012583594,0.8931814907389811
0.30000000000000004,0.15,0.09,448.0,221,20,0.9722261012583594,0.8931814907389811
0.30000000000000004,0.15,0.09999999999999999,448.0,221,20,0.9722261012583594,0.8931814907389811
0.30000000000000004,0.2,0.08,448.0,221,20,0.9722261012583594,0.8931814907389811
0.30000000000000004,0.2,0.09,448.0,221,20,0.9722261012583594,0.8931814907389811
0.30000000000000004,0.2,0.09999999999999999,448.0,221,20,0.9722261012583594,0.8931814907389811
0.30000000000000004,0.25,0.08,448.0,221,20,0.9722261012583594,0.8931814907389811
0.30000000000000004,0.25,0.09,448.0,221,20,0.9722261012583594,0.8931814907389811
0.30000000000000004,0.25,0.09999999999999999,448.0,221,20,0.9722261012583594,0.8931814907389811
0.15,0.15,0.02,449.0,355,9,0.9892348989123182,0.8603992684733738
0.3500000000000001,0.15,0.15,449.0,173,27,0.967208180111406,0.9080194006957428
0.3500000000000001,0.2,0.15,449.0,173,27,0.967208180111406,0.9080194006957428
0.3500000000000001,0.2,0.2,449.0,173,27,0.967208180111406,0.9080194006957428
0.3500000000000001,0.25,0.15,449.0,173,27,0.967208180111406,0.9080194006957428
0.3500000000000001,0.25,0.2,449.0,173,27,0.967208180111406,0.9080194006957428
0.25,0.06999999999999999,0.06999999999999999,450.0,288,14,0.9795373085695666,0.8700600208992931
0.25,0.08,0.06999999999999999,450.0,288,14,0.9795373085695666,0.8700600208992931
0.25,0.09,0.06999999999999999,450.0,288,14,0.9795373085695666,0.8700600208992931
0.25,0.09999999999999999,0.06999999999999999,450.0,288,14,0.9795373085695666,0.8700600208992931
0.30000000000000004,0.15,0.06999999999999999,451.0,224,20,0.9722261012583594,0.8923667797927449
0.30000000000000004,0.2,0.06999999999999999,451.0,224,20,0.9722261012583594,0.8923667797927449
0.30000000000000004,0.25,0.06999999999999999,451.0,224,20,0.9722261012583594,0.8923667797927449
0.08,0.05,0.02,452.0,438,2,0.9985663082437276,0.824201386412798
0.08,0.060000000000000005,0.02,452.0,438,2,0.9985663082437276,0.824201386412798
0.08,0.06999999999999999,0.02,452.0,438,2,0.9985663082437276,0.824201386412798
0.08,0.08,0.02,452.0,438,2,0.9985663082437276,0.824201386412798
0.04,0.03,0.03,452.0,431,3,0.9978494623655915,0.812717864339199
0.06999999999999999,0.05,0.02,455.0,441,2,0.9985663082437276,0.821980779177656
0.06999999999999999,0.060000000000000005,0.02,455.0,441,2,0.9985663082437276,0.821980779177656
0.06999999999999999,0.06999999999999999,0.02,455.0,441,2,0.9985663082437276,0.821980779177656
0.3500000000000001,0.08,0.08,455.0,278,15,0.9775171065493646,0.8761718613583152
0.3500000000000001,0.09,0.08,455.0,278,15,0.9775171065493646,0.8761718613583152
0.3500000000000001,0.09,0.09,455.0,278,15,0.9775171065493646,0.8761718613583152
0.3500000000000001,0.09999999999999999,0.08,455.0,278,15,0.9775171065493646,0.8761718613583152
0.3500000000000001,0.09999999999999999,0.09,455.0,278,15,0.9775171065493646,0.8761718613583152
0.3500000000000001,0.09999999999999999,0.09999999999999999,455.0,278,15,0.9775171065493646,0.8761718613583152
0.30000000000000004,0.15,0.15,455.0,179,27,0.967208180111406,0.9025569767451148
0.30000000000000004,0.2,0.15,455.0,179,27,0.967208180111406,0.9025569767451148
0.30000000000000004,0.2,0.2,455.0,179,27,0.967208180111406,0.9025569767451148
0.30000000000000004,0.25,0.15,455.0,179,27,0.967208180111406,0.9025569767451148
0.30000000000000004,0.25,0.2,455.0,179,27,0.967208180111406,0.9025569767451148
0.060000000000000005,0.05,0.02,458.0,444,2,0.9985663082437276,0.8197943351307467
0.060000000000000005,0.060000000000000005,0.02,458.0,444,2,0.9985663082437276,0.8197943351307467
0.3500000000000001,0.06999999999999999,0.06999999999999999,458.0,281,15,0.9775171065493646,0.875357150412079
0.3500000000000001,0.08,0.06999999999999999,458.0,281,15,0.9775171065493646,0.875357150412079
0.3500000000000001,0.09,0.06999999999999999,458.0,281,15,0.9775171065493646,0.875357150412079
0.3500000000000001,0.09999999999999999,0.06999999999999999,458.0,281,15,0.9775171065493646,0.875357150412079
0.2,0.15,0.03,461.0,285,15,0.978417042933172,0.8748576301127103
0.2,0.2,0.03,461.0,285,15,0.978417042933172,0.8748576301127103
0.30000000000000004,0.08,0.08,461.0,284,15,0.9775171065493646,0.8707094374076871
0.30000000000000004,0.09,0.08,461.0,284,15,0.9775171065493646,0.8707094374076871
0.30000000000000004,0.09,0.09,461.0,284,15,0.9775171065493646,0.8707094374076871
0.30000000000000004,0.09999999999999999,0.08,461.0,284,15,0.9775171065493646,0.8707094374076871
0.30000000000000004,0.09999999999999999,0.09,461.0,284,15,0.9775171065493646,0.8707094374076871
0.30000000000000004,0.09999999999999999,0.09999999999999999,461.0,284,15,0.9775171065493646,0.8707094374076871
0.03,0.03,0.03,462.0,441,3,0.9978494623655915,0.8060435525517576
0.15,0.05,0.02,462.0,418,4,0.9945259042033235,0.8379272151420798
0.15,0.060000000000000005,0.02,462.0,418,4,0.9945259042033235,0.8379272151420798
0.15,0.06999999999999999,0.02,462.0,418,4,0.9945259042033235,0.8379272151420798
0.15,0.08,0.02,462.0,418,4,0.9945259042033235,0.8379272151420798
0.15,0.09,0.02,462.0,418,4,0.9945259042033235,0.8379272151420798
0.15,0.09999999999999999,0.02,462.0,418,4,0.9945259042033235,0.8379272151420798
0.2,0.15,0.05,463.0,280,16,0.9777001970550359,0.8757424529915644
0.2,0.15,0.060000000000000005,463.0,280,16,0.9777001970550359,0.8757424529915644
0.2,0.2,0.05,463.0,280,16,0.9777001970550359,0.8757424529915644
0.2,0.2,0.060000000000000005,463.0,280,16,0.9777001970550359,0.8757424529915644
0.05,0.05,0.02,464.0,450,2,0.9985663082437276,0.8155208308572425
0.30000000000000004,0.06999999999999999,0.06999999999999999,464.0,287,15,0.9775171065493646,0.8698947264614509
0.30000000000000004,0.08,0.06999999999999999,464.0,287,15,0.9775171065493646,0.8698947264614509
0.30000000000000004,0.09,0.06999999999999999,464.0,287,15,0.9775171065493646,0.8698947264614509
0.30000000000000004,0.09999999999999999,0.06999999999999999,464.0,287,15,0.9775171065493646,0.8698947264614509
0.2,0.15,0.04,465.0,282,16,0.9777001970550359,0.8752471515063314
0.2,0.2,0.04,465.0,282,16,0.9777001970550359,0.8752471515063314
0.09999999999999999,0.04,0.02,468.0,454,2,0.9985663082437276,0.8226729881141646
0.40000000000000013,0.15,0.08,468.0,211,22,0.9681856972179551,0.9002528910842318
0.40000000000000013,0.15,0.09,468.0,211,22,0.9681856972179551,0.9002528910842318
0.40000000000000013,0.15,0.09999999999999999,468.0,211,22,0.9681856972179551,0.9002528910842318
0.40000000000000013,0.2,0.08,468.0,211,22,0.9681856972179551,0.9002528910842318
0.40000000000000013,0.2,0.09,468.0,211,22,0.9681856972179551,0.9002528910842318
0.40000000000000013,0.2,0.09999999999999999,468.0,211,22,0.9681856972179551,0.9002528910842318
0.40000000000000013,0.25,0.08,468.0,211,22,0.9681856972179551,0.9002528910842318
0.40000000000000013,0.25,0.09,468.0,211,22,0.9681856972179551,0.9002528910842318
0.40000000000000013,0.25,0.09999999999999999,468.0,211,22,0.9681856972179551,0.9002528910842318
0.25,0.15,0.03,469.0,278,16,0.9763968409129699,0.8799132950323209
0.25,0.2,0.03,469.0,278,16,0.9763968409129699,0.8799132950323209
0.25,0.25,0.03,469.0,278,16,0.9763968409129699,0.8799132950323209
0.25,0.15,0.05,471.0,273,17,0.9756799950348337,0.8807981179111749
0.25,0.15,0.060000000000000005,471.0,273,17,0.9756799950348337,0.8807981179111749
0.25,0.2,0.05,471.0,273,17,0.9756799950348337,0.8807981179111749
0.25,0.2,0.060000000000000005,471.0,273,17,0.9756799950348337,0.8807981179111749
0.25,0.25,0.05,471.0,273,17,0.9756799950348337,0.8807981179111749
0.25,0.25,0.060000000000000005,471.0,273,17,0.9756799950348337,0.8807981179111749
0.40000000000000013,0.15,0.06999999999999999,471.0,214,22,0.9681856972179551,0.8994381801379956
0.40000000000000013,0.2,0.06999999999999999,471.0,214,22,0.9681856972179551,0.8994381801379956
0.40000000000000013,0.25,0.06999999999999999,471.0,214,22,0.9681856972179551,0.8994381801379956
0.09,0.04,0.02,472.0,458,2,0.9985663082437276,0.819560632060632
0.25,0.15,0.04,473.0,275,17,0.9756799950348337,0.8803028164259419
0.25,0.2,0.04,473.0,275,17,0.9756799950348337,0.8803028164259419
0.25,0.25,0.04,473.0,275,17,0.9756799950348337,0.8803028164259419
0.09999999999999999,0.05,0.01,474.0,467,1,0.9992831541218639,0.8238858134869309
0.09999999999999999,0.060000000000000005,0.01,474.0,467,1,0.9992831541218639,0.8238858134869309
0.09999999999999999,0.06999999999999999,0.01,474.0,467,1,0.9992831541218639,0.8238858134869309
0.09999999999999999,0.08,0.01,474.0,467,1,0.9992831541218639,0.8238858134869309
0.09999999999999999,0.09,0.01,474.0,467,1,0.9992831541218639,0.8238858134869309
0.09999999999999999,0.09999999999999999,0.01,474.0,467,1,0.9992831541218639,0.8238858134869309
0.2,0.05,0.03,474.0,348,10,0.9837080482241772,0.8523855767814165
0.2,0.060000000000000005,0.03,474.0,348,10,0.9837080482241772,0.8523855767814165
0.2,0.06999999999999999,0.03,474.0,348,10,0.9837080482241772,0.8523855767814165
0.2,0.08,0.03,474.0,348,10,0.9837080482241772,0.8523855767814165
0.2,0.09,0.03,474.0,348,10,0.9837080482241772,0.8523855767814165
0.2,0.09999999999999999,0.03,474.0,348,10,0.9837080482241772,0.8523855767814165
0.40000000000000013,0.15,0.15,475.0,169,29,0.9631677760710019,0.9096283770903656
0.40000000000000013,0.2,0.15,475.0,169,29,0.9631677760710019,0.9096283770903656
0.40000000000000013,0.2,0.2,475.0,169,29,0.9631677760710019,0.9096283770903656
0.40000000000000013,0.25,0.15,475.0,169,29,0.9631677760710019,0.9096283770903656
0.40000000000000013,0.25,0.2,475.0,169,29,0.9631677760710019,0.9096283770903656
0.2,0.05,0.05,476.0,343,11,0.9829912023460411,0.8532703996602704
0.2,0.060000000000000005,0.05,476.0,343,11,0.9829912023460411,0.8532703996602704
0.2,0.060000000000000005,0.060000000000000005,476.0,343,11,0.9829912023460411,0.8532703996602704
0.2,0.06999999999999999,0.05,476.0,343,11,0.9829912023460411,0.8532703996602704
0.2,0.06999999999999999,0.060000000000000005,476.0,343,11,0.9829912023460411,0.8532703996602704
0.2,0.08,0.05,476.0,343,11,0.9829912023460411,0.8532703996602704
0.2,0.08,0.060000000000000005,476.0,343,11,0.9829912023460411,0.8532703996602704
0.2,0.09,0.05,476.0,343,11,0.9829912023460411,0.8532703996602704
0.2,0.09,0.060000000000000005,476.0,343,11,0.9829912023460411,0.8532703996602704
0.2,0.09999999999999999,0.05,476.0,343,11,0.9829912023460411,0.8532703996602704
0.2,0.09999999999999999,0.060000000000000005,476.0,343,11,0.9829912023460411,0.8532703996602704
0.3500000000000001,0.15,0.03,477.0,271,17,0.9743766388927679,0.8852104245451068
0.3500000000000001,0.2,0.03,477.0,271,17,0.9743766388927679,0.8852104245451068
0.3500000000000001,0.25,0.03,477.0,271,17,0.9743766388927679,0.8852104245451068
0.09,0.05,0.01,478.0,471,1,0.9992831541218639,0.8207734574333984
0.09,0.060000000000000005,0.01,478.0,471,1,0.9992831541218639,0.8207734574333984
0.09,0.06999999999999999,0.01,478.0,471,1,0.9992831541218639,0.8207734574333984
0.09,0.08,0.01,478.0,471,1,0.9992831541218639,0.8207734574333984
0.09,0.09,0.01,478.0,471,1,0.9992831541218639,0.8207734574333984
0.08,0.04,0.02,478.0,464,2,0.9985663082437276,0.8150136743886743
0.2,0.05,0.04,478.0,345,11,0.9829912023460411,0.8527750981750374
0.2,0.060000000000000005,0.04,478.0,345,11,0.9829912023460411,0.8527750981750374
0.2,0.06999999999999999,0.04,478.0,345,11,0.9829912023460411,0.8527750981750374
0.2,0.08,0.04,478.0,345,11,0.9829912023460411,0.8527750981750374
0.2,0.09,0.04,478.0,345,11,0.9829912023460411,0.8527750981750374
0.2,0.09999999999999999,0.04,478.0,345,11,0.9829912023460411,0.8527750981750374
0.3500000000000001,0.15,0.05,479.0,266,18,0.9736597930146317,0.8860952474239606
0.3500000000000001,0.15,0.060000000000000005,479.0,266,18,0.9736597930146317,0.8860952474239606
0.3500000000000001,0.2,0.05,479.0,266,18,0.9736597930146317,0.8860952474239606
0.3500000000000001,0.2,0.060000000000000005,479.0,266,18,0.9736597930146317,0.8860952474239606
0.3500000000000001,0.25,0.05,479.0,266,18,0.9736597930146317,0.8860952474239606
0.3500000000000001,0.25,0.060000000000000005,479.0,266,18,0.9736597930146317,0.8860952474239606
0.06999999999999999,0.04,0.02,481.0,467,2,0.9985663082437276,0.8127930671535323
0.15,0.15,0.01,481.0,394,8,0.9899517447904543,0.8524243818220164
0.3500000000000001,0.15,0.04,481.0,268,18,0.9736597930146317,0.8855999459387277
0.3500000000000001,0.2,0.04,481.0,268,18,0.9736597930146317,0.8855999459387277
0.3500000000000001,0.25,0.04,481.0,268,18,0.9736597930146317,0.8855999459387277
0.40000000000000013,0.08,0.08,481.0,274,17,0.9734767025089606,0.8777808377529378
0.40000000000000013,0.09,0.08,481.0,274,17,0.9734767025089606,0.8777808377529378
0.40000000000000013,0.09,0.09,481.0,274,17,0.9734767025089606,0.8777808377529378
0.40000000000000013,0.09999999999999999,0.08,481.0,274,17,0.9734767025089606,0.8777808377529378
0.40000000000000013,0.09999999999999999,0.09,481.0,274,17,0.9734767025089606,0.8777808377529378
0.40000000000000013,0.09999999999999999,0.09999999999999999,481.0,274,17,0.9734767025089606,0.8777808377529378
0.09999999999999999,0.03,0.02,482.0,468,2,0.9985663082437276,0.8179737399938638
0.25,0.05,0.03,482.0,341,11,0.9816878462039753,0.857441241701027
0.25,0.060000000000000005,0.03,482.0,341,11,0.9816878462039753,0.857441241701027
0.25,0.06999999999999999,0.03,482.0,341,11,0.9816878462039753,0.857441241701027
0.25,0.08,0.03,482.0,341,11,0.9816878462039753,0.857441241701027
0.25,0.09,0.03,482.0,341,11,0.9816878462039753,0.857441241701027
0.25,0.09999999999999999,0.03,482.0,341,11,0.9816878462039753,0.857441241701027
0.30000000000000004,0.15,0.03,483.0,277,17,0.9743766388927679,0.8797480005944788
0.30000000000000004,0.2,0.03,483.0,277,17,0.9743766388927679,0.8797480005944788
0.30000000000000004,0.25,0.03,483.0,277,17,0.9743766388927679,0.8797480005944788
0.08,0.05,0.01,484.0,477,1,0.9992831541218639,0.8162264997614407
0.08,0.060000000000000005,0.01,484.0,477,1,0.9992831541218639,0.8162264997614407
0.08,0.06999999999999999,0.01,484.0,477,1,0.9992831541218639,0.8162264997614407
0.08,0.08,0.01,484.0,477,1,0.9992831541218639,0.8162264997614407
0.060000000000000005,0.04,0.02,484.0,470,2,0.9985663082437276,0.8106066231066231
0.25,0.05,0.05,484.0,336,12,0.9809710003258392,0.8583260645798809
0.25,0.060000000000000005,0.05,484.0,336,12,0.9809710003258392,0.8583260645798809
0.25,0.060000000000000005,0.060000000000000005,484.0,336,12,0.9809710003258392,0.8583260645798809
0.25,0.06999999999999999,0.05,484.0,336,12,0.9809710003258392,0.8583260645798809
0.25,0.06999999999999999,0.060000000000000005,484.0,336,12,0.9809710003258392,0.8583260645798809
0.25,0.08,0.05,484.0,336,12,0.9809710003258392,0.8583260645798809
0.25,0.08,0.060000000000000005,484.0,336,12,0.9809710003258392,0.8583260645798809
0.25,0.09,0.05,484.0,336,12,0.9809710003258392,0.8583260645798809
0.25,0.09,0.060000000000000005,484.0,336,12,0.9809710003258392,0.8583260645798809
0.25,0.09999999999999999,0.05,484.0,336,12,0.9809710003258392,0.8583260645798809
0.25,0.09999999999999999,0.060000000000000005,484.0,336,12,0.9809710003258392,0.8583260645798809
0.40000000000000013,0.06999999999999999,0.06999999999999999,484.0,277,17,0.9734767025089606,0.8769661268067016
0.40000000000000013,0.08,0.06999999999999999,484.0,277,17,0.9734767025089606,0.8769661268067016
0.40000000000000013,0.09,0.06999999999999999,484.0,277,17,0.9734767025089606,0.8769661268067016
0.40000000000000013,0.09999999999999999,0.06999999999999999,484.0,277,17,0.9734767025089606,0.8769661268067016
0.30000000000000004,0.15,0.05,485.0,272,18,0.9736597930146317,0.8806328234733326
0.30000000000000004,0.15,0.060000000000000005,485.0,272,18,0.9736597930146317,0.8806328234733326
0.30000000000000004,0.2,0.05,485.0,272,18,0.9736597930146317,0.8806328234733326
0.30000000000000004,0.2,0.060000000000000005,485.0,272,18,0.9736597930146317,0.8806328234733326
0.30000000000000004,0.25,0.05,485.0,272,18,0.9736597930146317,0.8806328234733326
0.30000000000000004,0.25,0.060000000000000005,485.0,272,18,0.9736597930146317,0.8806328234733326
0.09,0.03,0.02,486.0,472,2,0.9985663082437276,0.8148613839403313
0.25,0.05,0.04,486.0,338,12,0.9809710003258392,0.8578307630946479
0.25,0.060000000000000005,0.04,486.0,338,12,0.9809710003258392,0.8578307630946479
0.25,0.06999999999999999,0.04,486.0,338,12,0.9809710003258392,0.8578307630946479
0.25,0.08,0.04,486.0,338,12,0.9809710003258392,0.8578307630946479
0.25,0.09,0.04,486.0,338,12,0.9809710003258392,0.8578307630946479
0.25,0.09999999999999999,0.04,486.0,338,12,0.9809710003258392,0.8578307630946479
0.06999999999999999,0.05,0.01,487.0,480,1,0.9992831541218639,0.8140058925262986
0.06999999999999999,0.060000000000000005,0.01,487.0,480,1,0.9992831541218639,0.8140058925262986
0.06999999999999999,0.06999999999999999,0.01,487.0,480,1,0.9992831541218639,0.8140058925262986
0.30000000000000004,0.15,0.04,487.0,274,18,0.9736597930146317,0.8801375219880997
0.30000000000000004,0.2,0.04,487.0,274,18,0.9736597930146317,0.8801375219880997
0.30000000000000004,0.25,0.04,487.0,274,18,0.9736597930146317,0.8801375219880997
0.15,0.04,0.02,488.0,444,4,0.9945259042033235,0.8287395031179562
0.060000000000000005,0.05,0.01,490.0,483,1,0.9992831541218639,0.8118194484793895
0.060000000000000005,0.060000000000000005,0.01,490.0,483,1,0.9992831541218639,0.8118194484793895
0.05,0.04,0.02,490.0,476,2,0.9985663082437276,0.8063331188331189
0.3500000000000001,0.05,0.03,490.0,334,12,0.9796676441837732,0.8627383712138128
0.3500000000000001,0.060000000000000005,0.03,490.0,334,12,0.9796676441837732,0.8627383712138128
0.3500000000000001,0.06999999999999999,0.03,490.0,334,12,0.9796676441837732,0.8627383712138128
0.3500000000000001,0.08,0.03,490.0,334,12,0.9796676441837732,0.8627383712138128
0.3500000000000001,0.09,0.03,490.0,334,12,0.9796676441837732,0.8627383712138128
0.3500000000000001,0.09999999999999999,0.03,490.0,334,12,0.9796676441837732,0.8627383712138128
0.08,0.03,0.02,492.0,478,2,0.9985663082437276,0.8103144262683736
0.3500000000000001,0.05,0.05,492.0,329,13,0.9789507983056369,0.8636231940926669
0.3500000000000001,0.060000000000000005,0.05,492.0,329,13,0.9789507983056369,0.8636231940926669
0.3500000000000001,0.060000000000000005,0.060000000000000005,492.0,329,13,0.9789507983056369,0.8636231940926669
0.3500000000000001,0.06999999999999999,0.05,492.0,329,13,0.9789507983056369,0.8636231940926669
0.3500000000000001,0.06999999999999999,0.060000000000000005,492.0,329,13,0.9789507983056369,0.8636231940926669
0.3500000000000001,0.08,0.05,492.0,329,13,0.9789507983056369,0.8636231940926669
0.3500000000000001,0.08,0.060000000000000005,492.0,329,13,0.9789507983056369,0.8636231940926669
0.3500000000000001,0.09,0.05,492.0,329,13,0.9789507983056369,0.8636231940926669
0.3500000000000001,0.09,0.060000000000000005,492.0,329,13,0.9789507983056369,0.8636231940926669
0.3500000000000001,0.09999999999999999,0.05,492.0,329,13,0.9789507983056369,0.8636231940926669
0.3500000000000001,0.09999999999999999,0.060000000000000005,492.0,329,13,0.9789507983056369,0.8636231940926669
0.15,0.05,0.01,494.0,457,3,0.9952427500814597,0.8299523284907225
0.15,0.060000000000000005,0.01,494.0,457,3,0.9952427500814597,0.8299523284907225
0.15,0.06999999999999999,0.01,494.0,457,3,0.9952427500814597,0.8299523284907225
0.15,0.08,0.01,494.0,457,3,0.9952427500814597,0.8299523284907225
0.15,0.09,0.01,494.0,457,3,0.9952427500814597,0.8299523284907225
0.15,0.09999999999999999,0.01,494.0,457,3,0.9952427500814597,0.8299523284907225
0.3500000000000001,0.05,0.04,494.0,331,13,0.9789507983056369,0.8631278926074338
0.3500000000000001,0.060000000000000005,0.04,494.0,331,13,0.9789507983056369,0.8631278926074338
0.3500000000000001,0.06999999999999999,0.04,494.0,331,13,0.9789507983056369,0.8631278926074338
0.3500000000000001,0.08,0.04,494.0,331,13,0.9789507983056369,0.8631278926074338
0.3500000000000001,0.09,0.04,494.0,331,13,0.9789507983056369,0.8631278926074338
0.3500000000000001,0.09999999999999999,0.04,494.0,331,13,0.9789507983056369,0.8631278926074338
0.06999999999999999,0.03,0.02,495.0,481,2,0.9985663082437276,0.8080938190332315
0.04,0.04,0.02,495.0,481,2,0.9985663082437276,0.8028695555191815
0.45000000000000007,0.15,0.08,495.0,208,24,0.9641452931775513,0.9009533551416697
0.45000000000000007,0.15,0.09,495.0,208,24,0.9641452931775513,0.9009533551416697
0.45000000000000007,0.15,0.09999999999999999,495.0,208,24,0.9641452931775513,0.9009533551416697
0.45000000000000007,0.2,0.08,495.0,208,24,0.9641452931775513,0.9009533551416697
0.45000000000000007,0.2,0.09,495.0,208,24,0.9641452931775513,0.9009533551416697
0.45000000000000007,0.2,0.09999999999999999,495.0,208,24,0.9641452931775513,0.9009533551416697
0.45000000000000007,0.25,0.08,495.0,208,24,0.9641452931775513,0.9009533551416697
0.45000000000000007,0.25,0.09,495.0,208,24,0.9641452931775513,0.9009533551416697
0.45000000000000007,0.25,0.09999999999999999,495.0,208,24,0.9641452931775513,0.9009533551416697
0.05,0.05,0.01,496.0,489,1,0.9992831541218639,0.8075459442058852
0.30000000000000004,0.05,0.03,496.0,340,12,0.9796676441837732,0.8572759472631848
0.30000000000000004,0.060000000000000005,0.03,496.0,340,12,0.9796676441837732,0.8572759472631848
0.30000000000000004,0.06999999999999999,0.03,496.0,340,12,0.9796676441837732,0.8572759472631848
0.30000000000000004,0.08,0.03,496.0,340,12,0.9796676441837732,0.8572759472631848
0.30000000000000004,0.09,0.03,496.0,340,12,0.9796676441837732,0.8572759472631848
0.30000000000000004,0.09999999999999999,0.03,496.0,340,12,0.9796676441837732,0.8572759472631848
0.25,0.25,0.25,496.0,165,36,0.9620599233502459,0.9035181146064479
0.060000000000000005,0.03,0.02,498.0,484,2,0.9985663082437276,0.8059073749863224
0.30000000000000004,0.05,0.05,498.0,335,13,0.9789507983056369,0.8581607701420387
0.30000000000000004,0.060000000000000005,0.05,498.0,335,13,0.9789507983056369,0.8581607701420387
0.30000000000000004,0.060000000000000005,0.060000000000000005,498.0,335,13,0.9789507983056369,0.8581607701420387
0.30000000000000004,0.06999999999999999,0.05,498.0,335,13,0.9789507983056369,0.8581607701420387
0.30000000000000004,0.06999999999999999,0.060000000000000005,498.0,335,13,0.9789507983056369,0.8581607701420387
0.30000000000000004,0.08,0.05,498.0,335,13,0.9789507983056369,0.8581607701420387
0.30000000000000004,0.08,0.060000000000000005,498.0,335,13,0.9789507983056369,0.8581607701420387
0.30000000000000004,0.09,0.05,498.0,335,13,0.9789507983056369,0.8581607701420387
0.30000000000000004,0.09,0.060000000000000005,498.0,335,13,0.9789507983056369,0.8581607701420387
0.30000000000000004,0.09999999999999999,0.05,498.0,335,13,0.9789507983056369,0.8581607701420387
0.30000000000000004,0.09999999999999999,0.060000000000000005,498.0,335,13,0.9789507983056369,0.8581607701420387
0.45000000000000007,0.15,0.06999999999999999,498.0,211,24,0.9641452931775513,0.9001386441954335
0.45000000000000007,0.2,0.06999999999999999,498.0,211,24,0.9641452931775513,0.9001386441954335
0.45000000000000007,0.25,0.06999999999999999,498.0,211,24,0.9641452931775513,0.9001386441954335
0.09999999999999999,0.02,0.02,499.0,485,2,0.9985663082437276,0.8124845569134634
0.09999999999999999,0.04,0.01,500.0,493,1,0.9992831541218639,0.8146981014628073
0.2,0.04,0.03,500.0,374,10,0.9837080482241772,0.8431978647572929
0.30000000000000004,0.05,0.04,500.0,337,13,0.9789507983056369,0.8576654686568057
0.30000000000000004,0.060000000000000005,0.04,500.0,337,13,0.9789507983056369,0.8576654686568057
0.30000000000000004,0.06999999999999999,0.04,500.0,337,13,0.9789507983056369,0.8576654686568057
0.30000000000000004,0.08,0.04,500.0,337,13,0.9789507983056369,0.8576654686568057
0.30000000000000004,0.09,0.04,500.0,337,13,0.9789507983056369,0.8576654686568057
0.30000000000000004,0.09999999999999999,0.04,500.0,337,13,0.9789507983056369,0.8576654686568057
0.15,0.03,0.02,502.0,458,4,0.9945259042033235,0.8240402549976554
0.45000000000000007,0.15,0.15,502.0,166,31,0.9591273720305978,0.9103288411478035
0.45000000000000007,0.2,0.15,502.0,166,31,0.9591273720305978,0.9103288411478035
0.45000000000000007,0.2,0.2,502.0,166,31,0.9591273720305978,0.9103288411478035
0.45000000000000007,0.25,0.15,502.0,166,31,0.9591273720305978,0.9103288411478035
0.45000000000000007,0.25,0.2,502.0,166,31,0.9591273720305978,0.9103288411478035
0.09,0.02,0.02,503.0,489,2,0.9985663082437276,0.809372200859931
0.40000000000000013,0.15,0.03,503.0,267,19,0.9703362348523639,0.8868194009397294
0.40000000000000013,0.2,0.03,503.0,267,19,0.9703362348523639,0.8868194009397294
0.40000000000000013,0.25,0.03,503.0,267,19,0.9703362348523639,0.8868194009397294
0.09,0.04,0.01,504.0,497,1,0.9992831541218639,0.8115857454092748
0.05,0.03,0.02,504.0,490,2,0.9985663082437276,0.8016338707128181
0.2,0.04,0.04,504.0,371,11,0.9829912023460411,0.8435873861509138
0.3500000000000001,0.25,0.25,504.0,158,37,0.9600397213300439,0.9088152441192339
0.40000000000000013,0.15,0.05,505.0,262,20,0.9696193889742277,0.8877042238185834
0.40000000000000013,0.15,0.060000000000000005,505.0,262,20,0.9696193889742277,0.8877042238185834
0.40000000000000013,0.2,0.05,505.0,262,20,0.9696193889742277,0.8877042238185834
0.40000000000000013,0.2,0.060000000000000005,505.0,262,20,0.9696193889742277,0.8877042238185834
0.40000000000000013,0.25,0.05,505.0,262,20,0.9696193889742277,0.8877042238185834
0.40000000000000013,0.25,0.060000000000000005,505.0,262,20,0.9696193889742277,0.8877042238185834
0.40000000000000013,0.15,0.04,507.0,264,20,0.9696193889742277,0.8872089223333504
0.40000000000000013,0.2,0.04,507.0,264,20,0.9696193889742277,0.8872089223333504
0.40000000000000013,0.25,0.04,507.0,264,20,0.9696193889742277,0.8872089223333504
0.25,0.04,0.03,508.0,367,11,0.9816878462039753,0.8482535296769034
0.45000000000000007,0.08,0.08,508.0,271,19,0.9694362984685565,0.878481301810376
0.45000000000000007,0.09,0.08,508.0,271,19,0.9694362984685565,0.878481301810376
0.45000000000000007,0.09,0.09,508.0,271,19,0.9694362984685565,0.878481301810376
0.45000000000000007,0.09999999999999999,0.08,508.0,271,19,0.9694362984685565,0.878481301810376
0.45000000000000007,0.09999999999999999,0.09,508.0,271,19,0.9694362984685565,0.878481301810376
0.45000000000000007,0.09999999999999999,0.09999999999999999,508.0,271,19,0.9694362984685565,0.878481301810376
0.08,0.02,0.02,509.0,495,2,0.9985663082437276,0.8048252431879733
0.04,0.03,0.02,509.0,495,2,0.9985663082437276,0.7981703073988807
0.08,0.04,0.01,510.0,503,1,0.9992831541218639,0.8070387877373172
0.3500000000000001,0.30000000000000004,0.08,510.0,193,29,0.9627022917345499,0.9036287768361787
0.3500000000000001,0.30000000000000004,0.09,510.0,193,29,0.9627022917345499,0.9036287768361787
0.3500000000000001,0.30000000000000004,0.09999999999999999,510.0,193,29,0.9627022917345499,0.9036287768361787
0.3500000000000001,0.3500000000000001,0.08,510.0,193,29,0.9627022917345499,0.9036287768361787
0.3500000000000001,0.3500000000000001,0.09,510.0,193,29,0.9627022917345499,0.9036287768361787
0.3500000000000001,0.3500000000000001,0.09999999999999999,510.0,193,29,0.9627022917345499,0.9036287768361787
0.30000000000000004,0.25,0.25,510.0,164,37,0.9600397213300439,0.9033528201686059
0.45000000000000007,0.06999999999999999,0.06999999999999999,511.0,274,19,0.9694362984685565,0.8776665908641398
0.45000000000000007,0.08,0.06999999999999999,511.0,274,19,0.9694362984685565,0.8776665908641398
0.45000000000000007,0.09,0.06999999999999999,511.0,274,19,0.9694362984685565,0.8776665908641398
0.45000000000000007,0.09999999999999999,0.06999999999999999,511.0,274,19,0.9694362984685565,0.8776665908641398
0.06999999999999999,0.02,0.02,512.0,498,2,0.9985663082437276,0.802604635952831
0.25,0.04,0.04,512.0,364,12,0.9809710003258392,0.8486430510705243
0.06999999999999999,0.04,0.01,513.0,506,1,0.9992831541218639,0.804818180502175
0.3500000000000001,0.30000000000000004,0.06999999999999999,513.0,196,29,0.9627022917345499,0.9028140658899425
0.3500000000000001,0.3500000000000001,0.06999999999999999,513.0,196,29,0.9627022917345499,0.9028140658899425
0.09999999999999999,0.03,0.01,514.0,507,1,0.9992831541218639,0.8099988533425065
0.2,0.03,0.03,514.0,388,10,0.9837080482241772,0.8384986166369921
0.060000000000000005,0.02,0.02,515.0,501,2,0.9985663082437276,0.800418191905922
0.060000000000000005,0.04,0.01,516.0,509,1,0.9992831541218639,0.8026317364552659
0.3500000000000001,0.04,0.03,516.0,360,12,0.9796676441837732,0.8535506591896893
0.40000000000000013,0.05,0.03,516.0,330,14,0.9756272401433691,0.8643473476084355
0.40000000000000013,0.060000000000000005,0.03,516.0,330,14,0.9756272401433691,0.8643473476084355
0.40000000000000013,0.06999999999999999,0.03,516.0,330,14,0.9756272401433691,0.8643473476084355
0.40000000000000013,0.08,0.03,516.0,330,14,0.9756272401433691,0.8643473476084355
0.40000000000000013,0.09,0.03,516.0,330,14,0.9756272401433691,0.8643473476084355
0.40000000000000013,0.09999999999999999,0.03,516.0,330,14,0.9756272401433691,0.8643473476084355
0.30000000000000004,0.30000000000000004,0.08,516.0,199,29,0.9627022917345499,0.8981663528855507
0.30000000000000004,0.30000000000000004,0.09,516.0,199,29,0.9627022917345499,0.8981663528855507
0.30000000000000004,0.30000000000000004,0.09999999999999999,516.0,199,29,0.9627022917345499,0.8981663528855507
0.3500000000000001,0.30000000000000004,0.15,517.0,151,36,0.9576843705875965,0.9130042628423124
0.3500000000000001,0.30000000000000004,0.2,517.0,151,36,0.9576843705875965,0.9130042628423124
0.3500000000000001,0.3500000000000001,0.15,517.0,151,36,0.9576843705875965,0.9130042628423124
0.3500000000000001,0.3500000000000001,0.2,517.0,151,36,0.9576843705875965,0.9130042628423124
0.09,0.03,0.01,518.0,511,1,0.9992831541218639,0.806886497288974
0.2,0.15,0.02,518.0,349,14,0.9791338888113081,0.8603100731723919
0.2,0.2,0.02,518.0,349,14,0.9791338888113081,0.8603100731723919
0.40000000000000013,0.05,0.05,518.0,325,15,0.974910394265233,0.8652321704872894
0.40000000000000013,0.060000000000000005,0.05,518.0,325,15,0.974910394265233,0.8652321704872894
0.40000000000000013,0.060000000000000005,0.060000000000000005,518.0,325,15,0.974910394265233,0.8652321704872894
0.40000000000000013,0.06999999999999999,0.05,518.0,325,15,0.974910394265233,0.8652321704872894
0.40000000000000013,0.06999999999999999,0.060000000000000005,518.0,325,15,0.974910394265233,0.8652321704872894
0.40000000000000013,0.08,0.05,518.0,325,15,0.974910394265233,0.8652321704872894
0.40000000000000013,0.08,0.060000000000000005,518.0,325,15,0.974910394265233,0.8652321704872894
0.40000000000000013,0.09,0.05,518.0,325,15,0.974910394265233,0.8652321704872894
0.40000000000000013,0.09,0.060000000000000005,518.0,325,15,0.974910394265233,0.8652321704872894
0.40000000000000013,0.09999999999999999,0.05,518.0,325,15,0.974910394265233,0.8652321704872894
0.40000000000000013,0.09999999999999999,0.060000000000000005,518.0,325,15,0.974910394265233,0.8652321704872894
0.03,0.03,0.02,519.0,505,2,0.9985663082437276,0.7914959956114394
0.15,0.02,0.02,519.0,475,4,0.9945259042033235,0.8185510719172551
0.30000000000000004,0.30000000000000004,0.06999999999999999,519.0,202,29,0.9627022917345499,0.8973516419393145
0.15,0.04,0.01,520.0,483,3,0.9952427500814597,0.8207646164665988
0.3500000000000001,0.04,0.04,520.0,357,13,0.9789507983056369,0.8539401805833102
0.40000000000000013,0.05,0.04,520.0,327,15,0.974910394265233,0.8647368690020564
0.40000000000000013,0.060000000000000005,0.04,520.0,327,15,0.974910394265233,0.8647368690020564
0.40000000000000013,0.06999999999999999,0.04,520.0,327,15,0.974910394265233,0.8647368690020564
0.40000000000000013,0.08,0.04,520.0,327,15,0.974910394265233,0.8647368690020564
0.40000000000000013,0.09,0.04,520.0,327,15,0.974910394265233,0.8647368690020564
0.40000000000000013,0.09999999999999999,0.04,520.0,327,15,0.974910394265233,0.8647368690020564
0.05,0.02,0.02,521.0,507,2,0.9985663082437276,0.7961446876324177
0.05,0.04,0.01,522.0,515,1,0.9992831541218639,0.7983582321817616
0.25,0.03,0.03,522.0,381,11,0.9816878462039753,0.8435542815566026
0.30000000000000004,0.04,0.03,522.0,366,12,0.9796676441837732,0.8480882352390612
0.30000000000000004,0.30000000000000004,0.15,523.0,157,36,0.9576843705875965,0.9075418388916844
0.30000000000000004,0.30000000000000004,0.2,523.0,157,36,0.9576843705875965,0.9075418388916844
0.08,0.03,0.01,524.0,517,1,0.9992831541218639,0.8023395396170164
0.04,0.02,0.02,526.0,512,2,0.9985663082437276,0.7926811243184804
0.30000000000000004,0.04,0.04,526.0,363,13,0.9789507983056369,0.8484777566326821
0.25,0.15,0.02,526.0,342,15,0.9771136867911062,0.8653657380920025
0.25,0.2,0.02,526.0,342,15,0.9771136867911062,0.8653657380920025
0.25,0.25,0.02,526.0,342,15,0.9771136867911062,0.8653657380920025
0.06999999999999999,0.03,0.01,527.0,520,1,0.9992831541218639,0.8001189323818743
0.04,0.04,0.01,527.0,520,1,0.9992831541218639,0.7948946688678241
0.060000000000000005,0.03,0.01,530.0,523,1,0.9992831541218639,0.7979324883349651
0.3500000000000001,0.03,0.03,530.0,374,12,0.9796676441837732,0.8488514110693886
0.45000000000000007,0.15,0.03,530.0,264,21,0.9662958308119598,0.8875198649971674
0.45000000000000007,0.2,0.03,530.0,264,21,0.9662958308119598,0.8875198649971674
0.45000000000000007,0.25,0.03,530.0,264,21,0.9662958308119598,0.8875198649971674
0.40000000000000013,0.25,0.25,530.0,154,39,0.9559993172896398,0.9104242205138565
0.09999999999999999,0.02,0.01,531.0,524,1,0.9992831541218639,0.8045096702621062
0.2,0.05,0.02,531.0,412,9,0.9844248941023134,0.8378380198410982
0.2,0.060000000000000005,0.02,531.0,412,9,0.9844248941023134,0.8378380198410982
0.2,0.06999999999999999,0.02,531.0,412,9,0.9844248941023134,0.8378380198410982
0.2,0.08,0.02,531.0,412,9,0.9844248941023134,0.8378380198410982
0.2,0.09,0.02,531.0,412,9,0.9844248941023134,0.8378380198410982
0.2,0.09999999999999999,0.02,531.0,412,9,0.9844248941023134,0.8378380198410982
0.45000000000000007,0.15,0.05,532.0,259,22,0.9655789849338237,0.8884046878760214
0.45000000000000007,0.15,0.060000000000000005,532.0,259,22,0.9655789849338237,0.8884046878760214
0.45000000000000007,0.2,0.05,532.0,259,22,0.9655789849338237,0.8884046878760214
0.45000000000000007,0.2,0.060000000000000005,532.0,259,22,0.9655789849338237,0.8884046878760214
0.45000000000000007,0.25,0.05,532.0,259,22,0.9655789849338237,0.8884046878760214
0.45000000000000007,0.25,0.060000000000000005,532.0,259,22,0.9655789849338237,0.8884046878760214
0.15,0.03,0.01,534.0,497,3,0.9952427500814597,0.8160653683462981
0.3500000000000001,0.15,0.02,534.0,335,16,0.9750934847709041,0.8706628676047884
0.3500000000000001,0.2,0.02,534.0,335,16,0.9750934847709041,0.8706628676047884
0.3500000000000001,0.25,0.02,534.0,335,16,0.9750934847709041,0.8706628676047884
0.45000000000000007,0.15,0.04,534.0,261,22,0.9655789849338237,0.8879093863907884
0.45000000000000007,0.2,0.04,534.0,261,22,0.9655789849338237,0.8879093863907884
0.45000000000000007,0.25,0.04,534.0,261,22,0.9655789849338237,0.8879093863907884
0.40000000000000013,0.40000000000000013,0.08,534.0,187,31,0.9586618876941456,0.9061646992592919
0.40000000000000013,0.40000000000000013,0.09,534.0,187,31,0.9586618876941456,0.9061646992592919
0.40000000000000013,0.40000000000000013,0.09999999999999999,534.0,187,31,0.9586618876941456,0.9061646992592919
0.09,0.02,0.01,535.0,528,1,0.9992831541218639,0.8013973142085736
0.05,0.03,0.01,536.0,529,1,0.9992831541218639,0.7936589840614608
0.03,0.02,0.02,536.0,522,2,0.9985663082437276,0.786006812531039
0.30000000000000004,0.03,0.03,536.0,380,12,0.9796676441837732,0.8433889871187604
0.40000000000000013,0.30000000000000004,0.08,536.0,189,31,0.9586618876941456,0.9052377532308014
0.40000000000000013,0.30000000000000004,0.09,536.0,189,31,0.9586618876941456,0.9052377532308014
0.40000000000000013,0.30000000000000004,0.09999999999999999,536.0,189,31,0.9586618876941456,0.9052377532308014
0.40000000000000013,0.3500000000000001,0.08,536.0,189,31,0.9586618876941456,0.9052377532308014
0.40000000000000013,0.3500000000000001,0.09,536.0,189,31,0.9586618876941456,0.9052377532308014
0.40000000000000013,0.3500000000000001,0.09999999999999999,536.0,189,31,0.9586618876941456,0.9052377532308014
0.40000000000000013,0.40000000000000013,0.06999999999999999,537.0,190,31,0.9586618876941456,0.9053499883130557
0.25,0.05,0.02,539.0,405,10,0.9824046920821115,0.8428936847607087
0.25,0.060000000000000005,0.02,539.0,405,10,0.9824046920821115,0.8428936847607087
0.25,0.06999999999999999,0.02,539.0,405,10,0.9824046920821115,0.8428936847607087
0.25,0.08,0.02,539.0,405,10,0.9824046920821115,0.8428936847607087
0.25,0.09,0.02,539.0,405,10,0.9824046920821115,0.8428936847607087
0.25,0.09999999999999999,0.02,539.0,405,10,0.9824046920821115,0.8428936847607087
0.40000000000000013,0.30000000000000004,0.06999999999999999,539.0,192,31,0.9586618876941456,0.9044230422845652
0.40000000000000013,0.3500000000000001,0.06999999999999999,539.0,192,31,0.9586618876941456,0.9044230422845652
0.30000000000000004,0.15,0.02,540.0,341,16,0.9750934847709041,0.8652004436541604
0.30000000000000004,0.2,0.02,540.0,341,16,0.9750934847709041,0.8652004436541604
0.30000000000000004,0.25,0.02,540.0,341,16,0.9750934847709041,0.8652004436541604
0.08,0.02,0.01,541.0,534,1,0.9992831541218639,0.796850356536616
0.04,0.03,0.01,541.0,534,1,0.9992831541218639,0.7901954207475234
0.40000000000000013,0.40000000000000013,0.15,541.0,145,38,0.9536439665471924,0.9155401852654257
0.40000000000000013,0.40000000000000013,0.2,541.0,145,38,0.9536439665471924,0.9155401852654257
0.40000000000000013,0.04,0.03,542.0,356,14,0.9756272401433691,0.8551596355843119
0.45000000000000007,0.05,0.03,543.0,327,16,0.9715868361029653,0.8650478116658736
0.45000000000000007,0.060000000000000005,0.03,543.0,327,16,0.9715868361029653,0.8650478116658736
0.45000000000000007,0.06999999999999999,0.03,543.0,327,16,0.9715868361029653,0.8650478116658736
0.45000000000000007,0.08,0.03,543.0,327,16,0.9715868361029653,0.8650478116658736
0.45000000000000007,0.09,0.03,543.0,327,16,0.9715868361029653,0.8650478116658736
0.45000000000000007,0.09999999999999999,0.03,543.0,327,16,0.9715868361029653,0.8650478116658736
0.40000000000000013,0.30000000000000004,0.15,543.0,147,38,0.9536439665471924,0.9146132392369352
0.40000000000000013,0.30000000000000004,0.2,543.0,147,38,0.9536439665471924,0.9146132392369352
0.40000000000000013,0.3500000000000001,0.15,543.0,147,38,0.9536439665471924,0.9146132392369352
0.40000000000000013,0.3500000000000001,0.2,543.0,147,38,0.9536439665471924,0.9146132392369352
0.06999999999999999,0.02,0.01,544.0,537,1,0.9992831541218639,0.7946297493014738
0.45000000000000007,0.05,0.05,545.0,322,17,0.9708699902248291,0.8659326345447275
0.45000000000000007,0.060000000000000005,0.05,545.0,322,17,0.9708699902248291,0.8659326345447275
0.45000000000000007,0.060000000000000005,0.060000000000000005,545.0,322,17,0.9708699902248291,0.8659326345447275
0.45000000000000007,0.06999999999999999,0.05,545.0,322,17,0.9708699902248291,0.8659326345447275
0.45000000000000007,0.06999999999999999,0.060000000000000005,545.0,322,17,0.9708699902248291,0.8659326345447275
0.45000000000000007,0.08,0.05,545.0,322,17,0.9708699902248291,0.8659326345447275
0.45000000000000007,0.08,0.060000000000000005,545.0,322,17,0.9708699902248291,0.8659326345447275
0.45000000000000007,0.09,0.05,545.0,322,17,0.9708699902248291,0.8659326345447275
0.45000000000000007,0.09,0.060000000000000005,545.0,322,17,0.9708699902248291,0.8659326345447275
0.45000000000000007,0.09999999999999999,0.05,545.0,322,17,0.9708699902248291,0.8659326345447275
0.45000000000000007,0.09999999999999999,0.060000000000000005,545.0,322,17,0.9708699902248291,0.8659326345447275
0.3500000000000001,0.30000000000000004,0.03,545.0,249,26,0.9648528293689584,0.8901952866916764
0.3500000000000001,0.3500000000000001,0.03,545.0,249,26,0.9648528293689584,0.8901952866916764
0.40000000000000013,0.04,0.04,546.0,353,15,0.974910394265233,0.8555491569779329
0.060000000000000005,0.02,0.01,547.0,540,1,0.9992831541218639,0.7924433052545647
0.3500000000000001,0.05,0.02,547.0,398,11,0.9803844900619093,0.8481908142734945
0.3500000000000001,0.060000000000000005,0.02,547.0,398,11,0.9803844900619093,0.8481908142734945
0.3500000000000001,0.06999999999999999,0.02,547.0,398,11,0.9803844900619093,0.8481908142734945
0.3500000000000001,0.08,0.02,547.0,398,11,0.9803844900619093,0.8481908142734945
0.3500000000000001,0.09,0.02,547.0,398,11,0.9803844900619093,0.8481908142734945
0.3500000000000001,0.09999999999999999,0.02,547.0,398,11,0.9803844900619093,0.8481908142734945
0.45000000000000007,0.05,0.04,547.0,324,17,0.9708699902248291,0.8654373330594946
0.45000000000000007,0.060000000000000005,0.04,547.0,324,17,0.9708699902248291,0.8654373330594946
0.45000000000000007,0.06999999999999999,0.04,547.0,324,17,0.9708699902248291,0.8654373330594946
0.45000000000000007,0.08,0.04,547.0,324,17,0.9708699902248291,0.8654373330594946
0.45000000000000007,0.09,0.04,547.0,324,17,0.9708699902248291,0.8654373330594946
0.45000000000000007,0.09999999999999999,0.04,547.0,324,17,0.9708699902248291,0.8654373330594946
0.3500000000000001,0.30000000000000004,0.05,547.0,244,27,0.9641359834908222,0.8910801095705304
0.3500000000000001,0.30000000000000004,0.060000000000000005,547.0,244,27,0.9641359834908222,0.8910801095705304
0.3500000000000001,0.3500000000000001,0.05,547.0,244,27,0.9641359834908222,0.8910801095705304
0.3500000000000001,0.3500000000000001,0.060000000000000005,547.0,244,27,0.9641359834908222,0.8910801095705304
0.3500000000000001,0.30000000000000004,0.04,549.0,246,27,0.9641359834908222,0.8905848080852974
0.3500000000000001,0.3500000000000001,0.04,549.0,246,27,0.9641359834908222,0.8905848080852974
0.2,0.15,0.01,550.0,388,13,0.9798507346894443,0.8523351865210348
0.2,0.2,0.01,550.0,388,13,0.9798507346894443,0.8523351865210348
0.03,0.03,0.01,551.0,544,1,0.9992831541218639,0.7835211089600821
0.02,0.02,0.02,551.0,537,2,0.9985663082437276,0.7765828722959545
0.15,0.02,0.01,551.0,514,3,0.9952427500814597,0.8105761852658978
0.30000000000000004,0.30000000000000004,0.03,551.0,255,26,0.9648528293689584,0.8847328627410483
0.05,0.02,0.01,553.0,546,1,0.9992831541218639,0.7881698009810605
0.30000000000000004,0.05,0.02,553.0,404,11,0.9803844900619093,0.8427283903228665
0.30000000000000004,0.060000000000000005,0.02,553.0,404,11,0.9803844900619093,0.8427283903228665
0.30000000000000004,0.06999999999999999,0.02,553.0,404,11,0.9803844900619093,0.8427283903228665
0.30000000000000004,0.08,0.02,553.0,404,11,0.9803844900619093,0.8427283903228665
0.30000000000000004,0.09,0.02,553.0,404,11,0.9803844900619093,0.8427283903228665
0.30000000000000004,0.09999999999999999,0.02,553.0,404,11,0.9803844900619093,0.8427283903228665
0.30000000000000004,0.30000000000000004,0.05,553.0,250,27,0.9641359834908222,0.8856176856199022
0.30000000000000004,0.30000000000000004,0.060000000000000005,553.0,250,27,0.9641359834908222,0.8856176856199022
0.30000000000000004,0.30000000000000004,0.04,555.0,252,27,0.9641359834908222,0.8851223841346693
0.40000000000000013,0.03,0.03,556.0,370,14,0.9756272401433691,0.8504603874640111
0.2,0.04,0.02,557.0,438,9,0.9844248941023134,0.8286503078169746
0.45000000000000007,0.25,0.25,557.0,151,41,0.9519589132492358,0.9111246845712945
0.04,0.02,0.01,558.0,551,1,0.9992831541218639,0.7847062376671231
0.25,0.15,0.01,558.0,381,14,0.9778305326692424,0.8573908514406453
0.25,0.2,0.01,558.0,381,14,0.9778305326692424,0.8573908514406453
0.25,0.25,0.01,558.0,381,14,0.9778305326692424,0.8573908514406453
0.40000000000000013,0.15,0.02,560.0,331,18,0.9710530807305,0.8722718439994112
0.40000000000000013,0.2,0.02,560.0,331,18,0.9710530807305,0.8722718439994112
0.40000000000000013,0.25,0.02,560.0,331,18,0.9710530807305,0.8722718439994112
0.45000000000000007,0.40000000000000013,0.08,561.0,184,33,0.9546214836537418,0.9068651633167298
0.45000000000000007,0.40000000000000013,0.09,561.0,184,33,0.9546214836537418,0.9068651633167298
0.45000000000000007,0.40000000000000013,0.09999999999999999,561.0,184,33,0.9546214836537418,0.9068651633167298
0.2,0.05,0.01,563.0,451,8,0.9851417399804495,0.8298631331897409
0.2,0.060000000000000005,0.01,563.0,451,8,0.9851417399804495,0.8298631331897409
0.2,0.06999999999999999,0.01,563.0,451,8,0.9851417399804495,0.8298631331897409
0.2,0.08,0.01,563.0,451,8,0.9851417399804495,0.8298631331897409
0.2,0.09,0.01,563.0,451,8,0.9851417399804495,0.8298631331897409
0.2,0.09999999999999999,0.01,563.0,451,8,0.9851417399804495,0.8298631331897409
0.45000000000000007,0.30000000000000004,0.08,563.0,186,33,0.9546214836537418,0.9059382172882394
0.45000000000000007,0.30000000000000004,0.09,563.0,186,33,0.9546214836537418,0.9059382172882394
0.45000000000000007,0.30000000000000004,0.09999999999999999,563.0,186,33,0.9546214836537418,0.9059382172882394
0.45000000000000007,0.3500000000000001,0.08,563.0,186,33,0.9546214836537418,0.9059382172882394
0.45000000000000007,0.3500000000000001,0.09,563.0,186,33,0.9546214836537418,0.9059382172882394
0.45000000000000007,0.3500000000000001,0.09999999999999999,563.0,186,33,0.9546214836537418,0.9059382172882394
0.45000000000000007,0.40000000000000013,0.06999999999999999,564.0,187,33,0.9546214836537418,0.9060504523704936
0.25,0.04,0.02,565.0,431,10,0.9824046920821115,0.8337059727365851
0.3500000000000001,0.15,0.01,566.0,374,15,0.9758103306490403,0.8626879809534311
0.3500000000000001,0.2,0.01,566.0,374,15,0.9758103306490403,0.8626879809534311
0.3500000000000001,0.25,0.01,566.0,374,15,0.9758103306490403,0.8626879809534311
0.45000000000000007,0.30000000000000004,0.06999999999999999,566.0,189,33,0.9546214836537418,0.9051235063420032
0.45000000000000007,0.3500000000000001,0.06999999999999999,566.0,189,33,0.9546214836537418,0.9051235063420032
0.03,0.02,0.01,568.0,561,1,0.9992831541218639,0.7780319258796817
0.45000000000000007,0.40000000000000013,0.15,568.0,142,40,0.9496035625067883,0.9162406493228636
0.45000000000000007,0.40000000000000013,0.2,568.0,142,40,0.9496035625067883,0.9162406493228636
0.09999999999999999,0.01,0.01,569.0,562,1,0.9992831541218639,0.7930308765423585
0.45000000000000007,0.04,0.03,569.0,353,16,0.9715868361029653,0.8558600996417499
0.40000000000000013,0.40000000000000013,0.03,569.0,243,28,0.9608124253285544,0.8927312091147895
0.5000000000000001,0.15,0.08,569.0,207,29,0.9540442830765411,0.8963722541245102
0.5000000000000001,0.15,0.09,569.0,207,29,0.9540442830765411,0.8963722541245102
0.5000000000000001,0.15,0.09999999999999999,569.0,207,29,0.9540442830765411,0.8963722541245102
0.5000000000000001,0.2,0.08,569.0,207,29,0.9540442830765411,0.8963722541245102
0.5000000000000001,0.2,0.09,569.0,207,29,0.9540442830765411,0.8963722541245102
0.5000000000000001,0.2,0.09999999999999999,569.0,207,29,0.9540442830765411,0.8963722541245102
0.5000000000000001,0.25,0.08,569.0,207,29,0.9540442830765411,0.8963722541245102
0.5000000000000001,0.25,0.09,569.0,207,29,0.9540442830765411,0.8963722541245102
0.5000000000000001,0.25,0.09999999999999999,569.0,207,29,0.9540442830765411,0.8963722541245102
0.45000000000000007,0.30000000000000004,0.15,570.0,144,40,0.9496035625067883,0.9153137032943732
0.45000000000000007,0.30000000000000004,0.2,570.0,144,40,0.9496035625067883,0.9153137032943732
0.45000000000000007,0.3500000000000001,0.15,570.0,144,40,0.9496035625067883,0.9153137032943732
0.45000000000000007,0.3500000000000001,0.2,570.0,144,40,0.9496035625067883,0.9153137032943732
0.2,0.03,0.02,571.0,452,9,0.9844248941023134,0.8239510596966738
0.25,0.05,0.01,571.0,444,9,0.9831215379602476,0.8349187981093514
0.25,0.060000000000000005,0.01,571.0,444,9,0.9831215379602476,0.8349187981093514
0.25,0.06999999999999999,0.01,571.0,444,9,0.9831215379602476,0.8349187981093514
0.25,0.08,0.01,571.0,444,9,0.9831215379602476,0.8349187981093514
0.25,0.09,0.01,571.0,444,9,0.9831215379602476,0.8349187981093514
0.25,0.09999999999999999,0.01,571.0,444,9,0.9831215379602476,0.8349187981093514
0.40000000000000013,0.30000000000000004,0.03,571.0,245,28,0.9608124253285544,0.891804263086299
0.40000000000000013,0.3500000000000001,0.03,571.0,245,28,0.9608124253285544,0.891804263086299
0.40000000000000013,0.40000000000000013,0.05,571.0,238,29,0.9600955794504182,0.8936160319936435
0.40000000000000013,0.40000000000000013,0.060000000000000005,571.0,238,29,0.9600955794504182,0.8936160319936435
0.30000000000000004,0.15,0.01,572.0,380,15,0.9758103306490403,0.8572255570028031
0.30000000000000004,0.2,0.01,572.0,380,15,0.9758103306490403,0.8572255570028031
0.30000000000000004,0.25,0.01,572.0,380,15,0.9758103306490403,0.8572255570028031
0.5000000000000001,0.15,0.06999999999999999,572.0,210,29,0.9540442830765411,0.895557543178274
0.5000000000000001,0.2,0.06999999999999999,572.0,210,29,0.9540442830765411,0.895557543178274
0.5000000000000001,0.25,0.06999999999999999,572.0,210,29,0.9540442830765411,0.895557543178274
0.3500000000000001,0.30000000000000004,0.25,572.0,136,46,0.9505159118062344,0.9138001062658034
0.3500000000000001,0.3500000000000001,0.25,572.0,136,46,0.9505159118062344,0.9138001062658034
0.09,0.01,0.01,573.0,566,1,0.9992831541218639,0.7899185204888259
0.3500000000000001,0.04,0.02,573.0,424,11,0.9803844900619093,0.839003102249371
0.40000000000000013,0.05,0.02,573.0,394,13,0.9763440860215055,0.8497997906681172
0.40000000000000013,0.060000000000000005,0.02,573.0,394,13,0.9763440860215055,0.8497997906681172
0.40000000000000013,0.06999999999999999,0.02,573.0,394,13,0.9763440860215055,0.8497997906681172
0.40000000000000013,0.08,0.02,573.0,394,13,0.9763440860215055,0.8497997906681172
0.40000000000000013,0.09,0.02,573.0,394,13,0.9763440860215055,0.8497997906681172
0.40000000000000013,0.09999999999999999,0.02,573.0,394,13,0.9763440860215055,0.8497997906681172
0.45000000000000007,0.04,0.04,573.0,350,17,0.9708699902248291,0.8562496210353708
0.40000000000000013,0.40000000000000013,0.04,573.0,240,29,0.9600955794504182,0.8931207305084105
0.40000000000000013,0.30000000000000004,0.05,573.0,240,29,0.9600955794504182,0.892689085965153
0.40000000000000013,0.30000000000000004,0.060000000000000005,573.0,240,29,0.9600955794504182,0.892689085965153
0.40000000000000013,0.3500000000000001,0.05,573.0,240,29,0.9600955794504182,0.892689085965153
0.40000000000000013,0.3500000000000001,0.060000000000000005,573.0,240,29,0.9600955794504182,0.892689085965153
0.40000000000000013,0.30000000000000004,0.04,575.0,242,29,0.9600955794504182,0.8921937844799199
0.40000000000000013,0.3500000000000001,0.04,575.0,242,29,0.9600955794504182,0.8921937844799199
0.5000000000000001,0.15,0.15,576.0,165,36,0.9490263619295877,0.9057477401306439
0.5000000000000001,0.2,0.15,576.0,165,36,0.9490263619295877,0.9057477401306439
0.5000000000000001,0.2,0.2,576.0,165,36,0.9490263619295877,0.9057477401306439
0.5000000000000001,0.25,0.15,576.0,165,36,0.9490263619295877,0.9057477401306439
0.5000000000000001,0.25,0.2,576.0,165,36,0.9490263619295877,0.9057477401306439
0.30000000000000004,0.30000000000000004,0.25,578.0,142,46,0.9505159118062344,0.9083376823151754
0.08,0.01,0.01,579.0,572,1,0.9992831541218639,0.7853715628168683
0.25,0.03,0.02,579.0,445,10,0.9824046920821115,0.8290067246162843
0.3500000000000001,0.05,0.01,579.0,437,10,0.9811013359400457,0.8402159276221374
0.3500000000000001,0.060000000000000005,0.01,579.0,437,10,0.9811013359400457,0.8402159276221374
0.3500000000000001,0.06999999999999999,0.01,579.0,437,10,0.9811013359400457,0.8402159276221374
0.3500000000000001,0.08,0.01,579.0,437,10,0.9811013359400457,0.8402159276221374
0.3500000000000001,0.09,0.01,579.0,437,10,0.9811013359400457,0.8402159276221374
0.3500000000000001,0.09999999999999999,0.01,579.0,437,10,0.9811013359400457,0.8402159276221374
0.30000000000000004,0.04,0.02,579.0,430,11,0.9803844900619093,0.8335406782987428
0.3500000000000001,0.30000000000000004,0.30000000000000004,579.0,136,47,0.9497990659280982,0.9134266889135659
0.3500000000000001,0.3500000000000001,0.30000000000000004,579.0,136,47,0.9497990659280982,0.9134266889135659
0.3500000000000001,0.3500000000000001,0.3500000000000001,579.0,136,47,0.9497990659280982,0.9134266889135659
0.06999999999999999,0.01,0.01,582.0,575,1,0.9992831541218639,0.7831509555817262
0.5000000000000001,0.08,0.08,582.0,270,24,0.9593352883675464,0.8739002007932162
0.5000000000000001,0.09,0.08,582.0,270,24,0.9593352883675464,0.8739002007932162
0.5000000000000001,0.09,0.09,582.0,270,24,0.9593352883675464,0.8739002007932162
0.5000000000000001,0.09999999999999999,0.08,582.0,270,24,0.9593352883675464,0.8739002007932162
0.5000000000000001,0.09999999999999999,0.09,582.0,270,24,0.9593352883675464,0.8739002007932162
0.5000000000000001,0.09999999999999999,0.09999999999999999,582.0,270,24,0.9593352883675464,0.8739002007932162
0.02,0.02,0.01,583.0,576,1,0.9992831541218639,0.7686079856445972
0.45000000000000007,0.03,0.03,583.0,367,16,0.9715868361029653,0.8511608515214492
0.060000000000000005,0.01,0.01,585.0,578,1,0.9992831541218639,0.780964511534817
0.30000000000000004,0.05,0.01,585.0,443,10,0.9811013359400457,0.8347535036715091
0.30000000000000004,0.060000000000000005,0.01,585.0,443,10,0.9811013359400457,0.8347535036715091
0.30000000000000004,0.06999999999999999,0.01,585.0,443,10,0.9811013359400457,0.8347535036715091
0.30000000000000004,0.08,0.01,585.0,443,10,0.9811013359400457,0.8347535036715091
0.30000000000000004,0.09,0.01,585.0,443,10,0.9811013359400457,0.8347535036715091
0.30000000000000004,0.09999999999999999,0.01,585.0,443,10,0.9811013359400457,0.8347535036715091
0.5000000000000001,0.06999999999999999,0.06999999999999999,585.0,273,24,0.9593352883675464,0.87308548984698
0.5000000000000001,0.08,0.06999999999999999,585.0,273,24,0.9593352883675464,0.87308548984698
0.5000000000000001,0.09,0.06999999999999999,585.0,273,24,0.9593352883675464,0.87308548984698
0.5000000000000001,0.09999999999999999,0.06999999999999999,585.0,273,24,0.9593352883675464,0.87308548984698
0.30000000000000004,0.30000000000000004,0.30000000000000004,585.0,142,47,0.9497990659280982,0.9079642649629379
0.3500000000000001,0.03,0.02,587.0,438,11,0.9803844900619093,0.8343038541290703
0.45000000000000007,0.15,0.02,587.0,328,20,0.967012676690096,0.8729723080568491
0.45000000000000007,0.2,0.02,587.0,328,20,0.967012676690096,0.8729723080568491
0.45000000000000007,0.25,0.02,587.0,328,20,0.967012676690096,0.8729723080568491
0.2,0.02,0.02,588.0,469,9,0.9844248941023134,0.8184618766162733
0.15,0.01,0.01,589.0,552,3,0.9952427500814597,0.79909739154615
0.2,0.04,0.01,589.0,477,8,0.9851417399804495,0.8206754211656172
0.05,0.01,0.01,591.0,584,1,0.9992831541218639,0.7766910072613128
0.40000000000000013,0.15,0.01,592.0,370,17,0.9717699266086361,0.8642969573480538
0.40000000000000013,0.2,0.01,592.0,370,17,0.9717699266086361,0.8642969573480538
0.40000000000000013,0.25,0.01,592.0,370,17,0.9717699266086361,0.8642969573480538
0.30000000000000004,0.03,0.02,593.0,444,11,0.9803844900619093,0.828841430178442
0.04,0.01,0.01,596.0,589,1,0.9992831541218639,0.7732274439473753
0.25,0.02,0.02,596.0,462,10,0.9824046920821115,0.8235175415358839
0.45000000000000007,0.40000000000000013,0.03,596.0,240,30,0.9567720212881503,0.8934316731722275
0.40000000000000013,0.40000000000000013,0.25,596.0,130,48,0.9464755077658303,0.9163360286889167
0.25,0.04,0.01,597.0,470,9,0.9831215379602476,0.8257310860852277
0.45000000000000007,0.30000000000000004,0.03,598.0,242,30,0.9567720212881503,0.8925047271437371
0.45000000000000007,0.3500000000000001,0.03,598.0,242,30,0.9567720212881503,0.8925047271437371
0.45000000000000007,0.40000000000000013,0.05,598.0,235,31,0.9560551754100142,0.8943164960510814
0.45000000000000007,0.40000000000000013,0.060000000000000005,598.0,235,31,0.9560551754100142,0.8943164960510814
0.5500000000000002,0.15,0.08,598.0,206,31,0.950003879036137,0.8950744603738862
0.5500000000000002,0.15,0.09,598.0,206,31,0.950003879036137,0.8950744603738862
0.5500000000000002,0.15,0.09999999999999999,598.0,206,31,0.950003879036137,0.8950744603738862
0.5500000000000002,0.2,0.08,598.0,206,31,0.950003879036137,0.8950744603738862
0.5500000000000002,0.2,0.09,598.0,206,31,0.950003879036137,0.8950744603738862
0.5500000000000002,0.2,0.09999999999999999,598.0,206,31,0.950003879036137,0.8950744603738862
0.5500000000000002,0.25,0.08,598.0,206,31,0.950003879036137,0.8950744603738862
0.5500000000000002,0.25,0.09,598.0,206,31,0.950003879036137,0.8950744603738862
0.5500000000000002,0.25,0.09999999999999999,598.0,206,31,0.950003879036137,0.8950744603738862
0.40000000000000013,0.30000000000000004,0.25,598.0,132,48,0.9464755077658303,0.9154090826604261
0.40000000000000013,0.3500000000000001,0.25,598.0,132,48,0.9464755077658303,0.9154090826604261
0.40000000000000013,0.04,0.02,599.0,420,13,0.9763440860215055,0.8406120786439936
0.45000000000000007,0.05,0.02,600.0,391,15,0.9723036819811014,0.8505002547255552
0.45000000000000007,0.060000000000000005,0.02,600.0,391,15,0.9723036819811014,0.8505002547255552
0.45000000000000007,0.06999999999999999,0.02,600.0,391,15,0.9723036819811014,0.8505002547255552
0.45000000000000007,0.08,0.02,600.0,391,15,0.9723036819811014,0.8505002547255552
0.45000000000000007,0.09,0.02,600.0,391,15,0.9723036819811014,0.8505002547255552
0.45000000000000007,0.09999999999999999,0.02,600.0,391,15,0.9723036819811014,0.8505002547255552
0.45000000000000007,0.40000000000000013,0.04,600.0,237,31,0.9560551754100142,0.8938211945658484
0.45000000000000007,0.30000000000000004,0.05,600.0,237,31,0.9560551754100142,0.893389550022591
0.45000000000000007,0.30000000000000004,0.060000000000000005,600.0,237,31,0.9560551754100142,0.893389550022591
0.45000000000000007,0.3500000000000001,0.05,600.0,237,31,0.9560551754100142,0.893389550022591
0.45000000000000007,0.3500000000000001,0.060000000000000005,600.0,237,31,0.9560551754100142,0.893389550022591
0.5500000000000002,0.15,0.06999999999999999,601.0,209,31,0.950003879036137,0.89425974942765
0.5500000000000002,0.2,0.06999999999999999,601.0,209,31,0.950003879036137,0.89425974942765
0.5500000000000002,0.25,0.06999999999999999,601.0,209,31,0.950003879036137,0.89425974942765
0.3500000000000001,0.30000000000000004,0.02,602.0,313,25,0.9655696752470946,0.875647729751358
0.3500000000000001,0.3500000000000001,0.02,602.0,313,25,0.9655696752470946,0.875647729751358
0.45000000000000007,0.30000000000000004,0.04,602.0,239,31,0.9560551754100142,0.892894248537358
0.45000000000000007,0.3500000000000001,0.04,602.0,239,31,0.9560551754100142,0.892894248537358
0.2,0.03,0.01,603.0,491,8,0.9851417399804495,0.8159761730453164
0.40000000000000013,0.40000000000000013,0.30000000000000004,603.0,130,49,0.9457586618876941,0.9159626113366791
0.40000000000000013,0.40000000000000013,0.3500000000000001,603.0,130,49,0.9457586618876941,0.9159626113366791
0.3500000000000001,0.02,0.02,604.0,455,11,0.9803844900619093,0.8288146710486698
0.5000000000000001,0.15,0.03,604.0,263,26,0.9561948207109497,0.8829387639800078
0.5000000000000001,0.2,0.03,604.0,263,26,0.9561948207109497,0.8829387639800078
0.5000000000000001,0.25,0.03,604.0,263,26,0.9561948207109497,0.8829387639800078
0.3500000000000001,0.04,0.01,605.0,463,10,0.9811013359400457,0.8310282155980137
0.40000000000000013,0.05,0.01,605.0,433,12,0.9770609318996416,0.8418249040167599
0.40000000000000013,0.060000000000000005,0.01,605.0,433,12,0.9770609318996416,0.8418249040167599
0.40000000000000013,0.06999999999999999,0.01,605.0,433,12,0.9770609318996416,0.8418249040167599
0.40000000000000013,0.08,0.01,605.0,433,12,0.9770609318996416,0.8418249040167599
0.40000000000000013,0.09,0.01,605.0,433,12,0.9770609318996416,0.8418249040167599
0.40000000000000013,0.09999999999999999,0.01,605.0,433,12,0.9770609318996416,0.8418249040167599
0.40000000000000013,0.30000000000000004,0.30000000000000004,605.0,132,49,0.9457586618876941,0.9150356653081886
0.40000000000000013,0.3500000000000001,0.30000000000000004,605.0,132,49,0.9457586618876941,0.9150356653081886
0.40000000000000013,0.3500000000000001,0.3500000000000001,605.0,132,49,0.9457586618876941,0.9150356653081886
0.5500000000000002,0.15,0.15,605.0,164,38,0.9449859578891836,0.9044499463800199
0.5500000000000002,0.2,0.15,605.0,164,38,0.9449859578891836,0.9044499463800199
0.5500000000000002,0.2,0.2,605.0,164,38,0.9449859578891836,0.9044499463800199
0.5500000000000002,0.25,0.15,605.0,164,38,0.9449859578891836,0.9044499463800199
0.5500000000000002,0.25,0.2,605.0,164,38,0.9449859578891836,0.9044499463800199
0.03,0.01,0.01,606.0,599,1,0.9992831541218639,0.766553132159934
0.5000000000000001,0.15,0.05,606.0,258,27,0.9554779748328134,0.8838235868588616
0.5000000000000001,0.15,0.060000000000000005,606.0,258,27,0.9554779748328134,0.8838235868588616
0.5000000000000001,0.2,0.05,606.0,258,27,0.9554779748328134,0.8838235868588616
0.5000000000000001,0.2,0.060000000000000005,606.0,258,27,0.9554779748328134,0.8838235868588616
0.5000000000000001,0.25,0.05,606.0,258,27,0.9554779748328134,0.8838235868588616
0.5000000000000001,0.25,0.060000000000000005,606.0,258,27,0.9554779748328134,0.8838235868588616
0.30000000000000004,0.30000000000000004,0.02,608.0,319,25,0.9655696752470946,0.87018530580073
0.5000000000000001,0.15,0.04,608.0,260,27,0.9554779748328134,0.8833282853736287
0.5000000000000001,0.2,0.04,608.0,260,27,0.9554779748328134,0.8833282853736287
0.5000000000000001,0.25,0.04,608.0,260,27,0.9554779748328134,0.8833282853736287
0.30000000000000004,0.02,0.02,610.0,461,11,0.9803844900619093,0.8233522470980418
0.25,0.03,0.01,611.0,484,9,0.9831215379602476,0.821031837964927
0.30000000000000004,0.04,0.01,611.0,469,10,0.9811013359400457,0.8255657916473855
0.5500000000000002,0.08,0.08,611.0,269,26,0.9552948843271425,0.8726024070425922
0.5500000000000002,0.09,0.08,611.0,269,26,0.9552948843271425,0.8726024070425922
0.5500000000000002,0.09,0.09,611.0,269,26,0.9552948843271425,0.8726024070425922
0.5500000000000002,0.09999999999999999,0.08,611.0,269,26,0.9552948843271425,0.8726024070425922
0.5500000000000002,0.09999999999999999,0.09,611.0,269,26,0.9552948843271425,0.8726024070425922
0.5500000000000002,0.09999999999999999,0.09999999999999999,611.0,269,26,0.9552948843271425,0.8726024070425922
0.40000000000000013,0.03,0.02,613.0,434,13,0.9763440860215055,0.8359128305236928
0.5500000000000002,0.06999999999999999,0.06999999999999999,614.0,272,26,0.9552948843271425,0.871787696096356
0.5500000000000002,0.08,0.06999999999999999,614.0,272,26,0.9552948843271425,0.871787696096356
0.5500000000000002,0.09,0.06999999999999999,614.0,272,26,0.9552948843271425,0.871787696096356
0.5500000000000002,0.09999999999999999,0.06999999999999999,614.0,272,26,0.9552948843271425,0.871787696096356
0.5000000000000001,0.05,0.03,617.0,326,21,0.961485826001955,0.8604667106487138
0.5000000000000001,0.060000000000000005,0.03,617.0,326,21,0.961485826001955,0.8604667106487138
0.5000000000000001,0.06999999999999999,0.03,617.0,326,21,0.961485826001955,0.8604667106487138
0.5000000000000001,0.08,0.03,617.0,326,21,0.961485826001955,0.8604667106487138
0.5000000000000001,0.09,0.03,617.0,326,21,0.961485826001955,0.8604667106487138
0.5000000000000001,0.09999999999999999,0.03,617.0,326,21,0.961485826001955,0.8604667106487138
0.3500000000000001,0.03,0.01,619.0,477,10,0.9811013359400457,0.8263289674777129
0.45000000000000007,0.15,0.01,619.0,367,19,0.9677295225682322,0.864997421405492
0.45000000000000007,0.2,0.01,619.0,367,19,0.9677295225682322,0.864997421405492
0.45000000000000007,0.25,0.01,619.0,367,19,0.9677295225682322,0.864997421405492
0.5000000000000001,0.05,0.05,619.0,321,22,0.9607689801238188,0.8613515335275678
0.5000000000000001,0.060000000000000005,0.05,619.0,321,22,0.9607689801238188,0.8613515335275678
0.5000000000000001,0.060000000000000005,0.060000000000000005,619.0,321,22,0.9607689801238188,0.8613515335275678
0.5000000000000001,0.06999999999999999,0.05,619.0,321,22,0.9607689801238188,0.8613515335275678
0.5000000000000001,0.06999999999999999,0.060000000000000005,619.0,321,22,0.9607689801238188,0.8613515335275678
0.5000000000000001,0.08,0.05,619.0,321,22,0.9607689801238188,0.8613515335275678
0.5000000000000001,0.08,0.060000000000000005,619.0,321,22,0.9607689801238188,0.8613515335275678
0.5000000000000001,0.09,0.05,619.0,321,22,0.9607689801238188,0.8613515335275678
0.5000000000000001,0.09,0.060000000000000005,619.0,321,22,0.9607689801238188,0.8613515335275678
0.5000000000000001,0.09999999999999999,0.05,619.0,321,22,0.9607689801238188,0.8613515335275678
0.5000000000000001,0.09999999999999999,0.060000000000000005,619.0,321,22,0.9607689801238188,0.8613515335275678
0.2,0.02,0.01,620.0,508,8,0.9851417399804495,0.810486989964916
0.02,0.01,0.01,621.0,614,1,0.9992831541218639,0.7571291919248496
0.5000000000000001,0.05,0.04,621.0,323,22,0.9607689801238188,0.8608562320423347
0.5000000000000001,0.060000000000000005,0.04,621.0,323,22,0.9607689801238188,0.8608562320423347
0.5000000000000001,0.06999999999999999,0.04,621.0,323,22,0.9607689801238188,0.8608562320423347
0.5000000000000001,0.08,0.04,621.0,323,22,0.9607689801238188,0.8608562320423347
0.5000000000000001,0.09,0.04,621.0,323,22,0.9607689801238188,0.8608562320423347
0.5000000000000001,0.09999999999999999,0.04,621.0,323,22,0.9607689801238188,0.8608562320423347
0.45000000000000007,0.40000000000000013,0.25,623.0,127,50,0.9424351037254263,0.9170364927463547
0.30000000000000004,0.03,0.01,625.0,483,10,0.9811013359400457,0.8208665435270848
0.45000000000000007,0.30000000000000004,0.25,625.0,129,50,0.9424351037254263,0.9161095467178643
0.45000000000000007,0.3500000000000001,0.25,625.0,129,50,0.9424351037254263,0.9161095467178643
0.45000000000000007,0.04,0.02,626.0,417,15,0.9723036819811014,0.8413125427014316
0.40000000000000013,0.40000000000000013,0.02,626.0,307,27,0.9615292712066905,0.8781836521744713
0.25,0.02,0.01,628.0,501,9,0.9831215379602476,0.8155426548845265
0.40000000000000013,0.30000000000000004,0.02,628.0,309,27,0.9615292712066905,0.8772567061459807
0.40000000000000013,0.3500000000000001,0.02,628.0,309,27,0.9615292712066905,0.8772567061459807
0.40000000000000013,0.02,0.02,630.0,451,13,0.9763440860215055,0.8304236474432924
0.45000000000000007,0.40000000000000013,0.30000000000000004,630.0,127,51,0.9417182578472901,0.9166630753941171
0.45000000000000007,0.40000000000000013,0.3500000000000001,630.0,127,51,0.9417182578472901,0.9166630753941171
0.40000000000000013,0.04,0.01,631.0,459,12,0.9770609318996416,0.8326371919926364
0.5000000000000001,0.25,0.25,631.0,150,46,0.9418579031482257,0.9065435835541349
0.45000000000000007,0.05,0.01,632.0,430,14,0.9730205278592375,0.842525368074198
0.45000000000000007,0.060000000000000005,0.01,632.0,430,14,0.9730205278592375,0.842525368074198
0.45000000000000007,0.06999999999999999,0.01,632.0,430,14,0.9730205278592375,0.842525368074198
0.45000000000000007,0.08,0.01,632.0,430,14,0.9730205278592375,0.842525368074198
0.45000000000000007,0.09,0.01,632.0,430,14,0.9730205278592375,0.842525368074198
0.45000000000000007,0.09999999999999999,0.01,632.0,430,14,0.9730205278592375,0.842525368074198
0.45000000000000007,0.30000000000000004,0.30000000000000004,632.0,129,51,0.9417182578472901,0.9157361293656266
0.45000000000000007,0.3500000000000001,0.30000000000000004,632.0,129,51,0.9417182578472901,0.9157361293656266
0.45000000000000007,0.3500000000000001,0.3500000000000001,632.0,129,51,0.9417182578472901,0.9157361293656266
0.5500000000000002,0.15,0.03,633.0,262,28,0.9521544166705457,0.8816409702293838
0.5500000000000002,0.2,0.03,633.0,262,28,0.9521544166705457,0.8816409702293838
0.5500000000000002,0.25,0.03,633.0,262,28,0.9521544166705457,0.8816409702293838
0.3500000000000001,0.30000000000000004,0.01,634.0,352,24,0.9662865211252308,0.8676728431000008
0.3500000000000001,0.3500000000000001,0.01,634.0,352,24,0.9662865211252308,0.8676728431000008
0.5500000000000002,0.15,0.05,635.0,257,29,0.9514375707924095,0.8825257931082376
0.5500000000000002,0.15,0.060000000000000005,635.0,257,29,0.9514375707924095,0.8825257931082376
0.5500000000000002,0.2,0.05,635.0,257,29,0.9514375707924095,0.8825257931082376
0.5500000000000002,0.2,0.060000000000000005,635.0,257,29,0.9514375707924095,0.8825257931082376
0.5500000000000002,0.25,0.05,635.0,257,29,0.9514375707924095,0.8825257931082376
0.5500000000000002,0.25,0.060000000000000005,635.0,257,29,0.9514375707924095,0.8825257931082376
0.5000000000000001,0.40000000000000013,0.08,635.0,183,38,0.9445204735527316,0.9022840622995703
0.5000000000000001,0.40000000000000013,0.09,635.0,183,38,0.9445204735527316,0.9022840622995703
0.5000000000000001,0.40000000000000013,0.09999999999999999,635.0,183,38,0.9445204735527316,0.9022840622995703
0.3500000000000001,0.02,0.01,636.0,494,10,0.9811013359400457,0.8208397843973124
0.5500000000000002,0.15,0.04,637.0,259,29,0.9514375707924095,0.8820304916230047
0.5500000000000002,0.2,0.04,637.0,259,29,0.9514375707924095,0.8820304916230047
0.5500000000000002,0.25,0.04,637.0,259,29,0.9514375707924095,0.8820304916230047
0.5000000000000001,0.30000000000000004,0.08,637.0,185,38,0.9445204735527316,0.9013571162710797
0.5000000000000001,0.30000000000000004,0.09,637.0,185,38,0.9445204735527316,0.9013571162710797
0.5000000000000001,0.30000000000000004,0.09999999999999999,637.0,185,38,0.9445204735527316,0.9013571162710797
0.5000000000000001,0.3500000000000001,0.08,637.0,185,38,0.9445204735527316,0.9013571162710797
0.5000000000000001,0.3500000000000001,0.09,637.0,185,38,0.9445204735527316,0.9013571162710797
0.5000000000000001,0.3500000000000001,0.09999999999999999,637.0,185,38,0.9445204735527316,0.9013571162710797
0.5000000000000001,0.40000000000000013,0.06999999999999999,638.0,186,38,0.9445204735527316,0.9014693513533341
0.45000000000000007,0.03,0.02,640.0,431,15,0.9723036819811014,0.8366132945811309
0.30000000000000004,0.30000000000000004,0.01,640.0,358,24,0.9662865211252308,0.8622104191493727
0.5000000000000001,0.30000000000000004,0.06999999999999999,640.0,188,38,0.9445204735527316,0.9005424053248435
0.5000000000000001,0.3500000000000001,0.06999999999999999,640.0,188,38,0.9445204735527316,0.9005424053248435
0.01,0.01,0.01,641.0,634,1,0.9992831541218639,0.7455500007839834
0.30000000000000004,0.02,0.01,642.0,500,10,0.9811013359400457,0.8153773604466844
0.5000000000000001,0.40000000000000013,0.15,642.0,141,45,0.9395025524057782,0.9116595483057041
0.5000000000000001,0.40000000000000013,0.2,642.0,141,45,0.9395025524057782,0.9116595483057041
0.5000000000000001,0.04,0.03,643.0,352,21,0.961485826001955,0.8512789986245902
0.6000000000000002,0.15,0.08,643.0,206,34,0.943943272975531,0.8916149569143826
0.6000000000000002,0.15,0.09,643.0,206,34,0.943943272975531,0.8916149569143826
0.6000000000000002,0.15,0.09999999999999999,643.0,206,34,0.943943272975531,0.8916149569143826
0.6000000000000002,0.2,0.08,643.0,206,34,0.943943272975531,0.8916149569143826
0.6000000000000002,0.2,0.09,643.0,206,34,0.943943272975531,0.8916149569143826
0.6000000000000002,0.2,0.09999999999999999,643.0,206,34,0.943943272975531,0.8916149569143826
0.6000000000000002,0.25,0.08,643.0,206,34,0.943943272975531,0.8916149569143826
0.6000000000000002,0.25,0.09,643.0,206,34,0.943943272975531,0.8916149569143826
0.6000000000000002,0.25,0.09999999999999999,643.0,206,34,0.943943272975531,0.8916149569143826
0.5000000000000001,0.30000000000000004,0.15,644.0,143,45,0.9395025524057782,0.9107326022772134
0.5000000000000001,0.30000000000000004,0.2,644.0,143,45,0.9395025524057782,0.9107326022772134
0.5000000000000001,0.3500000000000001,0.15,644.0,143,45,0.9395025524057782,0.9107326022772134
0.5000000000000001,0.3500000000000001,0.2,644.0,143,45,0.9395025524057782,0.9107326022772134
0.40000000000000013,0.03,0.01,645.0,473,12,0.9770609318996416,0.8279379438723357
0.5500000000000002,0.05,0.03,646.0,325,23,0.957445421961551,0.8591689168980898
0.5500000000000002,0.060000000000000005,0.03,646.0,325,23,0.957445421961551,0.8591689168980898
0.5500000000000002,0.06999999999999999,0.03,646.0,325,23,0.957445421961551,0.8591689168980898
0.5500000000000002,0.08,0.03,646.0,325,23,0.957445421961551,0.8591689168980898
0.5500000000000002,0.09,0.03,646.0,325,23,0.957445421961551,0.8591689168980898
0.5500000000000002,0.09999999999999999,0.03,646.0,325,23,0.957445421961551,0.8591689168980898
0.6000000000000002,0.15,0.06999999999999999,646.0,209,34,0.943943272975531,0.8908002459681464
0.6000000000000002,0.2,0.06999999999999999,646.0,209,34,0.943943272975531,0.8908002459681464
0.6000000000000002,0.25,0.06999999999999999,646.0,209,34,0.943943272975531,0.8908002459681464
0.5000000000000001,0.04,0.04,647.0,349,22,0.9607689801238188,0.8516685200182113
0.5500000000000002,0.05,0.05,648.0,320,24,0.9567285760834148,0.8600537397769438
0.5500000000000002,0.060000000000000005,0.05,648.0,320,24,0.9567285760834148,0.8600537397769438
0.5500000000000002,0.060000000000000005,0.060000000000000005,648.0,320,24,0.9567285760834148,0.8600537397769438
0.5500000000000002,0.06999999999999999,0.05,648.0,320,24,0.9567285760834148,0.8600537397769438
0.5500000000000002,0.06999999999999999,0.060000000000000005,648.0,320,24,0.9567285760834148,0.8600537397769438
0.5500000000000002,0.08,0.05,648.0,320,24,0.9567285760834148,0.8600537397769438
0.5500000000000002,0.08,0.060000000000000005,648.0,320,24,0.9567285760834148,0.8600537397769438
0.5500000000000002,0.09,0.05,648.0,320,24,0.9567285760834148,0.8600537397769438
0.5500000000000002,0.09,0.060000000000000005,648.0,320,24,0.9567285760834148,0.8600537397769438
0.5500000000000002,0.09999999999999999,0.05,648.0,320,24,0.9567285760834148,0.8600537397769438
0.5500000000000002,0.09999999999999999,0.060000000000000005,648.0,320,24,0.9567285760834148,0.8600537397769438
0.5500000000000002,0.05,0.04,650.0,322,24,0.9567285760834148,0.8595584382917109
0.5500000000000002,0.060000000000000005,0.04,650.0,322,24,0.9567285760834148,0.8595584382917109
0.5500000000000002,0.06999999999999999,0.04,650.0,322,24,0.9567285760834148,0.8595584382917109
0.5500000000000002,0.08,0.04,650.0,322,24,0.9567285760834148,0.8595584382917109
0.5500000000000002,0.09,0.04,650.0,322,24,0.9567285760834148,0.8595584382917109
0.5500000000000002,0.09999999999999999,0.04,650.0,322,24,0.9567285760834148,0.8595584382917109
0.6000000000000002,0.15,0.15,650.0,164,41,0.9389253518285776,0.9009904429205164
0.6000000000000002,0.2,0.15,650.0,164,41,0.9389253518285776,0.9009904429205164
0.6000000000000002,0.2,0.2,650.0,164,41,0.9389253518285776,0.9009904429205164
0.6000000000000002,0.25,0.15,650.0,164,41,0.9389253518285776,0.9009904429205164
0.6000000000000002,0.25,0.2,650.0,164,41,0.9389253518285776,0.9009904429205164
0.45000000000000007,0.40000000000000013,0.02,653.0,304,29,0.9574888671662866,0.8788841162319092
0.45000000000000007,0.30000000000000004,0.02,655.0,306,29,0.9574888671662866,0.8779571702034188
0.45000000000000007,0.3500000000000001,0.02,655.0,306,29,0.9574888671662866,0.8779571702034188
0.6000000000000002,0.08,0.08,656.0,269,29,0.9492342782665363,0.8691429035830888
0.6000000000000002,0.09,0.08,656.0,269,29,0.9492342782665363,0.8691429035830888
0.6000000000000002,0.09,0.09,656.0,269,29,0.9492342782665363,0.8691429035830888
0.6000000000000002,0.09999999999999999,0.08,656.0,269,29,0.9492342782665363,0.8691429035830888
0.6000000000000002,0.09999999999999999,0.09,656.0,269,29,0.9492342782665363,0.8691429035830888
0.6000000000000002,0.09999999999999999,0.09999999999999999,656.0,269,29,0.9492342782665363,0.8691429035830888
0.45000000000000007,0.02,0.02,657.0,448,15,0.9723036819811014,0.8311241115007304
0.5000000000000001,0.03,0.03,657.0,366,21,0.961485826001955,0.8465797505042895
0.2,0.01,0.01,658.0,546,8,0.9851417399804495,0.7990081962451684
0.45000000000000007,0.04,0.01,658.0,456,14,0.9730205278592375,0.8333376560500744
0.40000000000000013,0.40000000000000013,0.01,658.0,346,26,0.9622461170848267,0.870208765523114
0.6000000000000002,0.06999999999999999,0.06999999999999999,659.0,272,29,0.9492342782665363,0.8683281926368526
0.6000000000000002,0.08,0.06999999999999999,659.0,272,29,0.9492342782665363,0.8683281926368526
0.6000000000000002,0.09,0.06999999999999999,659.0,272,29,0.9492342782665363,0.8683281926368526
0.6000000000000002,0.09999999999999999,0.06999999999999999,659.0,272,29,0.9492342782665363,0.8683281926368526
0.40000000000000013,0.30000000000000004,0.01,660.0,348,26,0.9622461170848267,0.8692818194946234
0.40000000000000013,0.3500000000000001,0.01,660.0,348,26,0.9622461170848267,0.8692818194946234
0.5500000000000002,0.25,0.25,660.0,149,48,0.9378174991078216,0.9052457898035109
0.5000000000000001,0.15,0.02,661.0,327,25,0.9569116665890859,0.8683912070396894
0.5000000000000001,0.2,0.02,661.0,327,25,0.9569116665890859,0.8683912070396894
0.5000000000000001,0.25,0.02,661.0,327,25,0.9569116665890859,0.8683912070396894
0.40000000000000013,0.02,0.01,662.0,490,12,0.9770609318996416,0.8224487607919352
0.40000000000000013,0.40000000000000013,0.40000000000000013,662.0,112,60,0.937873357228196,0.9173459839623259
0.5500000000000002,0.40000000000000013,0.08,664.0,182,40,0.9404800695123275,0.9009862685489463
0.5500000000000002,0.40000000000000013,0.09,664.0,182,40,0.9404800695123275,0.9009862685489463
0.5500000000000002,0.40000000000000013,0.09999999999999999,664.0,182,40,0.9404800695123275,0.9009862685489463
0.25,0.01,0.01,666.0,539,9,0.9831215379602476,0.8040638611647789
0.5500000000000002,0.30000000000000004,0.08,666.0,184,40,0.9404800695123275,0.9000593225204557
0.5500000000000002,0.30000000000000004,0.09,666.0,184,40,0.9404800695123275,0.9000593225204557
0.5500000000000002,0.30000000000000004,0.09999999999999999,666.0,184,40,0.9404800695123275,0.9000593225204557
0.5500000000000002,0.3500000000000001,0.08,666.0,184,40,0.9404800695123275,0.9000593225204557
0.5500000000000002,0.3500000000000001,0.09,666.0,184,40,0.9404800695123275,0.9000593225204557
0.5500000000000002,0.3500000000000001,0.09999999999999999,666.0,184,40,0.9404800695123275,0.9000593225204557
0.5500000000000002,0.40000000000000013,0.06999999999999999,667.0,185,40,0.9404800695123275,0.9001715576027101
0.5500000000000002,0.30000000000000004,0.06999999999999999,669.0,187,40,0.9404800695123275,0.8992446115742195
0.5500000000000002,0.3500000000000001,0.06999999999999999,669.0,187,40,0.9404800695123275,0.8992446115742195
0.5000000000000001,0.40000000000000013,0.03,670.0,239,35,0.9466710111871403,0.8888505721550679
0.5500000000000002,0.40000000000000013,0.15,671.0,140,47,0.9354621483653741,0.9103617545550801
0.5500000000000002,0.40000000000000013,0.2,671.0,140,47,0.9354621483653741,0.9103617545550801
0.45000000000000007,0.03,0.01,672.0,470,14,0.9730205278592375,0.8286384079297736
0.5500000000000002,0.04,0.03,672.0,351,23,0.957445421961551,0.8499812048739663
0.5000000000000001,0.30000000000000004,0.03,672.0,241,35,0.9466710111871403,0.8879236261265774
0.5000000000000001,0.3500000000000001,0.03,672.0,241,35,0.9466710111871403,0.8879236261265774
0.5000000000000001,0.40000000000000013,0.05,672.0,234,36,0.9459541653090039,0.8897353950339218
0.5000000000000001,0.40000000000000013,0.060000000000000005,672.0,234,36,0.9459541653090039,0.8897353950339218
0.5500000000000002,0.30000000000000004,0.15,673.0,142,47,0.9354621483653741,0.9094348085265894
0.5500000000000002,0.30000000000000004,0.2,673.0,142,47,0.9354621483653741,0.9094348085265894
0.5500000000000002,0.3500000000000001,0.15,673.0,142,47,0.9354621483653741,0.9094348085265894
0.5500000000000002,0.3500000000000001,0.2,673.0,142,47,0.9354621483653741,0.9094348085265894
0.3500000000000001,0.01,0.01,674.0,532,10,0.9811013359400457,0.8093609906775647
0.5000000000000001,0.05,0.02,674.0,390,20,0.9622026718800912,0.8459191537083955
0.5000000000000001,0.060000000000000005,0.02,674.0,390,20,0.9622026718800912,0.8459191537083955
0.5000000000000001,0.06999999999999999,0.02,674.0,390,20,0.9622026718800912,0.8459191537083955
0.5000000000000001,0.08,0.02,674.0,390,20,0.9622026718800912,0.8459191537083955
0.5000000000000001,0.09,0.02,674.0,390,20,0.9622026718800912,0.8459191537083955
0.5000000000000001,0.09999999999999999,0.02,674.0,390,20,0.9622026718800912,0.8459191537083955
0.5000000000000001,0.40000000000000013,0.04,674.0,236,36,0.9459541653090039,0.8892400935486888
0.5000000000000001,0.30000000000000004,0.05,674.0,236,36,0.9459541653090039,0.8888084490054312
0.5000000000000001,0.30000000000000004,0.060000000000000005,674.0,236,36,0.9459541653090039,0.8888084490054312
0.5000000000000001,0.3500000000000001,0.05,674.0,236,36,0.9459541653090039,0.8888084490054312
0.5000000000000001,0.3500000000000001,0.060000000000000005,674.0,236,36,0.9459541653090039,0.8888084490054312
0.5500000000000002,0.04,0.04,676.0,348,24,0.9567285760834148,0.8503707262675873
0.5000000000000001,0.30000000000000004,0.04,676.0,238,36,0.9459541653090039,0.8883131475201983
0.5000000000000001,0.3500000000000001,0.04,676.0,238,36,0.9459541653090039,0.8883131475201983
0.6000000000000002,0.15,0.03,678.0,262,31,0.9460938106099396,0.8781814667698803
0.6000000000000002,0.2,0.03,678.0,262,31,0.9460938106099396,0.8781814667698803
0.6000000000000002,0.25,0.03,678.0,262,31,0.9460938106099396,0.8781814667698803
0.30000000000000004,0.01,0.01,680.0,538,10,0.9811013359400457,0.8038985667269367
0.6000000000000002,0.15,0.05,680.0,257,32,0.9453769647318033,0.8790662896487342
0.6000000000000002,0.15,0.060000000000000005,680.0,257,32,0.9453769647318033,0.8790662896487342
0.6000000000000002,0.2,0.05,680.0,257,32,0.9453769647318033,0.8790662896487342
0.6000000000000002,0.2,0.060000000000000005,680.0,257,32,0.9453769647318033,0.8790662896487342
0.6000000000000002,0.25,0.05,680.0,257,32,0.9453769647318033,0.8790662896487342
0.6000000000000002,0.25,0.060000000000000005,680.0,257,32,0.9453769647318033,0.8790662896487342
0.6000000000000002,0.15,0.04,682.0,259,32,0.9453769647318033,0.8785709881635012
0.6000000000000002,0.2,0.04,682.0,259,32,0.9453769647318033,0.8785709881635012
0.6000000000000002,0.25,0.04,682.0,259,32,0.9453769647318033,0.8785709881635012
0.45000000000000007,0.40000000000000013,0.01,685.0,343,28,0.9582057130444227,0.870909229580552
0.5500000000000002,0.03,0.03,686.0,365,23,0.957445421961551,0.8452819567536656
0.45000000000000007,0.30000000000000004,0.01,687.0,345,28,0.9582057130444227,0.8699822835520615
0.45000000000000007,0.3500000000000001,0.01,687.0,345,28,0.9582057130444227,0.8699822835520615
0.6500000000000002,0.15,0.08,687.0,205,37,0.9378826669149248,0.8890619543613801
0.6500000000000002,0.15,0.09,687.0,205,37,0.9378826669149248,0.8890619543613801
0.6500000000000002,0.15,0.09999999999999999,687.0,205,37,0.9378826669149248,0.8890619543613801
0.6500000000000002,0.2,0.08,687.0,205,37,0.9378826669149248,0.8890619543613801
0.6500000000000002,0.2,0.09,687.0,205,37,0.9378826669149248,0.8890619543613801
0.6500000000000002,0.2,0.09999999999999999,687.0,205,37,0.9378826669149248,0.8890619543613801
0.6500000000000002,0.25,0.08,687.0,205,37,0.9378826669149248,0.8890619543613801
0.6500000000000002,0.25,0.09,687.0,205,37,0.9378826669149248,0.8890619543613801
0.6500000000000002,0.25,0.09999999999999999,687.0,205,37,0.9378826669149248,0.8890619543613801
0.45000000000000007,0.02,0.01,689.0,487,14,0.9730205278592375,0.8231492248493731
0.45000000000000007,0.40000000000000013,0.40000000000000013,689.0,109,62,0.9338329531877919,0.9180464480197639
0.5500000000000002,0.15,0.02,690.0,326,27,0.9528712625486819,0.8670934132890654
0.5500000000000002,0.2,0.02,690.0,326,27,0.9528712625486819,0.8670934132890654
0.5500000000000002,0.25,0.02,690.0,326,27,0.9528712625486819,0.8670934132890654
0.6500000000000002,0.15,0.06999999999999999,690.0,208,37,0.9378826669149248,0.8882472434151439
0.6500000000000002,0.2,0.06999999999999999,690.0,208,37,0.9378826669149248,0.8882472434151439
0.6500000000000002,0.25,0.06999999999999999,690.0,208,37,0.9378826669149248,0.8882472434151439
0.6000000000000002,0.05,0.03,691.0,325,26,0.9513848159009449,0.8557094134385864
0.6000000000000002,0.060000000000000005,0.03,691.0,325,26,0.9513848159009449,0.8557094134385864
0.6000000000000002,0.06999999999999999,0.03,691.0,325,26,0.9513848159009449,0.8557094134385864
0.6000000000000002,0.08,0.03,691.0,325,26,0.9513848159009449,0.8557094134385864
0.6000000000000002,0.09,0.03,691.0,325,26,0.9513848159009449,0.8557094134385864
0.6000000000000002,0.09999999999999999,0.03,691.0,325,26,0.9513848159009449,0.8557094134385864
0.5000000000000001,0.15,0.01,693.0,366,24,0.9576285124672221,0.8604163203883322
0.5000000000000001,0.2,0.01,693.0,366,24,0.9576285124672221,0.8604163203883322
0.5000000000000001,0.25,0.01,693.0,366,24,0.9576285124672221,0.8604163203883322
0.6000000000000002,0.05,0.05,693.0,320,27,0.9506679700228088,0.8565942363174402
0.6000000000000002,0.060000000000000005,0.05,693.0,320,27,0.9506679700228088,0.8565942363174402
0.6000000000000002,0.060000000000000005,0.060000000000000005,693.0,320,27,0.9506679700228088,0.8565942363174402
0.6000000000000002,0.06999999999999999,0.05,693.0,320,27,0.9506679700228088,0.8565942363174402
0.6000000000000002,0.06999999999999999,0.060000000000000005,693.0,320,27,0.9506679700228088,0.8565942363174402
0.6000000000000002,0.08,0.05,693.0,320,27,0.9506679700228088,0.8565942363174402
0.6000000000000002,0.08,0.060000000000000005,693.0,320,27,0.9506679700228088,0.8565942363174402
0.6000000000000002,0.09,0.05,693.0,320,27,0.9506679700228088,0.8565942363174402
0.6000000000000002,0.09,0.060000000000000005,693.0,320,27,0.9506679700228088,0.8565942363174402
0.6000000000000002,0.09999999999999999,0.05,693.0,320,27,0.9506679700228088,0.8565942363174402
0.6000000000000002,0.09999999999999999,0.060000000000000005,693.0,320,27,0.9506679700228088,0.8565942363174402
0.6500000000000002,0.15,0.15,694.0,163,44,0.9328647457679716,0.8984374403675139
0.6500000000000002,0.2,0.15,694.0,163,44,0.9328647457679716,0.8984374403675139
0.6500000000000002,0.2,0.2,694.0,163,44,0.9328647457679716,0.8984374403675139
0.6500000000000002,0.25,0.15,694.0,163,44,0.9328647457679716,0.8984374403675139
0.6500000000000002,0.25,0.2,694.0,163,44,0.9328647457679716,0.8984374403675139
0.6000000000000002,0.05,0.04,695.0,322,27,0.9506679700228088,0.8560989348322074
0.6000000000000002,0.060000000000000005,0.04,695.0,322,27,0.9506679700228088,0.8560989348322074
0.6000000000000002,0.06999999999999999,0.04,695.0,322,27,0.9506679700228088,0.8560989348322074
0.6000000000000002,0.08,0.04,695.0,322,27,0.9506679700228088,0.8560989348322074
0.6000000000000002,0.09,0.04,695.0,322,27,0.9506679700228088,0.8560989348322074
0.6000000000000002,0.09999999999999999,0.04,695.0,322,27,0.9506679700228088,0.8560989348322074
0.5000000000000001,0.40000000000000013,0.25,697.0,126,55,0.9323340936244162,0.912455391729195
0.5500000000000002,0.40000000000000013,0.03,699.0,238,37,0.9426306071467362,0.8875527784044439
0.5000000000000001,0.30000000000000004,0.25,699.0,128,55,0.9323340936244162,0.9115284457007045
0.5000000000000001,0.3500000000000001,0.25,699.0,128,55,0.9323340936244162,0.9115284457007045
0.40000000000000013,0.01,0.01,700.0,528,12,0.9770609318996416,0.8109699670721874
0.5000000000000001,0.04,0.02,700.0,416,20,0.9622026718800912,0.8367314416842718
0.6500000000000002,0.08,0.08,700.0,268,32,0.9431736722059302,0.8665899010300863
0.6500000000000002,0.09,0.08,700.0,268,32,0.9431736722059302,0.8665899010300863
0.6500000000000002,0.09,0.09,700.0,268,32,0.9431736722059302,0.8665899010300863
0.6500000000000002,0.09999999999999999,0.08,700.0,268,32,0.9431736722059302,0.8665899010300863
0.6500000000000002,0.09999999999999999,0.09,700.0,268,32,0.9431736722059302,0.8665899010300863
0.6500000000000002,0.09999999999999999,0.09999999999999999,700.0,268,32,0.9431736722059302,0.8665899010300863
0.5500000000000002,0.30000000000000004,0.03,701.0,240,37,0.9426306071467362,0.8866258323759534
0.5500000000000002,0.3500000000000001,0.03,701.0,240,37,0.9426306071467362,0.8866258323759534
0.5500000000000002,0.40000000000000013,0.05,701.0,233,38,0.9419137612686,0.8884376012832979
0.5500000000000002,0.40000000000000013,0.060000000000000005,701.0,233,38,0.9419137612686,0.8884376012832979
0.5500000000000002,0.05,0.02,703.0,389,22,0.9581622678396872,0.8446213599577715
0.5500000000000002,0.060000000000000005,0.02,703.0,389,22,0.9581622678396872,0.8446213599577715
0.5500000000000002,0.06999999999999999,0.02,703.0,389,22,0.9581622678396872,0.8446213599577715
0.5500000000000002,0.08,0.02,703.0,389,22,0.9581622678396872,0.8446213599577715
0.5500000000000002,0.09,0.02,703.0,389,22,0.9581622678396872,0.8446213599577715
0.5500000000000002,0.09999999999999999,0.02,703.0,389,22,0.9581622678396872,0.8446213599577715
0.6500000000000002,0.06999999999999999,0.06999999999999999,703.0,271,32,0.9431736722059302,0.8657751900838501
0.6500000000000002,0.08,0.06999999999999999,703.0,271,32,0.9431736722059302,0.8657751900838501
0.6500000000000002,0.09,0.06999999999999999,703.0,271,32,0.9431736722059302,0.8657751900838501
0.6500000000000002,0.09999999999999999,0.06999999999999999,703.0,271,32,0.9431736722059302,0.8657751900838501
0.5500000000000002,0.40000000000000013,0.04,703.0,235,38,0.9419137612686,0.8879422997980648
0.5500000000000002,0.30000000000000004,0.05,703.0,235,38,0.9419137612686,0.8875106552548072
0.5500000000000002,0.30000000000000004,0.060000000000000005,703.0,235,38,0.9419137612686,0.8875106552548072
0.5500000000000002,0.3500000000000001,0.05,703.0,235,38,0.9419137612686,0.8875106552548072
0.5500000000000002,0.3500000000000001,0.060000000000000005,703.0,235,38,0.9419137612686,0.8875106552548072
0.5000000000000001,0.40000000000000013,0.30000000000000004,704.0,126,56,0.93161724774628,0.9120819743769575
0.5000000000000001,0.40000000000000013,0.3500000000000001,704.0,126,56,0.93161724774628,0.9120819743769575
0.5500000000000002,0.30000000000000004,0.04,705.0,237,38,0.9419137612686,0.8870153537695744
0.5500000000000002,0.3500000000000001,0.04,705.0,237,38,0.9419137612686,0.8870153537695744
0.6000000000000002,0.25,0.25,705.0,149,51,0.9317568930472157,0.9017862863440075
0.5000000000000001,0.05,0.01,706.0,429,19,0.9629195177582274,0.8379442670570382
0.5000000000000001,0.060000000000000005,0.01,706.0,429,19,0.9629195177582274,0.8379442670570382
0.5000000000000001,0.06999999999999999,0.01,706.0,429,19,0.9629195177582274,0.8379442670570382
0.5000000000000001,0.08,0.01,706.0,429,19,0.9629195177582274,0.8379442670570382
0.5000000000000001,0.09,0.01,706.0,429,19,0.9629195177582274,0.8379442670570382
0.5000000000000001,0.09999999999999999,0.01,706.0,429,19,0.9629195177582274,0.8379442670570382
0.5000000000000001,0.30000000000000004,0.30000000000000004,706.0,128,56,0.93161724774628,0.911155028348467
0.5000000000000001,0.3500000000000001,0.30000000000000004,706.0,128,56,0.93161724774628,0.911155028348467
0.5000000000000001,0.3500000000000001,0.3500000000000001,706.0,128,56,0.93161724774628,0.911155028348467
0.6000000000000002,0.40000000000000013,0.08,709.0,182,43,0.9344194634517216,0.8975267650894428
0.6000000000000002,0.40000000000000013,0.09,709.0,182,43,0.9344194634517216,0.8975267650894428
0.6000000000000002,0.40000000000000013,0.09999999999999999,709.0,182,43,0.9344194634517216,0.8975267650894428
0.6000000000000002,0.30000000000000004,0.08,711.0,184,43,0.9344194634517216,0.8965998190609522
0.6000000000000002,0.30000000000000004,0.09,711.0,184,43,0.9344194634517216,0.8965998190609522
0.6000000000000002,0.30000000000000004,0.09999999999999999,711.0,184,43,0.9344194634517216,0.8965998190609522
0.6000000000000002,0.3500000000000001,0.08,711.0,184,43,0.9344194634517216,0.8965998190609522
0.6000000000000002,0.3500000000000001,0.09,711.0,184,43,0.9344194634517216,0.8965998190609522
0.6000000000000002,0.3500000000000001,0.09999999999999999,711.0,184,43,0.9344194634517216,0.8965998190609522
0.6000000000000002,0.40000000000000013,0.06999999999999999,712.0,185,43,0.9344194634517216,0.8967120541432066
0.5000000000000001,0.03,0.02,714.0,430,20,0.9622026718800912,0.8320321935639711
0.6000000000000002,0.30000000000000004,0.06999999999999999,714.0,187,43,0.9344194634517216,0.895785108114716
0.6000000000000002,0.3500000000000001,0.06999999999999999,714.0,187,43,0.9344194634517216,0.895785108114716
0.6000000000000002,0.40000000000000013,0.15,716.0,140,50,0.9294015423047681,0.9069022510955765
0.6000000000000002,0.40000000000000013,0.2,716.0,140,50,0.9294015423047681,0.9069022510955765
0.6000000000000002,0.04,0.03,717.0,351,26,0.9513848159009449,0.8465217014144629
0.6000000000000002,0.30000000000000004,0.15,718.0,142,50,0.9294015423047681,0.905975305067086
0.6000000000000002,0.30000000000000004,0.2,718.0,142,50,0.9294015423047681,0.905975305067086
0.6000000000000002,0.3500000000000001,0.15,718.0,142,50,0.9294015423047681,0.905975305067086
0.6000000000000002,0.3500000000000001,0.2,718.0,142,50,0.9294015423047681,0.905975305067086
0.6000000000000002,0.04,0.04,721.0,348,27,0.9506679700228088,0.8469112228080838
0.5500000000000002,0.15,0.01,722.0,365,26,0.9535881084268181,0.8591185266377082
0.5500000000000002,0.2,0.01,722.0,365,26,0.9535881084268181,0.8591185266377082
0.5500000000000002,0.25,0.01,722.0,365,26,0.9535881084268181,0.8591185266377082
0.6500000000000002,0.15,0.03,722.0,261,34,0.9400332045493336,0.8756284642168778
0.6500000000000002,0.2,0.03,722.0,261,34,0.9400332045493336,0.8756284642168778
0.6500000000000002,0.25,0.03,722.0,261,34,0.9400332045493336,0.8756284642168778
0.6500000000000002,0.15,0.05,724.0,256,35,0.9393163586711974,0.8765132870957317
0.6500000000000002,0.15,0.060000000000000005,724.0,256,35,0.9393163586711974,0.8765132870957317
0.6500000000000002,0.2,0.05,724.0,256,35,0.9393163586711974,0.8765132870957317
0.6500000000000002,0.2,0.060000000000000005,724.0,256,35,0.9393163586711974,0.8765132870957317
0.6500000000000002,0.25,0.05,724.0,256,35,0.9393163586711974,0.8765132870957317
0.6500000000000002,0.25,0.060000000000000005,724.0,256,35,0.9393163586711974,0.8765132870957317
0.6500000000000002,0.15,0.04,726.0,258,35,0.9393163586711974,0.8760179856104987
0.6500000000000002,0.2,0.04,726.0,258,35,0.9393163586711974,0.8760179856104987
0.6500000000000002,0.25,0.04,726.0,258,35,0.9393163586711974,0.8760179856104987
0.5500000000000002,0.40000000000000013,0.25,726.0,125,57,0.9282936895840121,0.911157597978571
0.45000000000000007,0.01,0.01,727.0,525,14,0.9730205278592375,0.8116704311296256
0.5000000000000001,0.40000000000000013,0.02,727.0,303,34,0.9473878570652764,0.8743030152147496
0.5500000000000002,0.30000000000000004,0.25,728.0,127,57,0.9282936895840121,0.9102306519500806
0.5500000000000002,0.3500000000000001,0.25,728.0,127,57,0.9282936895840121,0.9102306519500806
0.5500000000000002,0.04,0.02,729.0,415,22,0.9581622678396872,0.835433647933648
0.5000000000000001,0.30000000000000004,0.02,729.0,305,34,0.9473878570652764,0.873376069186259
0.5000000000000001,0.3500000000000001,0.02,729.0,305,34,0.9473878570652764,0.873376069186259
0.7000000000000002,0.15,0.08,730.0,203,40,0.931822060854319,0.8874260764878784
0.7000000000000002,0.15,0.09,730.0,203,40,0.931822060854319,0.8874260764878784
0.7000000000000002,0.15,0.09999999999999999,730.0,203,40,0.931822060854319,0.8874260764878784
0.7000000000000002,0.2,0.08,730.0,203,40,0.931822060854319,0.8874260764878784
0.7000000000000002,0.2,0.09,730.0,203,40,0.931822060854319,0.8874260764878784
0.7000000000000002,0.2,0.09999999999999999,730.0,203,40,0.931822060854319,0.8874260764878784
0.7000000000000002,0.25,0.08,730.0,203,40,0.931822060854319,0.8874260764878784
0.7000000000000002,0.25,0.09,730.0,203,40,0.931822060854319,0.8874260764878784
0.7000000000000002,0.25,0.09999999999999999,730.0,203,40,0.931822060854319,0.8874260764878784
0.5000000000000001,0.02,0.02,731.0,447,20,0.9622026718800912,0.8265430104835708
0.6000000000000002,0.03,0.03,731.0,365,26,0.9513848159009449,0.8418224532941622
0.5000000000000001,0.04,0.01,732.0,455,19,0.9629195177582274,0.8287565550329147
0.45000000000000007,0.45000000000000007,0.08,733.0,156,53,0.9334574624897206,0.9090445476406583
0.45000000000000007,0.45000000000000007,0.09,733.0,156,53,0.9334574624897206,0.9090445476406583
0.45000000000000007,0.45000000000000007,0.09999999999999999,733.0,156,53,0.9334574624897206,0.9090445476406583
0.7000000000000002,0.15,0.06999999999999999,733.0,206,40,0.931822060854319,0.8866113655416422
0.7000000000000002,0.2,0.06999999999999999,733.0,206,40,0.931822060854319,0.8866113655416422
0.7000000000000002,0.25,0.06999999999999999,733.0,206,40,0.931822060854319,0.8866113655416422
0.5500000000000002,0.40000000000000013,0.30000000000000004,733.0,125,58,0.927576843705876,0.9107841806263335
0.5500000000000002,0.40000000000000013,0.3500000000000001,733.0,125,58,0.927576843705876,0.9107841806263335
0.5500000000000002,0.05,0.01,735.0,428,21,0.9588791137178235,0.8366464733064142
0.5500000000000002,0.060000000000000005,0.01,735.0,428,21,0.9588791137178235,0.8366464733064142
0.5500000000000002,0.06999999999999999,0.01,735.0,428,21,0.9588791137178235,0.8366464733064142
0.5500000000000002,0.08,0.01,735.0,428,21,0.9588791137178235,0.8366464733064142
0.5500000000000002,0.09,0.01,735.0,428,21,0.9588791137178235,0.8366464733064142
0.5500000000000002,0.09999999999999999,0.01,735.0,428,21,0.9588791137178235,0.8366464733064142
0.6000000000000002,0.15,0.02,735.0,326,30,0.9468106564880757,0.863633909829562
0.6000000000000002,0.2,0.02,735.0,326,30,0.9468106564880757,0.863633909829562
0.6000000000000002,0.25,0.02,735.0,326,30,0.9468106564880757,0.863633909829562
0.6500000000000002,0.05,0.03,735.0,324,29,0.9453242098403388,0.8531564108855839
0.6500000000000002,0.060000000000000005,0.03,735.0,324,29,0.9453242098403388,0.8531564108855839
0.6500000000000002,0.06999999999999999,0.03,735.0,324,29,0.9453242098403388,0.8531564108855839
0.6500000000000002,0.08,0.03,735.0,324,29,0.9453242098403388,0.8531564108855839
0.6500000000000002,0.09,0.03,735.0,324,29,0.9453242098403388,0.8531564108855839
0.6500000000000002,0.09999999999999999,0.03,735.0,324,29,0.9453242098403388,0.8531564108855839
0.5500000000000002,0.30000000000000004,0.30000000000000004,735.0,127,58,0.927576843705876,0.909857234597843
0.5500000000000002,0.3500000000000001,0.30000000000000004,735.0,127,58,0.927576843705876,0.909857234597843
0.5500000000000002,0.3500000000000001,0.3500000000000001,735.0,127,58,0.927576843705876,0.909857234597843
0.45000000000000007,0.45000000000000007,0.06999999999999999,736.0,159,53,0.9334574624897206,0.9082298366944221
0.6500000000000002,0.05,0.05,737.0,319,30,0.9446073639622027,0.8540412337644377
0.6500000000000002,0.060000000000000005,0.05,737.0,319,30,0.9446073639622027,0.8540412337644377
0.6500000000000002,0.060000000000000005,0.060000000000000005,737.0,319,30,0.9446073639622027,0.8540412337644377
0.6500000000000002,0.06999999999999999,0.05,737.0,319,30,0.9446073639622027,0.8540412337644377
0.6500000000000002,0.06999999999999999,0.060000000000000005,737.0,319,30,0.9446073639622027,0.8540412337644377
0.6500000000000002,0.08,0.05,737.0,319,30,0.9446073639622027,0.8540412337644377
0.6500000000000002,0.08,0.060000000000000005,737.0,319,30,0.9446073639622027,0.8540412337644377
0.6500000000000002,0.09,0.05,737.0,319,30,0.9446073639622027,0.8540412337644377
0.6500000000000002,0.09,0.060000000000000005,737.0,319,30,0.9446073639622027,0.8540412337644377
0.6500000000000002,0.09999999999999999,0.05,737.0,319,30,0.9446073639622027,0.8540412337644377
0.6500000000000002,0.09999999999999999,0.060000000000000005,737.0,319,30,0.9446073639622027,0.8540412337644377
0.7000000000000002,0.15,0.15,737.0,161,47,0.9268041397073655,0.8968015624940122
0.7000000000000002,0.2,0.15,737.0,161,47,0.9268041397073655,0.8968015624940122
0.7000000000000002,0.2,0.2,737.0,161,47,0.9268041397073655,0.8968015624940122
0.7000000000000002,0.25,0.15,737.0,161,47,0.9268041397073655,0.8968015624940122
0.7000000000000002,0.25,0.2,737.0,161,47,0.9268041397073655,0.8968015624940122
0.6500000000000002,0.05,0.04,739.0,321,30,0.9446073639622027,0.8535459322792048
0.6500000000000002,0.060000000000000005,0.04,739.0,321,30,0.9446073639622027,0.8535459322792048
0.6500000000000002,0.06999999999999999,0.04,739.0,321,30,0.9446073639622027,0.8535459322792048
0.6500000000000002,0.08,0.04,739.0,321,30,0.9446073639622027,0.8535459322792048
0.6500000000000002,0.09,0.04,739.0,321,30,0.9446073639622027,0.8535459322792048
0.6500000000000002,0.09999999999999999,0.04,739.0,321,30,0.9446073639622027,0.8535459322792048
0.45000000000000007,0.45000000000000007,0.15,740.0,114,60,0.9284395413427672,0.9184200336467921
0.45000000000000007,0.45000000000000007,0.2,740.0,114,60,0.9284395413427672,0.9184200336467921
0.5500000000000002,0.03,0.02,743.0,429,22,0.9581622678396872,0.8307343998133473
0.7000000000000002,0.08,0.08,743.0,266,35,0.9371130661453243,0.8649540231565847
0.7000000000000002,0.09,0.08,743.0,266,35,0.9371130661453243,0.8649540231565847
0.7000000000000002,0.09,0.09,743.0,266,35,0.9371130661453243,0.8649540231565847
0.7000000000000002,0.09999999999999999,0.08,743.0,266,35,0.9371130661453243,0.8649540231565847
0.7000000000000002,0.09999999999999999,0.09,743.0,266,35,0.9371130661453243,0.8649540231565847
0.7000000000000002,0.09999999999999999,0.09999999999999999,743.0,266,35,0.9371130661453243,0.8649540231565847
0.6000000000000002,0.40000000000000013,0.03,744.0,238,40,0.9365700010861301,0.8840932749449405
0.5000000000000001,0.03,0.01,746.0,469,19,0.9629195177582274,0.8240573069126139
0.7000000000000002,0.06999999999999999,0.06999999999999999,746.0,269,35,0.9371130661453243,0.8641393122103485
0.7000000000000002,0.08,0.06999999999999999,746.0,269,35,0.9371130661453243,0.8641393122103485
0.7000000000000002,0.09,0.06999999999999999,746.0,269,35,0.9371130661453243,0.8641393122103485
0.7000000000000002,0.09999999999999999,0.06999999999999999,746.0,269,35,0.9371130661453243,0.8641393122103485
0.6000000000000002,0.30000000000000004,0.03,746.0,240,40,0.9365700010861301,0.8831663289164499
0.6000000000000002,0.3500000000000001,0.03,746.0,240,40,0.9365700010861301,0.8831663289164499
0.6000000000000002,0.40000000000000013,0.05,746.0,233,41,0.9358531552079938,0.8849780978237943
0.6000000000000002,0.40000000000000013,0.060000000000000005,746.0,233,41,0.9358531552079938,0.8849780978237943
0.6000000000000002,0.05,0.02,748.0,389,25,0.9521016617790812,0.841161856498268
0.6000000000000002,0.060000000000000005,0.02,748.0,389,25,0.9521016617790812,0.841161856498268
0.6000000000000002,0.06999999999999999,0.02,748.0,389,25,0.9521016617790812,0.841161856498268
0.6000000000000002,0.08,0.02,748.0,389,25,0.9521016617790812,0.841161856498268
0.6000000000000002,0.09,0.02,748.0,389,25,0.9521016617790812,0.841161856498268
0.6000000000000002,0.09999999999999999,0.02,748.0,389,25,0.9521016617790812,0.841161856498268
0.6000000000000002,0.40000000000000013,0.04,748.0,235,41,0.9358531552079938,0.8844827963385614
0.6000000000000002,0.30000000000000004,0.05,748.0,235,41,0.9358531552079938,0.8840511517953038
0.6000000000000002,0.30000000000000004,0.060000000000000005,748.0,235,41,0.9358531552079938,0.8840511517953038
0.6000000000000002,0.3500000000000001,0.05,748.0,235,41,0.9358531552079938,0.8840511517953038
0.6000000000000002,0.3500000000000001,0.060000000000000005,748.0,235,41,0.9358531552079938,0.8840511517953038
0.6500000000000002,0.25,0.25,749.0,148,54,0.9256962869866096,0.899233283791005
0.6000000000000002,0.30000000000000004,0.04,750.0,237,41,0.9358531552079938,0.883555850310071
0.6000000000000002,0.3500000000000001,0.04,750.0,237,41,0.9358531552079938,0.883555850310071
0.6500000000000002,0.40000000000000013,0.08,753.0,181,46,0.9283588573911153,0.8949737625364403
0.6500000000000002,0.40000000000000013,0.09,753.0,181,46,0.9283588573911153,0.8949737625364403
0.6500000000000002,0.40000000000000013,0.09999999999999999,753.0,181,46,0.9283588573911153,0.8949737625364403
0.6500000000000002,0.30000000000000004,0.08,755.0,183,46,0.9283588573911153,0.8940468165079497
0.6500000000000002,0.30000000000000004,0.09,755.0,183,46,0.9283588573911153,0.8940468165079497
0.6500000000000002,0.30000000000000004,0.09999999999999999,755.0,183,46,0.9283588573911153,0.8940468165079497
0.6500000000000002,0.3500000000000001,0.08,755.0,183,46,0.9283588573911153,0.8940468165079497
0.6500000000000002,0.3500000000000001,0.09,755.0,183,46,0.9283588573911153,0.8940468165079497
0.6500000000000002,0.3500000000000001,0.09999999999999999,755.0,183,46,0.9283588573911153,0.8940468165079497
0.5500000000000002,0.40000000000000013,0.02,756.0,302,36,0.9433474530248724,0.8730052214641256
0.6500000000000002,0.40000000000000013,0.06999999999999999,756.0,184,46,0.9283588573911153,0.8941590515902041
0.5500000000000002,0.30000000000000004,0.02,758.0,304,36,0.9433474530248724,0.872078275435635
0.5500000000000002,0.3500000000000001,0.02,758.0,304,36,0.9433474530248724,0.872078275435635
0.6500000000000002,0.30000000000000004,0.06999999999999999,758.0,186,46,0.9283588573911153,0.8932321055617135
0.6500000000000002,0.3500000000000001,0.06999999999999999,758.0,186,46,0.9283588573911153,0.8932321055617135
0.5000000000000001,0.40000000000000013,0.01,759.0,342,33,0.9481047029434126,0.8663281285633923
0.5500000000000002,0.02,0.02,760.0,446,22,0.9581622678396872,0.8252452167329468
0.6500000000000002,0.40000000000000013,0.15,760.0,139,53,0.9233409362441621,0.904349248542574
0.6500000000000002,0.40000000000000013,0.2,760.0,139,53,0.9233409362441621,0.904349248542574
0.5500000000000002,0.04,0.01,761.0,454,21,0.9588791137178235,0.8274587612822907
0.5000000000000001,0.30000000000000004,0.01,761.0,344,33,0.9481047029434126,0.8654011825349017
0.5000000000000001,0.3500000000000001,0.01,761.0,344,33,0.9481047029434126,0.8654011825349017
0.6500000000000002,0.04,0.03,761.0,350,29,0.9453242098403388,0.8439686988614602
0.6500000000000002,0.30000000000000004,0.15,762.0,141,53,0.9233409362441621,0.9034223025140835
0.6500000000000002,0.30000000000000004,0.2,762.0,141,53,0.9233409362441621,0.9034223025140835
0.6500000000000002,0.3500000000000001,0.15,762.0,141,53,0.9233409362441621,0.9034223025140835
0.6500000000000002,0.3500000000000001,0.2,762.0,141,53,0.9233409362441621,0.9034223025140835
0.5000000000000001,0.02,0.01,763.0,486,19,0.9629195177582274,0.8185681238322134
0.5000000000000001,0.40000000000000013,0.40000000000000013,763.0,108,67,0.9237319430867817,0.9134653470026043
0.6500000000000002,0.04,0.04,765.0,347,30,0.9446073639622027,0.8443582202550813
0.7000000000000002,0.15,0.03,765.0,259,37,0.9339725984887276,0.8739925863433761
0.7000000000000002,0.2,0.03,765.0,259,37,0.9339725984887276,0.8739925863433761
0.7000000000000002,0.25,0.03,765.0,259,37,0.9339725984887276,0.8739925863433761
0.6000000000000002,0.15,0.01,767.0,365,29,0.9475275023662121,0.8556590231782047
0.6000000000000002,0.2,0.01,767.0,365,29,0.9475275023662121,0.8556590231782047
0.6000000000000002,0.25,0.01,767.0,365,29,0.9475275023662121,0.8556590231782047
0.7000000000000002,0.15,0.05,767.0,254,38,0.9332557526105912,0.87487740922223
0.7000000000000002,0.15,0.060000000000000005,767.0,254,38,0.9332557526105912,0.87487740922223
0.7000000000000002,0.2,0.05,767.0,254,38,0.9332557526105912,0.87487740922223
0.7000000000000002,0.2,0.060000000000000005,767.0,254,38,0.9332557526105912,0.87487740922223
0.7000000000000002,0.25,0.05,767.0,254,38,0.9332557526105912,0.87487740922223
0.7000000000000002,0.25,0.060000000000000005,767.0,254,38,0.9332557526105912,0.87487740922223
0.45000000000000007,0.45000000000000007,0.03,768.0,212,50,0.9356080001241293,0.895611057496156
0.7000000000000002,0.15,0.04,769.0,256,38,0.9332557526105912,0.8743821077369972
0.7000000000000002,0.2,0.04,769.0,256,38,0.9332557526105912,0.8743821077369972
0.7000000000000002,0.25,0.04,769.0,256,38,0.9332557526105912,0.8743821077369972
0.45000000000000007,0.45000000000000007,0.05,770.0,207,51,0.9348911542459929,0.89649588037501
0.45000000000000007,0.45000000000000007,0.060000000000000005,770.0,207,51,0.9348911542459929,0.89649588037501
0.6000000000000002,0.40000000000000013,0.25,771.0,125,60,0.9222330835234062,0.9076980945190676
0.45000000000000007,0.45000000000000007,0.04,772.0,209,51,0.9348911542459929,0.896000578889777
0.6000000000000002,0.30000000000000004,0.25,773.0,127,60,0.9222330835234062,0.9067711484905772
0.6000000000000002,0.3500000000000001,0.25,773.0,127,60,0.9222330835234062,0.9067711484905772
0.6000000000000002,0.04,0.02,774.0,415,25,0.9521016617790812,0.8319741444741445
0.5500000000000002,0.03,0.01,775.0,468,21,0.9588791137178235,0.8227595131619899
0.6500000000000002,0.03,0.03,775.0,364,29,0.9453242098403388,0.8392694507411594
0.7000000000000002,0.05,0.03,778.0,322,32,0.9392636037797328,0.8515205330120823
0.7000000000000002,0.060000000000000005,0.03,778.0,322,32,0.9392636037797328,0.8515205330120823
0.7000000000000002,0.06999999999999999,0.03,778.0,322,32,0.9392636037797328,0.8515205330120823
0.7000000000000002,0.08,0.03,778.0,322,32,0.9392636037797328,0.8515205330120823
0.7000000000000002,0.09,0.03,778.0,322,32,0.9392636037797328,0.8515205330120823
0.7000000000000002,0.09999999999999999,0.03,778.0,322,32,0.9392636037797328,0.8515205330120823
0.6000000000000002,0.40000000000000013,0.30000000000000004,778.0,125,61,0.9215162376452698,0.9073246771668301
0.6000000000000002,0.40000000000000013,0.3500000000000001,778.0,125,61,0.9215162376452698,0.9073246771668301
0.6500000000000002,0.15,0.02,779.0,325,33,0.9407500504274697,0.8610809072765595
0.6500000000000002,0.2,0.02,779.0,325,33,0.9407500504274697,0.8610809072765595
0.6500000000000002,0.25,0.02,779.0,325,33,0.9407500504274697,0.8610809072765595
0.6000000000000002,0.05,0.01,780.0,428,24,0.9528185076572173,0.8331869698469108
0.6000000000000002,0.060000000000000005,0.01,780.0,428,24,0.9528185076572173,0.8331869698469108
0.6000000000000002,0.06999999999999999,0.01,780.0,428,24,0.9528185076572173,0.8331869698469108
0.6000000000000002,0.08,0.01,780.0,428,24,0.9528185076572173,0.8331869698469108
0.6000000000000002,0.09,0.01,780.0,428,24,0.9528185076572173,0.8331869698469108
0.6000000000000002,0.09999999999999999,0.01,780.0,428,24,0.9528185076572173,0.8331869698469108
0.7000000000000002,0.05,0.05,780.0,317,33,0.9385467579015966,0.8524053558909362
0.7000000000000002,0.060000000000000005,0.05,780.0,317,33,0.9385467579015966,0.8524053558909362
0.7000000000000002,0.060000000000000005,0.060000000000000005,780.0,317,33,0.9385467579015966,0.8524053558909362
0.7000000000000002,0.06999999999999999,0.05,780.0,317,33,0.9385467579015966,0.8524053558909362
0.7000000000000002,0.06999999999999999,0.060000000000000005,780.0,317,33,0.9385467579015966,0.8524053558909362
0.7000000000000002,0.08,0.05,780.0,317,33,0.9385467579015966,0.8524053558909362
0.7000000000000002,0.08,0.060000000000000005,780.0,317,33,0.9385467579015966,0.8524053558909362
0.7000000000000002,0.09,0.05,780.0,317,33,0.9385467579015966,0.8524053558909362
0.7000000000000002,0.09,0.060000000000000005,780.0,317,33,0.9385467579015966,0.8524053558909362
0.7000000000000002,0.09999999999999999,0.05,780.0,317,33,0.9385467579015966,0.8524053558909362
0.7000000000000002,0.09999999999999999,0.060000000000000005,780.0,317,33,0.9385467579015966,0.8524053558909362
0.6000000000000002,0.30000000000000004,0.30000000000000004,780.0,127,61,0.9215162376452698,0.9063977311383394
0.6000000000000002,0.3500000000000001,0.30000000000000004,780.0,127,61,0.9215162376452698,0.9063977311383394
0.6000000000000002,0.3500000000000001,0.3500000000000001,780.0,127,61,0.9215162376452698,0.9063977311383394
0.7000000000000002,0.05,0.04,782.0,319,33,0.9385467579015966,0.8519100544057032
0.7000000000000002,0.060000000000000005,0.04,782.0,319,33,0.9385467579015966,0.8519100544057032
0.7000000000000002,0.06999999999999999,0.04,782.0,319,33,0.9385467579015966,0.8519100544057032
0.7000000000000002,0.08,0.04,782.0,319,33,0.9385467579015966,0.8519100544057032
0.7000000000000002,0.09,0.04,782.0,319,33,0.9385467579015966,0.8519100544057032
0.7000000000000002,0.09999999999999999,0.04,782.0,319,33,0.9385467579015966,0.8519100544057032
0.6000000000000002,0.03,0.02,788.0,429,25,0.9521016617790812,0.8272748963538438
0.5500000000000002,0.40000000000000013,0.01,788.0,341,35,0.9440642989030086,0.8650303348127683
0.6500000000000002,0.40000000000000013,0.03,788.0,237,43,0.9305093950255241,0.881540272391938
0.5500000000000002,0.30000000000000004,0.01,790.0,343,35,0.9440642989030086,0.8641033887842777
0.5500000000000002,0.3500000000000001,0.01,790.0,343,35,0.9440642989030086,0.8641033887842777
0.6500000000000002,0.30000000000000004,0.03,790.0,239,43,0.9305093950255241,0.8806133263634474
0.6500000000000002,0.3500000000000001,0.03,790.0,239,43,0.9305093950255241,0.8806133263634474
0.6500000000000002,0.40000000000000013,0.05,790.0,232,44,0.929792549147388,0.8824250952707918
0.6500000000000002,0.40000000000000013,0.060000000000000005,790.0,232,44,0.929792549147388,0.8824250952707918
0.7500000000000002,0.15,0.08,790.0,203,44,0.9237412527735108,0.8825105347664822
0.7500000000000002,0.15,0.09,790.0,203,44,0.9237412527735108,0.8825105347664822
0.7500000000000002,0.15,0.09999999999999999,790.0,203,44,0.9237412527735108,0.8825105347664822
0.7500000000000002,0.2,0.08,790.0,203,44,0.9237412527735108,0.8825105347664822
0.7500000000000002,0.2,0.09,790.0,203,44,0.9237412527735108,0.8825105347664822
0.7500000000000002,0.2,0.09999999999999999,790.0,203,44,0.9237412527735108,0.8825105347664822
0.7500000000000002,0.25,0.08,790.0,203,44,0.9237412527735108,0.8825105347664822
0.7500000000000002,0.25,0.09,790.0,203,44,0.9237412527735108,0.8825105347664822
0.7500000000000002,0.25,0.09999999999999999,790.0,203,44,0.9237412527735108,0.8825105347664822
0.5500000000000002,0.02,0.01,792.0,485,21,0.9588791137178235,0.8172703300815894
0.6500000000000002,0.05,0.02,792.0,388,28,0.946041055718475,0.8386088539452655
0.6500000000000002,0.060000000000000005,0.02,792.0,388,28,0.946041055718475,0.8386088539452655
0.6500000000000002,0.06999999999999999,0.02,792.0,388,28,0.946041055718475,0.8386088539452655
0.6500000000000002,0.08,0.02,792.0,388,28,0.946041055718475,0.8386088539452655
0.6500000000000002,0.09,0.02,792.0,388,28,0.946041055718475,0.8386088539452655
0.6500000000000002,0.09999999999999999,0.02,792.0,388,28,0.946041055718475,0.8386088539452655
0.6500000000000002,0.40000000000000013,0.04,792.0,234,44,0.929792549147388,0.8819297937855589
0.6500000000000002,0.30000000000000004,0.05,792.0,234,44,0.929792549147388,0.8814981492423013
0.6500000000000002,0.30000000000000004,0.060000000000000005,792.0,234,44,0.929792549147388,0.8814981492423013
0.6500000000000002,0.3500000000000001,0.05,792.0,234,44,0.929792549147388,0.8814981492423013
0.6500000000000002,0.3500000000000001,0.060000000000000005,792.0,234,44,0.929792549147388,0.8814981492423013
0.5500000000000002,0.40000000000000013,0.40000000000000013,792.0,107,69,0.9196915390463777,0.9121675532519804
0.7000000000000002,0.25,0.25,792.0,146,57,0.9196356809260036,0.8975974059175034
0.7500000000000002,0.15,0.06999999999999999,793.0,206,44,0.9237412527735108,0.881695823820246
0.7500000000000002,0.2,0.06999999999999999,793.0,206,44,0.9237412527735108,0.881695823820246
0.7500000000000002,0.25,0.06999999999999999,793.0,206,44,0.9237412527735108,0.881695823820246
0.6500000000000002,0.30000000000000004,0.04,794.0,236,44,0.929792549147388,0.8810028477570683
0.6500000000000002,0.3500000000000001,0.04,794.0,236,44,0.929792549147388,0.8810028477570683
0.45000000000000007,0.45000000000000007,0.25,795.0,99,70,0.9212710825614052,0.9192158770702831
0.7000000000000002,0.40000000000000013,0.08,796.0,179,49,0.9222982513305095,0.8933378846629386
0.7000000000000002,0.40000000000000013,0.09,796.0,179,49,0.9222982513305095,0.8933378846629386
0.7000000000000002,0.40000000000000013,0.09999999999999999,796.0,179,49,0.9222982513305095,0.8933378846629386
0.7500000000000002,0.15,0.15,797.0,161,51,0.9187233316265574,0.891886020772616
0.7500000000000002,0.2,0.15,797.0,161,51,0.9187233316265574,0.891886020772616
0.7500000000000002,0.2,0.2,797.0,161,51,0.9187233316265574,0.891886020772616
0.7500000000000002,0.25,0.15,797.0,161,51,0.9187233316265574,0.891886020772616
0.7500000000000002,0.25,0.2,797.0,161,51,0.9187233316265574,0.891886020772616
0.7000000000000002,0.30000000000000004,0.08,798.0,181,49,0.9222982513305095,0.8924109386344482
0.7000000000000002,0.30000000000000004,0.09,798.0,181,49,0.9222982513305095,0.8924109386344482
0.7000000000000002,0.30000000000000004,0.09999999999999999,798.0,181,49,0.9222982513305095,0.8924109386344482
0.7000000000000002,0.3500000000000001,0.08,798.0,181,49,0.9222982513305095,0.8924109386344482
0.7000000000000002,0.3500000000000001,0.09,798.0,181,49,0.9222982513305095,0.8924109386344482
0.7000000000000002,0.3500000000000001,0.09999999999999999,798.0,181,49,0.9222982513305095,0.8924109386344482
0.7000000000000002,0.40000000000000013,0.06999999999999999,799.0,182,49,0.9222982513305095,0.8925231737167024
0.5000000000000001,0.01,0.01,801.0,524,19,0.9629195177582274,0.8070893301124658
0.6000000000000002,0.40000000000000013,0.02,801.0,302,39,0.9372868469642662,0.8695457180046221
0.7000000000000002,0.30000000000000004,0.06999999999999999,801.0,184,49,0.9222982513305095,0.891596227688212
0.7000000000000002,0.3500000000000001,0.06999999999999999,801.0,184,49,0.9222982513305095,0.891596227688212
0.45000000000000007,0.45000000000000007,0.30000000000000004,802.0,99,71,0.920554236683269,0.9188424597180456
0.45000000000000007,0.45000000000000007,0.3500000000000001,802.0,99,71,0.920554236683269,0.9188424597180456
0.6000000000000002,0.30000000000000004,0.02,803.0,304,39,0.9372868469642662,0.8686187719761316
0.6000000000000002,0.3500000000000001,0.02,803.0,304,39,0.9372868469642662,0.8686187719761316
0.7500000000000002,0.08,0.08,803.0,266,39,0.9290322580645162,0.8600384814351884
0.7500000000000002,0.09,0.08,803.0,266,39,0.9290322580645162,0.8600384814351884
0.7500000000000002,0.09,0.09,803.0,266,39,0.9290322580645162,0.8600384814351884
0.7500000000000002,0.09999999999999999,0.08,803.0,266,39,0.9290322580645162,0.8600384814351884
0.7500000000000002,0.09999999999999999,0.09,803.0,266,39,0.9290322580645162,0.8600384814351884
0.7500000000000002,0.09999999999999999,0.09999999999999999,803.0,266,39,0.9290322580645162,0.8600384814351884
0.7000000000000002,0.40000000000000013,0.15,803.0,137,56,0.917280330183556,0.9027133706690723
0.7000000000000002,0.40000000000000013,0.2,803.0,137,56,0.917280330183556,0.9027133706690723
0.7000000000000002,0.04,0.03,804.0,348,32,0.9392636037797328,0.8423328209879587
0.6000000000000002,0.02,0.02,805.0,446,25,0.9521016617790812,0.8217857132734433
0.7000000000000002,0.30000000000000004,0.15,805.0,139,56,0.917280330183556,0.9017864246405819
0.7000000000000002,0.30000000000000004,0.2,805.0,139,56,0.917280330183556,0.9017864246405819
0.7000000000000002,0.3500000000000001,0.15,805.0,139,56,0.917280330183556,0.9017864246405819
0.7000000000000002,0.3500000000000001,0.2,805.0,139,56,0.917280330183556,0.9017864246405819
0.6000000000000002,0.04,0.01,806.0,454,24,0.9528185076572173,0.8239992578227873
0.7500000000000002,0.06999999999999999,0.06999999999999999,806.0,269,39,0.9290322580645162,0.8592237704889522
0.7500000000000002,0.08,0.06999999999999999,806.0,269,39,0.9290322580645162,0.8592237704889522
0.7500000000000002,0.09,0.06999999999999999,806.0,269,39,0.9290322580645162,0.8592237704889522
0.7500000000000002,0.09999999999999999,0.06999999999999999,806.0,269,39,0.9290322580645162,0.8592237704889522
0.5000000000000001,0.45000000000000007,0.08,807.0,155,58,0.9233564523887106,0.9044634466234988
0.5000000000000001,0.45000000000000007,0.09,807.0,155,58,0.9233564523887106,0.9044634466234988
0.5000000000000001,0.45000000000000007,0.09999999999999999,807.0,155,58,0.9233564523887106,0.9044634466234988
0.5000000000000001,0.5000000000000001,0.08,807.0,155,58,0.9233564523887106,0.9044634466234988
0.5000000000000001,0.5000000000000001,0.09,807.0,155,58,0.9233564523887106,0.9044634466234988
0.5000000000000001,0.5000000000000001,0.09999999999999999,807.0,155,58,0.9233564523887106,0.9044634466234988
0.7000000000000002,0.04,0.04,808.0,345,33,0.9385467579015966,0.8427223423815796
0.5000000000000001,0.45000000000000007,0.06999999999999999,810.0,158,58,0.9233564523887106,0.9036487356772626
0.5000000000000001,0.5000000000000001,0.06999999999999999,810.0,158,58,0.9233564523887106,0.9036487356772626
0.6500000000000002,0.15,0.01,811.0,364,32,0.9414668963056059,0.8531060206252022
0.6500000000000002,0.2,0.01,811.0,364,32,0.9414668963056059,0.8531060206252022
0.6500000000000002,0.25,0.01,811.0,364,32,0.9414668963056059,0.8531060206252022
0.5000000000000001,0.45000000000000007,0.15,814.0,113,65,0.9183385312417571,0.9138389326296324
0.5000000000000001,0.45000000000000007,0.2,814.0,113,65,0.9183385312417571,0.9138389326296324
0.5000000000000001,0.5000000000000001,0.15,814.0,113,65,0.9183385312417571,0.9138389326296324
0.5000000000000001,0.5000000000000001,0.2,814.0,113,65,0.9183385312417571,0.9138389326296324
0.6500000000000002,0.40000000000000013,0.25,815.0,124,63,0.9161724774628001,0.9051450919660651
0.6500000000000002,0.30000000000000004,0.25,817.0,126,63,0.9161724774628001,0.9042181459375745
0.6500000000000002,0.3500000000000001,0.25,817.0,126,63,0.9161724774628001,0.9042181459375745
0.6500000000000002,0.04,0.02,818.0,414,28,0.946041055718475,0.8294211419211419
0.7000000000000002,0.03,0.03,818.0,362,32,0.9392636037797328,0.8376335728676579
0.6000000000000002,0.03,0.01,820.0,468,24,0.9528185076572173,0.8193000097024865
0.7000000000000002,0.15,0.02,822.0,323,36,0.9346894443668637,0.8594450294030578
0.7000000000000002,0.2,0.02,822.0,323,36,0.9346894443668637,0.8594450294030578
0.7000000000000002,0.25,0.02,822.0,323,36,0.9346894443668637,0.8594450294030578
0.6500000000000002,0.40000000000000013,0.30000000000000004,822.0,124,64,0.9154556315846638,0.9047716746138276
0.6500000000000002,0.40000000000000013,0.3500000000000001,822.0,124,64,0.9154556315846638,0.9047716746138276
0.6500000000000002,0.05,0.01,824.0,427,27,0.9467579015966111,0.8306339672939083
0.6500000000000002,0.060000000000000005,0.01,824.0,427,27,0.9467579015966111,0.8306339672939083
0.6500000000000002,0.06999999999999999,0.01,824.0,427,27,0.9467579015966111,0.8306339672939083
0.6500000000000002,0.08,0.01,824.0,427,27,0.9467579015966111,0.8306339672939083
0.6500000000000002,0.09,0.01,824.0,427,27,0.9467579015966111,0.8306339672939083
0.6500000000000002,0.09999999999999999,0.01,824.0,427,27,0.9467579015966111,0.8306339672939083
0.6500000000000002,0.30000000000000004,0.30000000000000004,824.0,126,64,0.9154556315846638,0.9038447285853369
0.6500000000000002,0.3500000000000001,0.30000000000000004,824.0,126,64,0.9154556315846638,0.9038447285853369
0.6500000000000002,0.3500000000000001,0.3500000000000001,824.0,126,64,0.9154556315846638,0.9038447285853369
0.45000000000000007,0.45000000000000007,0.02,825.0,276,49,0.9363248460022654,0.8810635005558377
0.7500000000000002,0.15,0.03,825.0,259,41,0.9258917904079195,0.8690770446219799
0.7500000000000002,0.2,0.03,825.0,259,41,0.9258917904079195,0.8690770446219799
0.7500000000000002,0.25,0.03,825.0,259,41,0.9258917904079195,0.8690770446219799
0.7500000000000002,0.15,0.05,827.0,254,42,0.9251749445297831,0.8699618675008338
0.7500000000000002,0.15,0.060000000000000005,827.0,254,42,0.9251749445297831,0.8699618675008338
0.7500000000000002,0.2,0.05,827.0,254,42,0.9251749445297831,0.8699618675008338
0.7500000000000002,0.2,0.060000000000000005,827.0,254,42,0.9251749445297831,0.8699618675008338
0.7500000000000002,0.25,0.05,827.0,254,42,0.9251749445297831,0.8699618675008338
0.7500000000000002,0.25,0.060000000000000005,827.0,254,42,0.9251749445297831,0.8699618675008338
0.7500000000000002,0.15,0.04,829.0,256,42,0.9251749445297831,0.8694665660156008
0.7500000000000002,0.2,0.04,829.0,256,42,0.9251749445297831,0.8694665660156008
0.7500000000000002,0.25,0.04,829.0,256,42,0.9251749445297831,0.8694665660156008
0.5500000000000002,0.01,0.01,830.0,523,21,0.9588791137178235,0.8057915363618419
0.7000000000000002,0.40000000000000013,0.03,831.0,235,46,0.9244487889649181,0.8799043945184363
0.6500000000000002,0.03,0.02,832.0,428,28,0.946041055718475,0.8247218938008412
0.6000000000000002,0.40000000000000013,0.01,833.0,341,38,0.9380036928424026,0.8615708313532648
0.7000000000000002,0.30000000000000004,0.03,833.0,237,46,0.9244487889649181,0.8789774484899459
0.7000000000000002,0.3500000000000001,0.03,833.0,237,46,0.9244487889649181,0.8789774484899459
0.7000000000000002,0.40000000000000013,0.05,833.0,230,47,0.9237319430867817,0.8807892173972901
0.7000000000000002,0.40000000000000013,0.060000000000000005,833.0,230,47,0.9237319430867817,0.8807892173972901
0.7000000000000002,0.05,0.02,835.0,386,31,0.939980449657869,0.836972976071764
0.7000000000000002,0.060000000000000005,0.02,835.0,386,31,0.939980449657869,0.836972976071764
0.7000000000000002,0.06999999999999999,0.02,835.0,386,31,0.939980449657869,0.836972976071764
0.7000000000000002,0.08,0.02,835.0,386,31,0.939980449657869,0.836972976071764
0.7000000000000002,0.09,0.02,835.0,386,31,0.939980449657869,0.836972976071764
0.7000000000000002,0.09999999999999999,0.02,835.0,386,31,0.939980449657869,0.836972976071764
0.6000000000000002,0.30000000000000004,0.01,835.0,343,38,0.9380036928424026,0.8606438853247743
0.6000000000000002,0.3500000000000001,0.01,835.0,343,38,0.9380036928424026,0.8606438853247743
0.7000000000000002,0.40000000000000013,0.04,835.0,232,47,0.9237319430867817,0.8802939159120572
0.7000000000000002,0.30000000000000004,0.05,835.0,232,47,0.9237319430867817,0.8798622713687997
0.7000000000000002,0.30000000000000004,0.060000000000000005,835.0,232,47,0.9237319430867817,0.8798622713687997
0.7000000000000002,0.3500000000000001,0.05,835.0,232,47,0.9237319430867817,0.8798622713687997
0.7000000000000002,0.3500000000000001,0.060000000000000005,835.0,232,47,0.9237319430867817,0.8798622713687997
0.5500000000000002,0.45000000000000007,0.08,836.0,154,60,0.9193160483483064,0.9031656528728748
0.5500000000000002,0.45000000000000007,0.09,836.0,154,60,0.9193160483483064,0.9031656528728748
0.5500000000000002,0.45000000000000007,0.09999999999999999,836.0,154,60,0.9193160483483064,0.9031656528728748
0.5500000000000002,0.5000000000000001,0.08,836.0,154,60,0.9193160483483064,0.9031656528728748
0.5500000000000002,0.5000000000000001,0.09,836.0,154,60,0.9193160483483064,0.9031656528728748
0.5500000000000002,0.5000000000000001,0.09999999999999999,836.0,154,60,0.9193160483483064,0.9031656528728748
0.6000000000000002,0.02,0.01,837.0,485,24,0.9528185076572173,0.813810826622086
0.7000000000000002,0.30000000000000004,0.04,837.0,234,47,0.9237319430867817,0.8793669698835668
0.7000000000000002,0.3500000000000001,0.04,837.0,234,47,0.9237319430867817,0.8793669698835668
0.6000000000000002,0.40000000000000013,0.40000000000000013,837.0,107,72,0.9136309329857717,0.908708049792477
0.7500000000000002,0.05,0.03,838.0,322,36,0.9311827956989247,0.846604991290686
0.7500000000000002,0.060000000000000005,0.03,838.0,322,36,0.9311827956989247,0.846604991290686
0.7500000000000002,0.06999999999999999,0.03,838.0,322,36,0.9311827956989247,0.846604991290686
0.7500000000000002,0.08,0.03,838.0,322,36,0.9311827956989247,0.846604991290686
0.7500000000000002,0.09,0.03,838.0,322,36,0.9311827956989247,0.846604991290686
0.7500000000000002,0.09999999999999999,0.03,838.0,322,36,0.9311827956989247,0.846604991290686
0.5500000000000002,0.45000000000000007,0.06999999999999999,839.0,157,60,0.9193160483483064,0.9023509419266386
0.5500000000000002,0.5000000000000001,0.06999999999999999,839.0,157,60,0.9193160483483064,0.9023509419266386
0.7500000000000002,0.05,0.05,840.0,317,37,0.9304659498207886,0.8474898141695398
0.7500000000000002,0.060000000000000005,0.05,840.0,317,37,0.9304659498207886,0.8474898141695398
0.7500000000000002,0.060000000000000005,0.060000000000000005,840.0,317,37,0.9304659498207886,0.8474898141695398
0.7500000000000002,0.06999999999999999,0.05,840.0,317,37,0.9304659498207886,0.8474898141695398
0.7500000000000002,0.06999999999999999,0.060000000000000005,840.0,317,37,0.9304659498207886,0.8474898141695398
0.7500000000000002,0.08,0.05,840.0,317,37,0.9304659498207886,0.8474898141695398
0.7500000000000002,0.08,0.060000000000000005,840.0,317,37,0.9304659498207886,0.8474898141695398
0.7500000000000002,0.09,0.05,840.0,317,37,0.9304659498207886,0.8474898141695398
0.7500000000000002,0.09,0.060000000000000005,840.0,317,37,0.9304659498207886,0.8474898141695398
0.7500000000000002,0.09999999999999999,0.05,840.0,317,37,0.9304659498207886,0.8474898141695398
0.7500000000000002,0.09999999999999999,0.060000000000000005,840.0,317,37,0.9304659498207886,0.8474898141695398
0.7500000000000002,0.05,0.04,842.0,319,37,0.9304659498207886,0.846994512684307
0.7500000000000002,0.060000000000000005,0.04,842.0,319,37,0.9304659498207886,0.846994512684307
0.7500000000000002,0.06999999999999999,0.04,842.0,319,37,0.9304659498207886,0.846994512684307
0.7500000000000002,0.08,0.04,842.0,319,37,0.9304659498207886,0.846994512684307
0.7500000000000002,0.09,0.04,842.0,319,37,0.9304659498207886,0.846994512684307
0.7500000000000002,0.09999999999999999,0.04,842.0,319,37,0.9304659498207886,0.846994512684307
0.5000000000000001,0.45000000000000007,0.03,842.0,211,55,0.9255069900231191,0.8910299564789964
0.5000000000000001,0.5000000000000001,0.03,842.0,211,55,0.9255069900231191,0.8910299564789964
0.5500000000000002,0.45000000000000007,0.15,843.0,112,67,0.9142981272013531,0.9125411388790085
0.5500000000000002,0.45000000000000007,0.2,843.0,112,67,0.9142981272013531,0.9125411388790085
0.5500000000000002,0.5000000000000001,0.15,843.0,112,67,0.9142981272013531,0.9125411388790085
0.5500000000000002,0.5000000000000001,0.2,843.0,112,67,0.9142981272013531,0.9125411388790085
0.5000000000000001,0.45000000000000007,0.05,844.0,206,56,0.9247901441449828,0.8919147793578502
0.5000000000000001,0.45000000000000007,0.060000000000000005,844.0,206,56,0.9247901441449828,0.8919147793578502
0.5000000000000001,0.5000000000000001,0.05,844.0,206,56,0.9247901441449828,0.8919147793578502
0.5000000000000001,0.5000000000000001,0.060000000000000005,844.0,206,56,0.9247901441449828,0.8919147793578502
0.6500000000000002,0.40000000000000013,0.02,845.0,301,42,0.9312262409036602,0.8669927154516196
0.5000000000000001,0.45000000000000007,0.04,846.0,208,56,0.9247901441449828,0.8914194778726173
0.5000000000000001,0.5000000000000001,0.04,846.0,208,56,0.9247901441449828,0.8914194778726173
0.6500000000000002,0.30000000000000004,0.02,847.0,303,42,0.9312262409036602,0.8660657694231291
0.6500000000000002,0.3500000000000001,0.02,847.0,303,42,0.9312262409036602,0.8660657694231291
0.6500000000000002,0.02,0.02,849.0,445,28,0.946041055718475,0.8192327107204408
0.6500000000000002,0.04,0.01,850.0,453,27,0.9467579015966111,0.8214462552697848
0.7500000000000002,0.25,0.25,852.0,146,61,0.9115548728451954,0.8926818641961071
0.7000000000000002,0.15,0.01,854.0,362,35,0.935406290245,0.8514701427517005
0.7000000000000002,0.2,0.01,854.0,362,35,0.935406290245,0.8514701427517005
0.7000000000000002,0.25,0.01,854.0,362,35,0.935406290245,0.8514701427517005
0.7500000000000002,0.40000000000000013,0.08,856.0,179,53,0.9142174432497013,0.8884223429415424
0.7500000000000002,0.40000000000000013,0.09,856.0,179,53,0.9142174432497013,0.8884223429415424
0.7500000000000002,0.40000000000000013,0.09999999999999999,856.0,179,53,0.9142174432497013,0.8884223429415424
0.45000000000000007,0.45000000000000007,0.01,857.0,315,48,0.9370416918804017,0.8730886139044806
0.7500000000000002,0.30000000000000004,0.08,858.0,181,53,0.9142174432497013,0.8874953969130518
0.7500000000000002,0.30000000000000004,0.09,858.0,181,53,0.9142174432497013,0.8874953969130518
0.7500000000000002,0.30000000000000004,0.09999999999999999,858.0,181,53,0.9142174432497013,0.8874953969130518
0.7500000000000002,0.3500000000000001,0.08,858.0,181,53,0.9142174432497013,0.8874953969130518
0.7500000000000002,0.3500000000000001,0.09,858.0,181,53,0.9142174432497013,0.8874953969130518
0.7500000000000002,0.3500000000000001,0.09999999999999999,858.0,181,53,0.9142174432497013,0.8874953969130518
0.7000000000000002,0.40000000000000013,0.25,858.0,122,66,0.9101118714021941,0.9035092140925634
0.7500000000000002,0.40000000000000013,0.06999999999999999,859.0,182,53,0.9142174432497013,0.8876076319953062
0.7000000000000002,0.30000000000000004,0.25,860.0,124,66,0.9101118714021941,0.9025822680640729
0.7000000000000002,0.3500000000000001,0.25,860.0,124,66,0.9101118714021941,0.9025822680640729
0.7000000000000002,0.04,0.02,861.0,412,31,0.939980449657869,0.8277852640476403
0.7500000000000002,0.30000000000000004,0.06999999999999999,861.0,184,53,0.9142174432497013,0.8866806859668156
0.7500000000000002,0.3500000000000001,0.06999999999999999,861.0,184,53,0.9142174432497013,0.8866806859668156
0.45000000000000007,0.45000000000000007,0.40000000000000013,861.0,81,82,0.9126689320237708,0.9202258323436925
0.5500000000000002,0.5500000000000002,0.08,863.0,151,63,0.9161414451737032,0.9029096804089765
0.5500000000000002,0.5500000000000002,0.09,863.0,151,63,0.9161414451737032,0.9029096804089765
0.5500000000000002,0.5500000000000002,0.09999999999999999,863.0,151,63,0.9161414451737032,0.9029096804089765
0.7500000000000002,0.40000000000000013,0.15,863.0,137,60,0.9091995221027479,0.8977978289476761
0.7500000000000002,0.40000000000000013,0.2,863.0,137,60,0.9091995221027479,0.8977978289476761
0.6500000000000002,0.03,0.01,864.0,467,27,0.9467579015966111,0.816747007149484
0.7500000000000002,0.04,0.03,864.0,348,36,0.9311827956989247,0.8374172792665625
0.7000000000000002,0.40000000000000013,0.30000000000000004,865.0,122,67,0.9093950255240578,0.9031357967403258
0.7000000000000002,0.40000000000000013,0.3500000000000001,865.0,122,67,0.9093950255240578,0.9031357967403258
0.7500000000000002,0.30000000000000004,0.15,865.0,139,60,0.9091995221027479,0.8968708829191856
0.7500000000000002,0.30000000000000004,0.2,865.0,139,60,0.9091995221027479,0.8968708829191856
0.7500000000000002,0.3500000000000001,0.15,865.0,139,60,0.9091995221027479,0.8968708829191856
0.7500000000000002,0.3500000000000001,0.2,865.0,139,60,0.9091995221027479,0.8968708829191856
0.5500000000000002,0.5500000000000002,0.06999999999999999,866.0,154,63,0.9161414451737032,0.9020949694627403
0.7000000000000002,0.05,0.01,867.0,425,30,0.9406972955360052,0.8289980894204066
0.7000000000000002,0.060000000000000005,0.01,867.0,425,30,0.9406972955360052,0.8289980894204066
0.7000000000000002,0.06999999999999999,0.01,867.0,425,30,0.9406972955360052,0.8289980894204066
0.7000000000000002,0.08,0.01,867.0,425,30,0.9406972955360052,0.8289980894204066
0.7000000000000002,0.09,0.01,867.0,425,30,0.9406972955360052,0.8289980894204066
0.7000000000000002,0.09999999999999999,0.01,867.0,425,30,0.9406972955360052,0.8289980894204066
0.7000000000000002,0.30000000000000004,0.30000000000000004,867.0,124,67,0.9093950255240578,0.9022088507118354
0.7000000000000002,0.3500000000000001,0.30000000000000004,867.0,124,67,0.9093950255240578,0.9022088507118354
0.7000000000000002,0.3500000000000001,0.3500000000000001,867.0,124,67,0.9093950255240578,0.9022088507118354
0.7500000000000002,0.04,0.04,868.0,345,37,0.9304659498207886,0.8378068006601834
0.5000000000000001,0.45000000000000007,0.25,869.0,98,75,0.9111700724603952,0.9146347760531235
0.5000000000000001,0.5000000000000001,0.25,869.0,98,75,0.9111700724603952,0.9146347760531235
0.5500000000000002,0.5500000000000002,0.15,870.0,109,70,0.9111235240267499,0.9122851664151103
0.5500000000000002,0.5500000000000002,0.2,870.0,109,70,0.9111235240267499,0.9122851664151103
0.5500000000000002,0.45000000000000007,0.03,871.0,210,57,0.921466585982715,0.8897321627283724
0.5500000000000002,0.5000000000000001,0.03,871.0,210,57,0.921466585982715,0.8897321627283724
0.5500000000000002,0.45000000000000007,0.05,873.0,205,58,0.9207497401045789,0.8906169856072262
0.5500000000000002,0.45000000000000007,0.060000000000000005,873.0,205,58,0.9207497401045789,0.8906169856072262
0.5500000000000002,0.5000000000000001,0.05,873.0,205,58,0.9207497401045789,0.8906169856072262
0.5500000000000002,0.5000000000000001,0.060000000000000005,873.0,205,58,0.9207497401045789,0.8906169856072262
0.6000000000000002,0.01,0.01,875.0,523,24,0.9528185076572173,0.8023320329023385
0.7000000000000002,0.03,0.02,875.0,426,31,0.939980449657869,0.8230860159273395
0.5500000000000002,0.45000000000000007,0.04,875.0,207,58,0.9207497401045789,0.8901216841219933
0.5500000000000002,0.5000000000000001,0.04,875.0,207,58,0.9207497401045789,0.8901216841219933
0.5000000000000001,0.45000000000000007,0.30000000000000004,876.0,98,76,0.9104532265822588,0.914261358700886
0.5000000000000001,0.45000000000000007,0.3500000000000001,876.0,98,76,0.9104532265822588,0.914261358700886
0.5000000000000001,0.5000000000000001,0.30000000000000004,876.0,98,76,0.9104532265822588,0.914261358700886
0.5000000000000001,0.5000000000000001,0.3500000000000001,876.0,98,76,0.9104532265822588,0.914261358700886
0.6500000000000002,0.40000000000000013,0.01,877.0,340,41,0.9319430867817964,0.8590178288002623
0.7500000000000002,0.03,0.03,878.0,362,36,0.9311827956989247,0.8327180311462618
0.6500000000000002,0.30000000000000004,0.01,879.0,342,41,0.9319430867817964,0.8580908827717718
0.6500000000000002,0.3500000000000001,0.01,879.0,342,41,0.9319430867817964,0.8580908827717718
0.8000000000000003,0.15,0.08,880.0,203,50,0.9116200406522988,0.8748855732908011
0.8000000000000003,0.15,0.09,880.0,203,50,0.9116200406522988,0.8748855732908011
0.8000000000000003,0.15,0.09999999999999999,880.0,203,50,0.9116200406522988,0.8748855732908011
0.8000000000000003,0.2,0.08,880.0,203,50,0.9116200406522988,0.8748855732908011
0.8000000000000003,0.2,0.09,880.0,203,50,0.9116200406522988,0.8748855732908011
0.8000000000000003,0.2,0.09999999999999999,880.0,203,50,0.9116200406522988,0.8748855732908011
0.8000000000000003,0.25,0.08,880.0,203,50,0.9116200406522988,0.8748855732908011
0.8000000000000003,0.25,0.09,880.0,203,50,0.9116200406522988,0.8748855732908011
0.8000000000000003,0.25,0.09999999999999999,880.0,203,50,0.9116200406522988,0.8748855732908011
0.6500000000000002,0.02,0.01,881.0,484,27,0.9467579015966111,0.8112578240690835
0.6000000000000002,0.45000000000000007,0.08,881.0,154,63,0.9132554422877005,0.8997061494133712
0.6000000000000002,0.45000000000000007,0.09,881.0,154,63,0.9132554422877005,0.8997061494133712
0.6000000000000002,0.45000000000000007,0.09999999999999999,881.0,154,63,0.9132554422877005,0.8997061494133712
0.6000000000000002,0.5000000000000001,0.08,881.0,154,63,0.9132554422877005,0.8997061494133712
0.6000000000000002,0.5000000000000001,0.09,881.0,154,63,0.9132554422877005,0.8997061494133712
0.6000000000000002,0.5000000000000001,0.09999999999999999,881.0,154,63,0.9132554422877005,0.8997061494133712
0.6500000000000002,0.40000000000000013,0.40000000000000013,881.0,106,75,0.9075703269251657,0.9061550472394743
0.7500000000000002,0.15,0.02,882.0,323,40,0.9266086362860556,0.8545294876816616
0.7500000000000002,0.2,0.02,882.0,323,40,0.9266086362860556,0.8545294876816616
0.7500000000000002,0.25,0.02,882.0,323,40,0.9266086362860556,0.8545294876816616
0.8000000000000003,0.15,0.06999999999999999,883.0,206,50,0.9116200406522988,0.8740708623445649
0.8000000000000003,0.2,0.06999999999999999,883.0,206,50,0.9116200406522988,0.8740708623445649
0.8000000000000003,0.25,0.06999999999999999,883.0,206,50,0.9116200406522988,0.8740708623445649
0.6000000000000002,0.45000000000000007,0.06999999999999999,884.0,157,63,0.9132554422877005,0.898891438467135
0.6000000000000002,0.5000000000000001,0.06999999999999999,884.0,157,63,0.9132554422877005,0.898891438467135
0.8000000000000003,0.15,0.15,887.0,161,57,0.9066021195053454,0.8842610592969349
0.8000000000000003,0.2,0.15,887.0,161,57,0.9066021195053454,0.8842610592969349
0.8000000000000003,0.2,0.2,887.0,161,57,0.9066021195053454,0.8842610592969349
0.8000000000000003,0.25,0.15,887.0,161,57,0.9066021195053454,0.8842610592969349
0.8000000000000003,0.25,0.2,887.0,161,57,0.9066021195053454,0.8842610592969349
0.7000000000000002,0.40000000000000013,0.02,888.0,299,45,0.9251656348430543,0.8653568375781179
0.6000000000000002,0.45000000000000007,0.15,888.0,112,70,0.9082375211407471,0.909081635419505
0.6000000000000002,0.45000000000000007,0.2,888.0,112,70,0.9082375211407471,0.909081635419505
0.6000000000000002,0.5000000000000001,0.15,888.0,112,70,0.9082375211407471,0.909081635419505
0.6000000000000002,0.5000000000000001,0.2,888.0,112,70,0.9082375211407471,0.909081635419505
0.7000000000000002,0.30000000000000004,0.02,890.0,301,45,0.9251656348430543,0.8644298915496275
0.7000000000000002,0.3500000000000001,0.02,890.0,301,45,0.9251656348430543,0.8644298915496275
0.7500000000000002,0.40000000000000013,0.03,891.0,235,50,0.91636798088411,0.8749888527970401
0.7000000000000002,0.02,0.02,892.0,443,31,0.939980449657869,0.8175968328469391
0.7000000000000002,0.04,0.01,893.0,451,30,0.9406972955360052,0.819810377396283
0.8000000000000003,0.08,0.08,893.0,266,45,0.9169110459433041,0.8524135199595072
0.8000000000000003,0.09,0.08,893.0,266,45,0.9169110459433041,0.8524135199595072
0.8000000000000003,0.09,0.09,893.0,266,45,0.9169110459433041,0.8524135199595072
0.8000000000000003,0.09999999999999999,0.08,893.0,266,45,0.9169110459433041,0.8524135199595072
0.8000000000000003,0.09999999999999999,0.09,893.0,266,45,0.9169110459433041,0.8524135199595072
0.8000000000000003,0.09999999999999999,0.09999999999999999,893.0,266,45,0.9169110459433041,0.8524135199595072
0.7500000000000002,0.30000000000000004,0.03,893.0,237,50,0.91636798088411,0.8740619067685494
0.7500000000000002,0.3500000000000001,0.03,893.0,237,50,0.91636798088411,0.8740619067685494
0.7500000000000002,0.40000000000000013,0.05,893.0,230,51,0.9156511350059736,0.8758736756758939
0.7500000000000002,0.40000000000000013,0.060000000000000005,893.0,230,51,0.9156511350059736,0.8758736756758939
0.7500000000000002,0.05,0.02,895.0,386,35,0.931899641577061,0.8320574343503676
0.7500000000000002,0.060000000000000005,0.02,895.0,386,35,0.931899641577061,0.8320574343503676
0.7500000000000002,0.06999999999999999,0.02,895.0,386,35,0.931899641577061,0.8320574343503676
0.7500000000000002,0.08,0.02,895.0,386,35,0.931899641577061,0.8320574343503676
0.7500000000000002,0.09,0.02,895.0,386,35,0.931899641577061,0.8320574343503676
0.7500000000000002,0.09999999999999999,0.02,895.0,386,35,0.931899641577061,0.8320574343503676
0.7500000000000002,0.40000000000000013,0.04,895.0,232,51,0.9156511350059736,0.875378374190661
0.7500000000000002,0.30000000000000004,0.05,895.0,232,51,0.9156511350059736,0.8749467296474034
0.7500000000000002,0.30000000000000004,0.060000000000000005,895.0,232,51,0.9156511350059736,0.8749467296474034
0.7500000000000002,0.3500000000000001,0.05,895.0,232,51,0.9156511350059736,0.8749467296474034
0.7500000000000002,0.3500000000000001,0.060000000000000005,895.0,232,51,0.9156511350059736,0.8749467296474034
0.8000000000000003,0.06999999999999999,0.06999999999999999,896.0,269,45,0.9169110459433041,0.851598809013271
0.8000000000000003,0.08,0.06999999999999999,896.0,269,45,0.9169110459433041,0.851598809013271
0.8000000000000003,0.09,0.06999999999999999,896.0,269,45,0.9169110459433041,0.851598809013271
0.8000000000000003,0.09999999999999999,0.06999999999999999,896.0,269,45,0.9169110459433041,0.851598809013271
0.45000000000000007,0.45000000000000007,0.45000000000000007,896.0,67,89,0.9076510108768173,0.9219695804325058
0.7500000000000002,0.30000000000000004,0.04,897.0,234,51,0.9156511350059736,0.8744514281621706
0.7500000000000002,0.3500000000000001,0.04,897.0,234,51,0.9156511350059736,0.8744514281621706
0.5500000000000002,0.5500000000000002,0.03,898.0,207,60,0.9182919828081119,0.8894761902644741
0.5500000000000002,0.45000000000000007,0.25,898.0,97,77,0.9071296684199911,0.9133369823024995
0.5500000000000002,0.5000000000000001,0.25,898.0,97,77,0.9071296684199911,0.9133369823024995
0.5000000000000001,0.45000000000000007,0.02,899.0,275,54,0.9262238359012552,0.876482399538678
0.5000000000000001,0.5000000000000001,0.02,899.0,275,54,0.9262238359012552,0.876482399538678
0.5500000000000002,0.5500000000000002,0.05,900.0,202,61,0.9175751369299757,0.890361013143328
0.5500000000000002,0.5500000000000002,0.060000000000000005,900.0,202,61,0.9175751369299757,0.890361013143328
0.5500000000000002,0.5500000000000002,0.04,902.0,204,61,0.9175751369299757,0.889865711658095
0.5500000000000002,0.45000000000000007,0.30000000000000004,905.0,97,78,0.9064128225418547,0.912963564950262
0.5500000000000002,0.45000000000000007,0.3500000000000001,905.0,97,78,0.9064128225418547,0.912963564950262
0.5500000000000002,0.5000000000000001,0.30000000000000004,905.0,97,78,0.9064128225418547,0.912963564950262
0.5500000000000002,0.5000000000000001,0.3500000000000001,905.0,97,78,0.9064128225418547,0.912963564950262
0.7000000000000002,0.03,0.01,907.0,465,30,0.9406972955360052,0.8151111292759823
0.6000000000000002,0.5500000000000002,0.08,908.0,151,66,0.9100808391130971,0.899450176949473
0.6000000000000002,0.5500000000000002,0.09,908.0,151,66,0.9100808391130971,0.899450176949473
0.6000000000000002,0.5500000000000002,0.09999999999999999,908.0,151,66,0.9100808391130971,0.899450176949473
0.6000000000000002,0.6000000000000002,0.08,908.0,151,66,0.9100808391130971,0.899450176949473
0.6000000000000002,0.6000000000000002,0.09,908.0,151,66,0.9100808391130971,0.899450176949473
0.6000000000000002,0.6000000000000002,0.09999999999999999,908.0,151,66,0.9100808391130971,0.899450176949473
0.6000000000000002,0.5500000000000002,0.06999999999999999,911.0,154,66,0.9100808391130971,0.8986354660032368
0.6000000000000002,0.6000000000000002,0.06999999999999999,911.0,154,66,0.9100808391130971,0.8986354660032368
0.7500000000000002,0.15,0.01,914.0,362,39,0.9273254821641919,0.8465546010303043
0.7500000000000002,0.2,0.01,914.0,362,39,0.9273254821641919,0.8465546010303043
0.7500000000000002,0.25,0.01,914.0,362,39,0.9273254821641919,0.8465546010303043
0.8000000000000003,0.15,0.03,915.0,259,47,0.9137705782867074,0.8614520831462987
0.8000000000000003,0.2,0.03,915.0,259,47,0.9137705782867074,0.8614520831462987
0.8000000000000003,0.25,0.03,915.0,259,47,0.9137705782867074,0.8614520831462987
0.6000000000000002,0.5500000000000002,0.15,915.0,109,73,0.9050629179661437,0.9088256629556067
0.6000000000000002,0.5500000000000002,0.2,915.0,109,73,0.9050629179661437,0.9088256629556067
0.6000000000000002,0.6000000000000002,0.15,915.0,109,73,0.9050629179661437,0.9088256629556067
0.6000000000000002,0.6000000000000002,0.2,915.0,109,73,0.9050629179661437,0.9088256629556067
0.6000000000000002,0.45000000000000007,0.03,916.0,210,60,0.915405979922109,0.8862726592688689
0.6000000000000002,0.5000000000000001,0.03,916.0,210,60,0.915405979922109,0.8862726592688689
0.8000000000000003,0.15,0.05,917.0,254,48,0.9130537324085711,0.8623369060251527
0.8000000000000003,0.15,0.060000000000000005,917.0,254,48,0.9130537324085711,0.8623369060251527
0.8000000000000003,0.2,0.05,917.0,254,48,0.9130537324085711,0.8623369060251527
0.8000000000000003,0.2,0.060000000000000005,917.0,254,48,0.9130537324085711,0.8623369060251527
0.8000000000000003,0.25,0.05,917.0,254,48,0.9130537324085711,0.8623369060251527
0.8000000000000003,0.25,0.060000000000000005,917.0,254,48,0.9130537324085711,0.8623369060251527
0.6000000000000002,0.45000000000000007,0.05,918.0,205,61,0.9146891340439728,0.8871574821477228
0.6000000000000002,0.45000000000000007,0.060000000000000005,918.0,205,61,0.9146891340439728,0.8871574821477228
0.6000000000000002,0.5000000000000001,0.05,918.0,205,61,0.9146891340439728,0.8871574821477228
0.6000000000000002,0.5000000000000001,0.060000000000000005,918.0,205,61,0.9146891340439728,0.8871574821477228
0.7500000000000002,0.40000000000000013,0.25,918.0,122,70,0.9020310633213859,0.8985936723711672
0.6500000000000002,0.01,0.01,919.0,522,27,0.9467579015966111,0.7997790303493358
0.8000000000000003,0.15,0.04,919.0,256,48,0.9130537324085711,0.8618416045399196
0.8000000000000003,0.2,0.04,919.0,256,48,0.9130537324085711,0.8618416045399196
0.8000000000000003,0.25,0.04,919.0,256,48,0.9130537324085711,0.8618416045399196
0.7000000000000002,0.40000000000000013,0.01,920.0,338,44,0.9258824807211905,0.8573819509267606
0.6000000000000002,0.45000000000000007,0.04,920.0,207,61,0.9146891340439728,0.8866621806624898
0.6000000000000002,0.5000000000000001,0.04,920.0,207,61,0.9146891340439728,0.8866621806624898
0.7500000000000002,0.30000000000000004,0.25,920.0,124,70,0.9020310633213859,0.8976667263426767
0.7500000000000002,0.3500000000000001,0.25,920.0,124,70,0.9020310633213859,0.8976667263426767
0.7500000000000002,0.04,0.02,921.0,412,35,0.931899641577061,0.8228697223262441
0.7000000000000002,0.30000000000000004,0.01,922.0,340,44,0.9258824807211905,0.8564550048982702
0.7000000000000002,0.3500000000000001,0.01,922.0,340,44,0.9258824807211905,0.8564550048982702
0.7000000000000002,0.02,0.01,924.0,482,30,0.9406972955360052,0.8096219461955819
0.7000000000000002,0.40000000000000013,0.40000000000000013,924.0,104,78,0.9015097208645596,0.9045191693659728
0.6500000000000002,0.45000000000000007,0.08,925.0,153,66,0.9071948362270943,0.8971531468603687
0.6500000000000002,0.45000000000000007,0.09,925.0,153,66,0.9071948362270943,0.8971531468603687
0.6500000000000002,0.45000000000000007,0.09999999999999999,925.0,153,66,0.9071948362270943,0.8971531468603687
0.6500000000000002,0.5000000000000001,0.08,925.0,153,66,0.9071948362270943,0.8971531468603687
0.6500000000000002,0.5000000000000001,0.09,925.0,153,66,0.9071948362270943,0.8971531468603687
0.6500000000000002,0.5000000000000001,0.09999999999999999,925.0,153,66,0.9071948362270943,0.8971531468603687
0.5500000000000002,0.5500000000000002,0.25,925.0,94,80,0.9039550652453879,0.9130810098386012
0.7500000000000002,0.40000000000000013,0.30000000000000004,925.0,122,71,0.9013142174432497,0.8982202550189297
0.7500000000000002,0.40000000000000013,0.3500000000000001,925.0,122,71,0.9013142174432497,0.8982202550189297
0.7500000000000002,0.05,0.01,927.0,425,34,0.9326164874551971,0.8240825476990103
0.7500000000000002,0.060000000000000005,0.01,927.0,425,34,0.9326164874551971,0.8240825476990103
0.7500000000000002,0.06999999999999999,0.01,927.0,425,34,0.9326164874551971,0.8240825476990103
0.7500000000000002,0.08,0.01,927.0,425,34,0.9326164874551971,0.8240825476990103
0.7500000000000002,0.09,0.01,927.0,425,34,0.9326164874551971,0.8240825476990103
0.7500000000000002,0.09999999999999999,0.01,927.0,425,34,0.9326164874551971,0.8240825476990103
0.7500000000000002,0.30000000000000004,0.30000000000000004,927.0,124,71,0.9013142174432497,0.897293308990439
0.7500000000000002,0.3500000000000001,0.30000000000000004,927.0,124,71,0.9013142174432497,0.897293308990439
0.7500000000000002,0.3500000000000001,0.3500000000000001,927.0,124,71,0.9013142174432497,0.897293308990439
0.5500000000000002,0.45000000000000007,0.02,928.0,274,56,0.9221834318608512,0.875184605788054
0.5500000000000002,0.5000000000000001,0.02,928.0,274,56,0.9221834318608512,0.875184605788054
0.8000000000000003,0.05,0.03,928.0,322,42,0.9190615835777126,0.8389800298150049
0.8000000000000003,0.060000000000000005,0.03,928.0,322,42,0.9190615835777126,0.8389800298150049
0.8000000000000003,0.06999999999999999,0.03,928.0,322,42,0.9190615835777126,0.8389800298150049
0.8000000000000003,0.08,0.03,928.0,322,42,0.9190615835777126,0.8389800298150049
0.8000000000000003,0.09,0.03,928.0,322,42,0.9190615835777126,0.8389800298150049
0.8000000000000003,0.09999999999999999,0.03,928.0,322,42,0.9190615835777126,0.8389800298150049
0.6500000000000002,0.45000000000000007,0.06999999999999999,928.0,156,66,0.9071948362270943,0.8963384359141325
0.6500000000000002,0.5000000000000001,0.06999999999999999,928.0,156,66,0.9071948362270943,0.8963384359141325
0.8000000000000003,0.05,0.05,930.0,317,43,0.9183447376995764,0.8398648526938587
0.8000000000000003,0.060000000000000005,0.05,930.0,317,43,0.9183447376995764,0.8398648526938587
0.8000000000000003,0.060000000000000005,0.060000000000000005,930.0,317,43,0.9183447376995764,0.8398648526938587
0.8000000000000003,0.06999999999999999,0.05,930.0,317,43,0.9183447376995764,0.8398648526938587
0.8000000000000003,0.06999999999999999,0.060000000000000005,930.0,317,43,0.9183447376995764,0.8398648526938587
0.8000000000000003,0.08,0.05,930.0,317,43,0.9183447376995764,0.8398648526938587
0.8000000000000003,0.08,0.060000000000000005,930.0,317,43,0.9183447376995764,0.8398648526938587
0.8000000000000003,0.09,0.05,930.0,317,43,0.9183447376995764,0.8398648526938587
0.8000000000000003,0.09,0.060000000000000005,930.0,317,43,0.9183447376995764,0.8398648526938587
0.8000000000000003,0.09999999999999999,0.05,930.0,317,43,0.9183447376995764,0.8398648526938587
0.8000000000000003,0.09999999999999999,0.060000000000000005,930.0,317,43,0.9183447376995764,0.8398648526938587
0.5000000000000001,0.45000000000000007,0.01,931.0,314,53,0.9269406817793916,0.8685075128873208
0.5000000000000001,0.5000000000000001,0.01,931.0,314,53,0.9269406817793916,0.8685075128873208
0.8000000000000003,0.05,0.04,932.0,319,43,0.9183447376995764,0.8393695512086259
0.8000000000000003,0.060000000000000005,0.04,932.0,319,43,0.9183447376995764,0.8393695512086259
0.8000000000000003,0.06999999999999999,0.04,932.0,319,43,0.9183447376995764,0.8393695512086259
0.8000000000000003,0.08,0.04,932.0,319,43,0.9183447376995764,0.8393695512086259
0.8000000000000003,0.09,0.04,932.0,319,43,0.9183447376995764,0.8393695512086259
0.8000000000000003,0.09999999999999999,0.04,932.0,319,43,0.9183447376995764,0.8393695512086259
0.5500000000000002,0.5500000000000002,0.30000000000000004,932.0,94,81,0.9032382193672516,0.9127075924863637
0.5500000000000002,0.5500000000000002,0.3500000000000001,932.0,94,81,0.9032382193672516,0.9127075924863637
0.6500000000000002,0.45000000000000007,0.15,932.0,111,73,0.9021769150801409,0.9065286328665025
0.6500000000000002,0.45000000000000007,0.2,932.0,111,73,0.9021769150801409,0.9065286328665025
0.6500000000000002,0.5000000000000001,0.15,932.0,111,73,0.9021769150801409,0.9065286328665025
0.6500000000000002,0.5000000000000001,0.2,932.0,111,73,0.9021769150801409,0.9065286328665025
0.7500000000000002,0.03,0.02,935.0,426,35,0.931899641577061,0.8181704742059434
0.5000000000000001,0.45000000000000007,0.40000000000000013,935.0,80,87,0.9025679219227607,0.9156447313265327
0.5000000000000001,0.5000000000000001,0.40000000000000013,935.0,80,87,0.9025679219227607,0.9156447313265327
0.8000000000000003,0.25,0.25,942.0,146,67,0.8994336607239833,0.8850569027204259
0.6000000000000002,0.5500000000000002,0.03,943.0,207,63,0.9122313767475058,0.8860166868049707
0.6000000000000002,0.6000000000000002,0.03,943.0,207,63,0.9122313767475058,0.8860166868049707
0.6000000000000002,0.45000000000000007,0.25,943.0,97,80,0.901069062359385,0.9098774788429961
0.6000000000000002,0.5000000000000001,0.25,943.0,97,80,0.901069062359385,0.9098774788429961
0.6000000000000002,0.5500000000000002,0.05,945.0,202,64,0.9115145308693696,0.8869015096838245
0.6000000000000002,0.5500000000000002,0.060000000000000005,945.0,202,64,0.9115145308693696,0.8869015096838245
0.6000000000000002,0.6000000000000002,0.05,945.0,202,64,0.9115145308693696,0.8869015096838245
0.6000000000000002,0.6000000000000002,0.060000000000000005,945.0,202,64,0.9115145308693696,0.8869015096838245
0.8000000000000003,0.40000000000000013,0.08,946.0,179,59,0.9020962311284894,0.8807973814658613
0.8000000000000003,0.40000000000000013,0.09,946.0,179,59,0.9020962311284894,0.8807973814658613
0.8000000000000003,0.40000000000000013,0.09999999999999999,946.0,179,59,0.9020962311284894,0.8807973814658613
0.6000000000000002,0.5500000000000002,0.04,947.0,204,64,0.9115145308693696,0.8864062081985916
0.6000000000000002,0.6000000000000002,0.04,947.0,204,64,0.9115145308693696,0.8864062081985916
0.7500000000000002,0.40000000000000013,0.02,948.0,299,49,0.9170848267622461,0.8604412958567217
0.8000000000000003,0.30000000000000004,0.08,948.0,181,59,0.9020962311284894,0.8798704354373706
0.8000000000000003,0.30000000000000004,0.09,948.0,181,59,0.9020962311284894,0.8798704354373706
0.8000000000000003,0.30000000000000004,0.09999999999999999,948.0,181,59,0.9020962311284894,0.8798704354373706
0.8000000000000003,0.3500000000000001,0.08,948.0,181,59,0.9020962311284894,0.8798704354373706
0.8000000000000003,0.3500000000000001,0.09,948.0,181,59,0.9020962311284894,0.8798704354373706
0.8000000000000003,0.3500000000000001,0.09999999999999999,948.0,181,59,0.9020962311284894,0.8798704354373706
0.8000000000000003,0.40000000000000013,0.06999999999999999,949.0,182,59,0.9020962311284894,0.8799826705196251
0.7500000000000002,0.30000000000000004,0.02,950.0,301,49,0.9170848267622461,0.8595143498282312
0.7500000000000002,0.3500000000000001,0.02,950.0,301,49,0.9170848267622461,0.8595143498282312
0.6000000000000002,0.45000000000000007,0.30000000000000004,950.0,97,81,0.9003522164812487,0.9095040614907585
0.6000000000000002,0.45000000000000007,0.3500000000000001,950.0,97,81,0.9003522164812487,0.9095040614907585
0.6000000000000002,0.5000000000000001,0.30000000000000004,950.0,97,81,0.9003522164812487,0.9095040614907585
0.6000000000000002,0.5000000000000001,0.3500000000000001,950.0,97,81,0.9003522164812487,0.9095040614907585
0.8000000000000003,0.30000000000000004,0.06999999999999999,951.0,184,59,0.9020962311284894,0.8790557244911344
0.8000000000000003,0.3500000000000001,0.06999999999999999,951.0,184,59,0.9020962311284894,0.8790557244911344
0.7500000000000002,0.02,0.02,952.0,443,35,0.931899641577061,0.8126812911255429
0.6500000000000002,0.5500000000000002,0.08,952.0,150,69,0.9040202330524911,0.8968971743964703
0.6500000000000002,0.5500000000000002,0.09,952.0,150,69,0.9040202330524911,0.8968971743964703
0.6500000000000002,0.5500000000000002,0.09999999999999999,952.0,150,69,0.9040202330524911,0.8968971743964703
0.6500000000000002,0.6000000000000002,0.08,952.0,150,69,0.9040202330524911,0.8968971743964703
0.6500000000000002,0.6000000000000002,0.09,952.0,150,69,0.9040202330524911,0.8968971743964703
0.6500000000000002,0.6000000000000002,0.09999999999999999,952.0,150,69,0.9040202330524911,0.8968971743964703
0.7500000000000002,0.04,0.01,953.0,451,34,0.9326164874551971,0.8148948356748869
0.8000000000000003,0.40000000000000013,0.15,953.0,137,66,0.8970783099815359,0.890172867471995
0.8000000000000003,0.40000000000000013,0.2,953.0,137,66,0.8970783099815359,0.890172867471995
0.8000000000000003,0.04,0.03,954.0,348,42,0.9190615835777126,0.8297923177908814
0.5500000000000002,0.5500000000000002,0.02,955.0,271,59,0.919008828686248,0.8749286333241558
0.6500000000000002,0.5500000000000002,0.06999999999999999,955.0,153,69,0.9040202330524911,0.8960824634502341
0.6500000000000002,0.6000000000000002,0.06999999999999999,955.0,153,69,0.9040202330524911,0.8960824634502341
0.8000000000000003,0.30000000000000004,0.15,955.0,139,66,0.8970783099815359,0.8892459214435045
0.8000000000000003,0.30000000000000004,0.2,955.0,139,66,0.8970783099815359,0.8892459214435045
0.8000000000000003,0.3500000000000001,0.15,955.0,139,66,0.8970783099815359,0.8892459214435045
0.8000000000000003,0.3500000000000001,0.2,955.0,139,66,0.8970783099815359,0.8892459214435045
0.8000000000000003,0.04,0.04,958.0,345,43,0.9183447376995764,0.8301818391845023
0.6500000000000002,0.5500000000000002,0.15,959.0,108,76,0.8990023119055377,0.9062726604026041
0.6500000000000002,0.5500000000000002,0.2,959.0,108,76,0.8990023119055377,0.9062726604026041
0.6500000000000002,0.6000000000000002,0.15,959.0,108,76,0.8990023119055377,0.9062726604026041
0.6500000000000002,0.6000000000000002,0.2,959.0,108,76,0.8990023119055377,0.9062726604026041
0.5500000000000002,0.45000000000000007,0.01,960.0,313,55,0.9229002777389873,0.8672097191366968
0.5500000000000002,0.5000000000000001,0.01,960.0,313,55,0.9229002777389873,0.8672097191366968
0.6500000000000002,0.45000000000000007,0.03,960.0,209,63,0.9093453738615028,0.8837196567158664
0.6500000000000002,0.5000000000000001,0.03,960.0,209,63,0.9093453738615028,0.8837196567158664
0.7000000000000002,0.01,0.01,962.0,520,30,0.9406972955360052,0.7981431524758342
0.6500000000000002,0.45000000000000007,0.05,962.0,204,64,0.9086285279833667,0.8846044795947203
0.6500000000000002,0.45000000000000007,0.060000000000000005,962.0,204,64,0.9086285279833667,0.8846044795947203
0.6500000000000002,0.5000000000000001,0.05,962.0,204,64,0.9086285279833667,0.8846044795947203
0.6500000000000002,0.5000000000000001,0.060000000000000005,962.0,204,64,0.9086285279833667,0.8846044795947203
0.6500000000000002,0.45000000000000007,0.04,964.0,206,64,0.9086285279833667,0.8841091781094873
0.6500000000000002,0.5000000000000001,0.04,964.0,206,64,0.9086285279833667,0.8841091781094873
0.5500000000000002,0.45000000000000007,0.40000000000000013,964.0,79,89,0.8985275178823566,0.9143469375759089
0.5500000000000002,0.5000000000000001,0.40000000000000013,964.0,79,89,0.8985275178823566,0.9143469375759089
0.7500000000000002,0.03,0.01,967.0,465,34,0.9326164874551971,0.8101955875545861
0.8000000000000003,0.03,0.03,968.0,362,42,0.9190615835777126,0.8250930696705806
0.7000000000000002,0.45000000000000007,0.08,968.0,151,69,0.9011342301664881,0.895517268986867
0.7000000000000002,0.45000000000000007,0.09,968.0,151,69,0.9011342301664881,0.895517268986867
0.7000000000000002,0.45000000000000007,0.09999999999999999,968.0,151,69,0.9011342301664881,0.895517268986867
0.7000000000000002,0.5000000000000001,0.08,968.0,151,69,0.9011342301664881,0.895517268986867
0.7000000000000002,0.5000000000000001,0.09,968.0,151,69,0.9011342301664881,0.895517268986867
0.7000000000000002,0.5000000000000001,0.09999999999999999,968.0,151,69,0.9011342301664881,0.895517268986867
0.6000000000000002,0.5500000000000002,0.25,970.0,94,83,0.8978944591847817,0.9096215063790978
0.6000000000000002,0.6000000000000002,0.25,970.0,94,83,0.8978944591847817,0.9096215063790978
0.5000000000000001,0.45000000000000007,0.45000000000000007,970.0,66,94,0.8975500007758073,0.9173884794153461
0.5000000000000001,0.5000000000000001,0.45000000000000007,970.0,66,94,0.8975500007758073,0.9173884794153461
0.7000000000000002,0.45000000000000007,0.06999999999999999,971.0,154,69,0.9011342301664881,0.8947025580406308
0.7000000000000002,0.5000000000000001,0.06999999999999999,971.0,154,69,0.9011342301664881,0.8947025580406308
0.8000000000000003,0.15,0.02,972.0,323,46,0.9144874241648435,0.8469045262059804
0.8000000000000003,0.2,0.02,972.0,323,46,0.9144874241648435,0.8469045262059804
0.8000000000000003,0.25,0.02,972.0,323,46,0.9144874241648435,0.8469045262059804
0.6000000000000002,0.45000000000000007,0.02,973.0,274,59,0.9161228258002452,0.8717251023285506
0.6000000000000002,0.5000000000000001,0.02,973.0,274,59,0.9161228258002452,0.8717251023285506
0.7000000000000002,0.45000000000000007,0.15,975.0,109,76,0.8961163090195349,0.9048927549930008
0.7000000000000002,0.45000000000000007,0.2,975.0,109,76,0.8961163090195349,0.9048927549930008
0.7000000000000002,0.5000000000000001,0.15,975.0,109,76,0.8961163090195349,0.9048927549930008
0.7000000000000002,0.5000000000000001,0.2,975.0,109,76,0.8961163090195349,0.9048927549930008
0.6000000000000002,0.5500000000000002,0.30000000000000004,977.0,94,84,0.8971776133066456,0.9092480890268603
0.6000000000000002,0.5500000000000002,0.3500000000000001,977.0,94,84,0.8971776133066456,0.9092480890268603
0.6000000000000002,0.6000000000000002,0.30000000000000004,977.0,94,84,0.8971776133066456,0.9092480890268603
0.6000000000000002,0.6000000000000002,0.3500000000000001,977.0,94,84,0.8971776133066456,0.9092480890268603
0.7500000000000002,0.40000000000000013,0.01,980.0,338,48,0.9178016726403824,0.8524664092053644
0.8000000000000003,0.40000000000000013,0.03,981.0,235,56,0.9042467687628979,0.8673638913213589
0.7500000000000002,0.30000000000000004,0.01,982.0,340,48,0.9178016726403824,0.8515394631768739
0.7500000000000002,0.3500000000000001,0.01,982.0,340,48,0.9178016726403824,0.8515394631768739
0.8000000000000003,0.30000000000000004,0.03,983.0,237,56,0.9042467687628979,0.8664369452928683
0.8000000000000003,0.3500000000000001,0.03,983.0,237,56,0.9042467687628979,0.8664369452928683
0.8000000000000003,0.40000000000000013,0.05,983.0,230,57,0.9035299228847616,0.8682487142002128
0.8000000000000003,0.40000000000000013,0.060000000000000005,983.0,230,57,0.9035299228847616,0.8682487142002128
0.7500000000000002,0.02,0.01,984.0,482,34,0.9326164874551971,0.8047064044741856
0.7500000000000002,0.40000000000000013,0.40000000000000013,984.0,104,82,0.8934289127837515,0.8996036276445766
0.8000000000000003,0.05,0.02,985.0,386,41,0.9197784294558488,0.8244324728746865
0.8000000000000003,0.060000000000000005,0.02,985.0,386,41,0.9197784294558488,0.8244324728746865
0.8000000000000003,0.06999999999999999,0.02,985.0,386,41,0.9197784294558488,0.8244324728746865
0.8000000000000003,0.08,0.02,985.0,386,41,0.9197784294558488,0.8244324728746865
0.8000000000000003,0.09,0.02,985.0,386,41,0.9197784294558488,0.8244324728746865
0.8000000000000003,0.09999999999999999,0.02,985.0,386,41,0.9197784294558488,0.8244324728746865
0.8000000000000003,0.40000000000000013,0.04,985.0,232,57,0.9035299228847616,0.8677534127149799
0.8000000000000003,0.30000000000000004,0.05,985.0,232,57,0.9035299228847616,0.8673217681717222
0.8000000000000003,0.30000000000000004,0.060000000000000005,985.0,232,57,0.9035299228847616,0.8673217681717222
0.8000000000000003,0.3500000000000001,0.05,985.0,232,57,0.9035299228847616,0.8673217681717222
0.8000000000000003,0.3500000000000001,0.060000000000000005,985.0,232,57,0.9035299228847616,0.8673217681717222
0.5500000000000002,0.5500000000000002,0.01,987.0,310,58,0.9197256745643841,0.8669537466727985
0.6500000000000002,0.5500000000000002,0.03,987.0,206,66,0.9061707706868997,0.883463684251968
0.6500000000000002,0.6000000000000002,0.03,987.0,206,66,0.9061707706868997,0.883463684251968
0.8000000000000003,0.30000000000000004,0.04,987.0,234,57,0.9035299228847616,0.8668264666864894
0.8000000000000003,0.3500000000000001,0.04,987.0,234,57,0.9035299228847616,0.8668264666864894
0.6500000000000002,0.45000000000000007,0.25,987.0,96,83,0.8950084562987789,0.9073244762899936
0.6500000000000002,0.5000000000000001,0.25,987.0,96,83,0.8950084562987789,0.9073244762899936
0.6500000000000002,0.5500000000000002,0.05,989.0,201,67,0.9054539248087634,0.8843485071308219
0.6500000000000002,0.5500000000000002,0.060000000000000005,989.0,201,67,0.9054539248087634,0.8843485071308219
0.6500000000000002,0.6000000000000002,0.05,989.0,201,67,0.9054539248087634,0.8843485071308219
0.6500000000000002,0.6000000000000002,0.060000000000000005,989.0,201,67,0.9054539248087634,0.8843485071308219
0.6500000000000002,0.5500000000000002,0.04,991.0,203,67,0.9054539248087634,0.8838532056455891
0.6500000000000002,0.6000000000000002,0.04,991.0,203,67,0.9054539248087634,0.8838532056455891
0.5500000000000002,0.5500000000000002,0.40000000000000013,991.0,76,92,0.8953529147077535,0.9140909651120106
0.6500000000000002,0.45000000000000007,0.30000000000000004,994.0,96,84,0.8942916104206428,0.906951058937756
0.6500000000000002,0.45000000000000007,0.3500000000000001,994.0,96,84,0.8942916104206428,0.906951058937756
0.6500000000000002,0.5000000000000001,0.30000000000000004,994.0,96,84,0.8942916104206428,0.906951058937756
0.6500000000000002,0.5000000000000001,0.3500000000000001,994.0,96,84,0.8942916104206428,0.906951058937756
0.7000000000000002,0.5500000000000002,0.08,995.0,148,72,0.8979596269918849,0.8952612965229688
0.7000000000000002,0.5500000000000002,0.09,995.0,148,72,0.8979596269918849,0.8952612965229688
0.7000000000000002,0.5500000000000002,0.09999999999999999,995.0,148,72,0.8979596269918849,0.8952612965229688
0.7000000000000002,0.6000000000000002,0.08,995.0,148,72,0.8979596269918849,0.8952612965229688
0.7000000000000002,0.6000000000000002,0.09,995.0,148,72,0.8979596269918849,0.8952612965229688
0.7000000000000002,0.6000000000000002,0.09999999999999999,995.0,148,72,0.8979596269918849,0.8952612965229688
0.7000000000000002,0.5500000000000002,0.06999999999999999,998.0,151,72,0.8979596269918849,0.8944465855767326
0.7000000000000002,0.6000000000000002,0.06999999999999999,998.0,151,72,0.8979596269918849,0.8944465855767326
0.5500000000000002,0.45000000000000007,0.45000000000000007,999.0,65,96,0.8935095967354032,0.9160906856647221
0.5500000000000002,0.5000000000000001,0.45000000000000007,999.0,65,96,0.8935095967354032,0.9160906856647221
0.6000000000000002,0.5500000000000002,0.02,1000.0,271,62,0.912948222625642,0.8714691298646523
0.6000000000000002,0.6000000000000002,0.02,1000.0,271,62,0.912948222625642,0.8714691298646523
0.7000000000000002,0.5500000000000002,0.15,1002.0,106,79,0.8929417058449317,0.9046367825291025
0.7000000000000002,0.5500000000000002,0.2,1002.0,106,79,0.8929417058449317,0.9046367825291025
0.7000000000000002,0.6000000000000002,0.15,1002.0,106,79,0.8929417058449317,0.9046367825291025
0.7000000000000002,0.6000000000000002,0.2,1002.0,106,79,0.8929417058449317,0.9046367825291025
0.7000000000000002,0.45000000000000007,0.03,1003.0,207,66,0.9032847678008968,0.8820837788423647
0.7000000000000002,0.5000000000000001,0.03,1003.0,207,66,0.9032847678008968,0.8820837788423647
0.8000000000000003,0.15,0.01,1004.0,362,45,0.9152042700429798,0.8389296395546232
0.8000000000000003,0.2,0.01,1004.0,362,45,0.9152042700429798,0.8389296395546232
0.8000000000000003,0.25,0.01,1004.0,362,45,0.9152042700429798,0.8389296395546232
0.6000000000000002,0.45000000000000007,0.01,1005.0,313,58,0.9168396716783814,0.8637502156771933
0.6000000000000002,0.5000000000000001,0.01,1005.0,313,58,0.9168396716783814,0.8637502156771933
0.7000000000000002,0.45000000000000007,0.05,1005.0,202,67,0.9025679219227607,0.8829686017212186
0.7000000000000002,0.45000000000000007,0.060000000000000005,1005.0,202,67,0.9025679219227607,0.8829686017212186
0.7000000000000002,0.5000000000000001,0.05,1005.0,202,67,0.9025679219227607,0.8829686017212186
0.7000000000000002,0.5000000000000001,0.060000000000000005,1005.0,202,67,0.9025679219227607,0.8829686017212186
0.7000000000000002,0.45000000000000007,0.04,1007.0,204,67,0.9025679219227607,0.8824733002359858
0.7000000000000002,0.5000000000000001,0.04,1007.0,204,67,0.9025679219227607,0.8824733002359858
0.8000000000000003,0.40000000000000013,0.25,1008.0,122,76,0.8899098512001739,0.890968710895486
0.6000000000000002,0.45000000000000007,0.40000000000000013,1009.0,79,92,0.8924669118217506,0.9108874341164054
0.6000000000000002,0.5000000000000001,0.40000000000000013,1009.0,79,92,0.8924669118217506,0.9108874341164054
0.8000000000000003,0.30000000000000004,0.25,1010.0,124,76,0.8899098512001739,0.8900417648669956
0.8000000000000003,0.3500000000000001,0.25,1010.0,124,76,0.8899098512001739,0.8900417648669956
0.8000000000000003,0.04,0.02,1011.0,412,41,0.9197784294558488,0.815244760850563
0.6500000000000002,0.5500000000000002,0.25,1014.0,93,86,0.8918338531241757,0.9070685038260953
0.6500000000000002,0.6000000000000002,0.25,1014.0,93,86,0.8918338531241757,0.9070685038260953
0.8000000000000003,0.40000000000000013,0.30000000000000004,1015.0,122,77,0.8891930053220376,0.8905952935432485
0.8000000000000003,0.40000000000000013,0.3500000000000001,1015.0,122,77,0.8891930053220376,0.8905952935432485
0.8000000000000003,0.05,0.01,1017.0,425,40,0.9204952753339851,0.8164575862233292
0.8000000000000003,0.060000000000000005,0.01,1017.0,425,40,0.9204952753339851,0.8164575862233292
0.8000000000000003,0.06999999999999999,0.01,1017.0,425,40,0.9204952753339851,0.8164575862233292
0.8000000000000003,0.08,0.01,1017.0,425,40,0.9204952753339851,0.8164575862233292
0.8000000000000003,0.09,0.01,1017.0,425,40,0.9204952753339851,0.8164575862233292
0.8000000000000003,0.09999999999999999,0.01,1017.0,425,40,0.9204952753339851,0.8164575862233292
0.6500000000000002,0.45000000000000007,0.02,1017.0,273,62,0.9100622197396392,0.8691720997755481
0.6500000000000002,0.5000000000000001,0.02,1017.0,273,62,0.9100622197396392,0.8691720997755481
0.8000000000000003,0.30000000000000004,0.30000000000000004,1017.0,124,77,0.8891930053220376,0.8896683475147579
0.8000000000000003,0.3500000000000001,0.30000000000000004,1017.0,124,77,0.8891930053220376,0.8896683475147579
0.8000000000000003,0.3500000000000001,0.3500000000000001,1017.0,124,77,0.8891930053220376,0.8896683475147579
0.6500000000000002,0.5500000000000002,0.30000000000000004,1021.0,93,87,0.8911170072460394,0.9066950864738575
0.6500000000000002,0.5500000000000002,0.3500000000000001,1021.0,93,87,0.8911170072460394,0.9066950864738575
0.6500000000000002,0.6000000000000002,0.30000000000000004,1021.0,93,87,0.8911170072460394,0.9066950864738575
0.6500000000000002,0.6000000000000002,0.3500000000000001,1021.0,93,87,0.8911170072460394,0.9066950864738575
0.7500000000000002,0.01,0.01,1022.0,520,34,0.9326164874551971,0.793227610754438
0.8000000000000003,0.03,0.02,1025.0,426,41,0.9197784294558488,0.8105455127302622
0.5500000000000002,0.5500000000000002,0.45000000000000007,1026.0,62,99,0.8903349935608,0.9158347132008239
0.7500000000000002,0.45000000000000007,0.08,1028.0,151,73,0.8930534220856803,0.8906017272654708
0.7500000000000002,0.45000000000000007,0.09,1028.0,151,73,0.8930534220856803,0.8906017272654708
0.7500000000000002,0.45000000000000007,0.09999999999999999,1028.0,151,73,0.8930534220856803,0.8906017272654708
0.7500000000000002,0.5000000000000001,0.08,1028.0,151,73,0.8930534220856803,0.8906017272654708
0.7500000000000002,0.5000000000000001,0.09,1028.0,151,73,0.8930534220856803,0.8906017272654708
0.7500000000000002,0.5000000000000001,0.09999999999999999,1028.0,151,73,0.8930534220856803,0.8906017272654708
0.7000000000000002,0.5500000000000002,0.03,1030.0,204,69,0.9001101646262937,0.8818278063784665
0.7000000000000002,0.6000000000000002,0.03,1030.0,204,69,0.9001101646262937,0.8818278063784665
0.7000000000000002,0.45000000000000007,0.25,1030.0,94,86,0.8889478502381728,0.905688598416492
0.7000000000000002,0.5000000000000001,0.25,1030.0,94,86,0.8889478502381728,0.905688598416492
0.7500000000000002,0.45000000000000007,0.06999999999999999,1031.0,154,73,0.8930534220856803,0.8897870163192346
0.7500000000000002,0.5000000000000001,0.06999999999999999,1031.0,154,73,0.8930534220856803,0.8897870163192346
0.6000000000000002,0.5500000000000002,0.01,1032.0,310,61,0.9136650685037782,0.863494243213295
0.6000000000000002,0.6000000000000002,0.01,1032.0,310,61,0.9136650685037782,0.863494243213295
0.7000000000000002,0.5500000000000002,0.05,1032.0,199,70,0.8993933187481575,0.8827126292573203
0.7000000000000002,0.5500000000000002,0.060000000000000005,1032.0,199,70,0.8993933187481575,0.8827126292573203
0.7000000000000002,0.6000000000000002,0.05,1032.0,199,70,0.8993933187481575,0.8827126292573203
0.7000000000000002,0.6000000000000002,0.060000000000000005,1032.0,199,70,0.8993933187481575,0.8827126292573203
0.7000000000000002,0.5500000000000002,0.04,1034.0,201,70,0.8993933187481575,0.8822173277720874
0.7000000000000002,0.6000000000000002,0.04,1034.0,201,70,0.8993933187481575,0.8822173277720874
0.7500000000000002,0.45000000000000007,0.15,1035.0,109,80,0.8880355009387269,0.8999772132716046
0.7500000000000002,0.45000000000000007,0.2,1035.0,109,80,0.8880355009387269,0.8999772132716046
0.7500000000000002,0.5000000000000001,0.15,1035.0,109,80,0.8880355009387269,0.8999772132716046
0.7500000000000002,0.5000000000000001,0.2,1035.0,109,80,0.8880355009387269,0.8999772132716046
0.6000000000000002,0.5500000000000002,0.40000000000000013,1036.0,76,95,0.8892923086471473,0.9106314616525072
0.6000000000000002,0.6000000000000002,0.40000000000000013,1036.0,76,95,0.8892923086471473,0.9106314616525072
0.7000000000000002,0.45000000000000007,0.30000000000000004,1037.0,94,87,0.8882310043600365,0.9053151810642542
0.7000000000000002,0.45000000000000007,0.3500000000000001,1037.0,94,87,0.8882310043600365,0.9053151810642542
0.7000000000000002,0.5000000000000001,0.30000000000000004,1037.0,94,87,0.8882310043600365,0.9053151810642542
0.7000000000000002,0.5000000000000001,0.3500000000000001,1037.0,94,87,0.8882310043600365,0.9053151810642542
0.8000000000000003,0.40000000000000013,0.02,1038.0,299,55,0.904963614641034,0.8528163343810405
0.8000000000000003,0.30000000000000004,0.02,1040.0,301,55,0.904963614641034,0.85188938835255
0.8000000000000003,0.3500000000000001,0.02,1040.0,301,55,0.904963614641034,0.85188938835255
0.8000000000000003,0.02,0.02,1042.0,443,41,0.9197784294558488,0.8050563296498617
0.8000000000000003,0.04,0.01,1043.0,451,40,0.9204952753339851,0.8072698741992057
0.6500000000000002,0.5500000000000002,0.02,1044.0,270,65,0.9068876165650358,0.8689161273116497
0.6500000000000002,0.6000000000000002,0.02,1044.0,270,65,0.9068876165650358,0.8689161273116497
0.6000000000000002,0.45000000000000007,0.45000000000000007,1044.0,65,99,0.8874489906747972,0.9126311822052187
0.6000000000000002,0.5000000000000001,0.45000000000000007,1044.0,65,99,0.8874489906747972,0.9126311822052187
0.6500000000000002,0.45000000000000007,0.01,1049.0,312,61,0.9107790656177753,0.8611972131241908
0.6500000000000002,0.5000000000000001,0.01,1049.0,312,61,0.9107790656177753,0.8611972131241908
0.6500000000000002,0.45000000000000007,0.40000000000000013,1053.0,78,95,0.8864063057611444,0.9083344315634028
0.6500000000000002,0.5000000000000001,0.40000000000000013,1053.0,78,95,0.8864063057611444,0.9083344315634028
0.7500000000000002,0.5500000000000002,0.08,1055.0,148,76,0.889878818911077,0.8903457548015726
0.7500000000000002,0.5500000000000002,0.09,1055.0,148,76,0.889878818911077,0.8903457548015726
0.7500000000000002,0.5500000000000002,0.09999999999999999,1055.0,148,76,0.889878818911077,0.8903457548015726
0.7500000000000002,0.6000000000000002,0.08,1055.0,148,76,0.889878818911077,0.8903457548015726
0.7500000000000002,0.6000000000000002,0.09,1055.0,148,76,0.889878818911077,0.8903457548015726
0.7500000000000002,0.6000000000000002,0.09999999999999999,1055.0,148,76,0.889878818911077,0.8903457548015726
0.8000000000000003,0.03,0.01,1057.0,465,40,0.9204952753339851,0.802570626078905
0.7000000000000002,0.5500000000000002,0.25,1057.0,91,89,0.8857732470635696,0.9054326259525936
0.7000000000000002,0.6000000000000002,0.25,1057.0,91,89,0.8857732470635696,0.9054326259525936
0.7500000000000002,0.5500000000000002,0.06999999999999999,1058.0,151,76,0.889878818911077,0.8895310438553364
0.7500000000000002,0.6000000000000002,0.06999999999999999,1058.0,151,76,0.889878818911077,0.8895310438553364
0.7000000000000002,0.45000000000000007,0.02,1060.0,271,65,0.904001613679033,0.8675362219020464
0.7000000000000002,0.5000000000000001,0.02,1060.0,271,65,0.904001613679033,0.8675362219020464
0.8500000000000002,0.15,0.08,1060.0,203,62,0.8873776164098744,0.8586587869475366
0.8500000000000002,0.15,0.09,1060.0,203,62,0.8873776164098744,0.8586587869475366
0.8500000000000002,0.15,0.09999999999999999,1060.0,203,62,0.8873776164098744,0.8586587869475366
0.8500000000000002,0.2,0.08,1060.0,203,62,0.8873776164098744,0.8586587869475366
0.8500000000000002,0.2,0.09,1060.0,203,62,0.8873776164098744,0.8586587869475366
0.8500000000000002,0.2,0.09999999999999999,1060.0,203,62,0.8873776164098744,0.8586587869475366
0.8500000000000002,0.25,0.08,1060.0,203,62,0.8873776164098744,0.8586587869475366
0.8500000000000002,0.25,0.09,1060.0,203,62,0.8873776164098744,0.8586587869475366
0.8500000000000002,0.25,0.09999999999999999,1060.0,203,62,0.8873776164098744,0.8586587869475366
0.7500000000000002,0.5500000000000002,0.15,1062.0,106,83,0.8848608977641236,0.8997212408077063
0.7500000000000002,0.5500000000000002,0.2,1062.0,106,83,0.8848608977641236,0.8997212408077063
0.7500000000000002,0.6000000000000002,0.15,1062.0,106,83,0.8848608977641236,0.8997212408077063
0.7500000000000002,0.6000000000000002,0.2,1062.0,106,83,0.8848608977641236,0.8997212408077063
0.7500000000000002,0.45000000000000007,0.03,1063.0,207,70,0.8952039597200888,0.8771682371209685
0.7500000000000002,0.5000000000000001,0.03,1063.0,207,70,0.8952039597200888,0.8771682371209685
0.8500000000000002,0.15,0.06999999999999999,1063.0,206,62,0.8873776164098744,0.8578440760013004
0.8500000000000002,0.2,0.06999999999999999,1063.0,206,62,0.8873776164098744,0.8578440760013004
0.8500000000000002,0.25,0.06999999999999999,1063.0,206,62,0.8873776164098744,0.8578440760013004
0.7000000000000002,0.5500000000000002,0.30000000000000004,1064.0,91,90,0.8850564011854334,0.905059208600356
0.7000000000000002,0.5500000000000002,0.3500000000000001,1064.0,91,90,0.8850564011854334,0.905059208600356
0.7000000000000002,0.6000000000000002,0.30000000000000004,1064.0,91,90,0.8850564011854334,0.905059208600356
0.7000000000000002,0.6000000000000002,0.3500000000000001,1064.0,91,90,0.8850564011854334,0.905059208600356
0.7500000000000002,0.45000000000000007,0.05,1065.0,202,71,0.8944871138419526,0.8780530599998224
0.7500000000000002,0.45000000000000007,0.060000000000000005,1065.0,202,71,0.8944871138419526,0.8780530599998224
0.7500000000000002,0.5000000000000001,0.05,1065.0,202,71,0.8944871138419526,0.8780530599998224
0.7500000000000002,0.5000000000000001,0.060000000000000005,1065.0,202,71,0.8944871138419526,0.8780530599998224
0.7500000000000002,0.45000000000000007,0.04,1067.0,204,71,0.8944871138419526,0.8775577585145894
0.7500000000000002,0.5000000000000001,0.04,1067.0,204,71,0.8944871138419526,0.8775577585145894
0.8500000000000002,0.15,0.15,1067.0,161,69,0.8823596952629211,0.8680342729536704
0.8500000000000002,0.2,0.15,1067.0,161,69,0.8823596952629211,0.8680342729536704
0.8500000000000002,0.2,0.2,1067.0,161,69,0.8823596952629211,0.8680342729536704
0.8500000000000002,0.25,0.15,1067.0,161,69,0.8823596952629211,0.8680342729536704
0.8500000000000002,0.25,0.2,1067.0,161,69,0.8823596952629211,0.8680342729536704
0.8000000000000003,0.40000000000000013,0.01,1070.0,338,54,0.9056804605191703,0.8448414477296833
0.6000000000000002,0.5500000000000002,0.45000000000000007,1071.0,62,102,0.8842743875001938,0.9123752097413204
0.6000000000000002,0.6000000000000002,0.45000000000000007,1071.0,62,102,0.8842743875001938,0.9123752097413204
0.8000000000000003,0.30000000000000004,0.01,1072.0,340,54,0.9056804605191703,0.8439145017011928
0.8000000000000003,0.3500000000000001,0.01,1072.0,340,54,0.9056804605191703,0.8439145017011928
0.8500000000000002,0.08,0.08,1073.0,266,57,0.8926686217008797,0.8361867336162426
0.8500000000000002,0.09,0.08,1073.0,266,57,0.8926686217008797,0.8361867336162426
0.8500000000000002,0.09,0.09,1073.0,266,57,0.8926686217008797,0.8361867336162426
0.8500000000000002,0.09999999999999999,0.08,1073.0,266,57,0.8926686217008797,0.8361867336162426
0.8500000000000002,0.09999999999999999,0.09,1073.0,266,57,0.8926686217008797,0.8361867336162426
0.8500000000000002,0.09999999999999999,0.09999999999999999,1073.0,266,57,0.8926686217008797,0.8361867336162426
0.8000000000000003,0.02,0.01,1074.0,482,40,0.9204952753339851,0.7970814429985045
0.8000000000000003,0.40000000000000013,0.40000000000000013,1074.0,104,88,0.8813077006625395,0.8919786661688954
0.6500000000000002,0.5500000000000002,0.01,1076.0,309,64,0.9076044624431722,0.8609412406602924
0.6500000000000002,0.6000000000000002,0.01,1076.0,309,64,0.9076044624431722,0.8609412406602924
0.8500000000000002,0.06999999999999999,0.06999999999999999,1076.0,269,57,0.8926686217008797,0.8353720226700064
0.8500000000000002,0.08,0.06999999999999999,1076.0,269,57,0.8926686217008797,0.8353720226700064
0.8500000000000002,0.09,0.06999999999999999,1076.0,269,57,0.8926686217008797,0.8353720226700064
0.8500000000000002,0.09999999999999999,0.06999999999999999,1076.0,269,57,0.8926686217008797,0.8353720226700064
0.6500000000000002,0.5500000000000002,0.40000000000000013,1080.0,75,98,0.8832317025865413,0.9080784590995045
0.6500000000000002,0.6000000000000002,0.40000000000000013,1080.0,75,98,0.8832317025865413,0.9080784590995045
0.5000000000000001,0.5000000000000001,0.5000000000000001,1085.0,48,113,0.8839299290912194,0.9157099622907396
0.7000000000000002,0.5500000000000002,0.02,1087.0,268,68,0.9008270105044298,0.8672802494381481
0.7000000000000002,0.6000000000000002,0.02,1087.0,268,68,0.9008270105044298,0.8672802494381481
0.6500000000000002,0.45000000000000007,0.45000000000000007,1088.0,64,102,0.8813883846141911,0.9100781796522162
0.6500000000000002,0.5000000000000001,0.45000000000000007,1088.0,64,102,0.8813883846141911,0.9100781796522162
0.6500000000000002,0.6500000000000002,0.08,1089.0,147,83,0.8892054182376764,0.8898863430771474
0.6500000000000002,0.6500000000000002,0.09,1089.0,147,83,0.8892054182376764,0.8898863430771474
0.6500000000000002,0.6500000000000002,0.09999999999999999,1089.0,147,83,0.8892054182376764,0.8898863430771474
0.7500000000000002,0.5500000000000002,0.03,1090.0,204,73,0.8920293565454855,0.8769122646570703
0.7500000000000002,0.6000000000000002,0.03,1090.0,204,73,0.8920293565454855,0.8769122646570703
0.7500000000000002,0.45000000000000007,0.25,1090.0,94,90,0.8808670421573649,0.9007730566950957
0.7500000000000002,0.5000000000000001,0.25,1090.0,94,90,0.8808670421573649,0.9007730566950957
0.7000000000000002,0.45000000000000007,0.01,1092.0,310,64,0.9047184595571691,0.8595613352506891
0.7000000000000002,0.5000000000000001,0.01,1092.0,310,64,0.9047184595571691,0.8595613352506891
0.7500000000000002,0.5500000000000002,0.05,1092.0,199,74,0.8913125106673494,0.8777970875359241
0.7500000000000002,0.5500000000000002,0.060000000000000005,1092.0,199,74,0.8913125106673494,0.8777970875359241
0.7500000000000002,0.6000000000000002,0.05,1092.0,199,74,0.8913125106673494,0.8777970875359241
0.7500000000000002,0.6000000000000002,0.060000000000000005,1092.0,199,74,0.8913125106673494,0.8777970875359241
0.6500000000000002,0.6500000000000002,0.06999999999999999,1092.0,150,83,0.8892054182376764,0.8890716321309112
0.7500000000000002,0.5500000000000002,0.04,1094.0,201,74,0.8913125106673494,0.8773017860506912
0.7500000000000002,0.6000000000000002,0.04,1094.0,201,74,0.8913125106673494,0.8773017860506912
0.8500000000000002,0.15,0.03,1095.0,259,59,0.8895281540442831,0.8452252968030343
0.8500000000000002,0.2,0.03,1095.0,259,59,0.8895281540442831,0.8452252968030343
0.8500000000000002,0.25,0.03,1095.0,259,59,0.8895281540442831,0.8452252968030343
0.6500000000000002,0.6500000000000002,0.15,1096.0,105,90,0.884187497090723,0.8992618290832812
0.6500000000000002,0.6500000000000002,0.2,1096.0,105,90,0.884187497090723,0.8992618290832812
0.7000000000000002,0.45000000000000007,0.40000000000000013,1096.0,76,98,0.8803456997005384,0.9066985536899012
0.7000000000000002,0.5000000000000001,0.40000000000000013,1096.0,76,98,0.8803456997005384,0.9066985536899012
0.8500000000000002,0.15,0.05,1097.0,254,60,0.888811308166147,0.8461101196818882
0.8500000000000002,0.15,0.060000000000000005,1097.0,254,60,0.888811308166147,0.8461101196818882
0.8500000000000002,0.2,0.05,1097.0,254,60,0.888811308166147,0.8461101196818882
0.8500000000000002,0.2,0.060000000000000005,1097.0,254,60,0.888811308166147,0.8461101196818882
0.8500000000000002,0.25,0.05,1097.0,254,60,0.888811308166147,0.8461101196818882
0.8500000000000002,0.25,0.060000000000000005,1097.0,254,60,0.888811308166147,0.8461101196818882
0.7500000000000002,0.45000000000000007,0.30000000000000004,1097.0,94,91,0.8801501962792285,0.900399639342858
0.7500000000000002,0.45000000000000007,0.3500000000000001,1097.0,94,91,0.8801501962792285,0.900399639342858
0.7500000000000002,0.5000000000000001,0.30000000000000004,1097.0,94,91,0.8801501962792285,0.900399639342858
0.7500000000000002,0.5000000000000001,0.3500000000000001,1097.0,94,91,0.8801501962792285,0.900399639342858
0.8500000000000002,0.15,0.04,1099.0,256,60,0.888811308166147,0.8456148181966552
0.8500000000000002,0.2,0.04,1099.0,256,60,0.888811308166147,0.8456148181966552
0.8500000000000002,0.25,0.04,1099.0,256,60,0.888811308166147,0.8456148181966552
0.8500000000000002,0.05,0.03,1108.0,322,54,0.8948191593352884,0.8227532434717403
0.8500000000000002,0.060000000000000005,0.03,1108.0,322,54,0.8948191593352884,0.8227532434717403
0.8500000000000002,0.06999999999999999,0.03,1108.0,322,54,0.8948191593352884,0.8227532434717403
0.8500000000000002,0.08,0.03,1108.0,322,54,0.8948191593352884,0.8227532434717403
0.8500000000000002,0.09,0.03,1108.0,322,54,0.8948191593352884,0.8227532434717403
0.8500000000000002,0.09999999999999999,0.03,1108.0,322,54,0.8948191593352884,0.8227532434717403
0.8500000000000002,0.05,0.05,1110.0,317,55,0.8941023134571523,0.8236380663505942
0.8500000000000002,0.060000000000000005,0.05,1110.0,317,55,0.8941023134571523,0.8236380663505942
0.8500000000000002,0.060000000000000005,0.060000000000000005,1110.0,317,55,0.8941023134571523,0.8236380663505942
0.8500000000000002,0.06999999999999999,0.05,1110.0,317,55,0.8941023134571523,0.8236380663505942
0.8500000000000002,0.06999999999999999,0.060000000000000005,1110.0,317,55,0.8941023134571523,0.8236380663505942
0.8500000000000002,0.08,0.05,1110.0,317,55,0.8941023134571523,0.8236380663505942
0.8500000000000002,0.08,0.060000000000000005,1110.0,317,55,0.8941023134571523,0.8236380663505942
0.8500000000000002,0.09,0.05,1110.0,317,55,0.8941023134571523,0.8236380663505942
0.8500000000000002,0.09,0.060000000000000005,1110.0,317,55,0.8941023134571523,0.8236380663505942
0.8500000000000002,0.09999999999999999,0.05,1110.0,317,55,0.8941023134571523,0.8236380663505942
0.8500000000000002,0.09999999999999999,0.060000000000000005,1110.0,317,55,0.8941023134571523,0.8236380663505942
0.8000000000000003,0.01,0.01,1112.0,520,40,0.9204952753339851,0.7856026492787569
0.8500000000000002,0.05,0.04,1112.0,319,55,0.8941023134571523,0.8231427648653612
0.8500000000000002,0.060000000000000005,0.04,1112.0,319,55,0.8941023134571523,0.8231427648653612
0.8500000000000002,0.06999999999999999,0.04,1112.0,319,55,0.8941023134571523,0.8231427648653612
0.8500000000000002,0.08,0.04,1112.0,319,55,0.8941023134571523,0.8231427648653612
0.8500000000000002,0.09,0.04,1112.0,319,55,0.8941023134571523,0.8231427648653612
0.8500000000000002,0.09999999999999999,0.04,1112.0,319,55,0.8941023134571523,0.8231427648653612
0.5500000000000002,0.5000000000000001,0.5000000000000001,1114.0,47,115,0.8798895250508153,0.9144121685401156
0.6500000000000002,0.5500000000000002,0.45000000000000007,1115.0,61,105,0.8782137814395878,0.9098222071883179
0.6500000000000002,0.6000000000000002,0.45000000000000007,1115.0,61,105,0.8782137814395878,0.9098222071883179
0.7500000000000002,0.5500000000000002,0.25,1117.0,91,93,0.8776924389827615,0.9005170842311974
0.7500000000000002,0.6000000000000002,0.25,1117.0,91,93,0.8776924389827615,0.9005170842311974
0.8000000000000003,0.45000000000000007,0.08,1118.0,151,79,0.880932209964468,0.8829767657897897
0.8000000000000003,0.45000000000000007,0.09,1118.0,151,79,0.880932209964468,0.8829767657897897
0.8000000000000003,0.45000000000000007,0.09999999999999999,1118.0,151,79,0.880932209964468,0.8829767657897897
0.8000000000000003,0.5000000000000001,0.08,1118.0,151,79,0.880932209964468,0.8829767657897897
0.8000000000000003,0.5000000000000001,0.09,1118.0,151,79,0.880932209964468,0.8829767657897897
0.8000000000000003,0.5000000000000001,0.09999999999999999,1118.0,151,79,0.880932209964468,0.8829767657897897
0.7000000000000002,0.5500000000000002,0.01,1119.0,307,67,0.901543856382566,0.8593053627867908
0.7000000000000002,0.6000000000000002,0.01,1119.0,307,67,0.901543856382566,0.8593053627867908
0.7500000000000002,0.45000000000000007,0.02,1120.0,271,69,0.895920805598225,0.8626206801806502
0.7500000000000002,0.5000000000000001,0.02,1120.0,271,69,0.895920805598225,0.8626206801806502
0.8000000000000003,0.45000000000000007,0.06999999999999999,1121.0,154,79,0.880932209964468,0.8821620548435535
0.8000000000000003,0.5000000000000001,0.06999999999999999,1121.0,154,79,0.880932209964468,0.8821620548435535
0.8500000000000002,0.25,0.25,1122.0,146,79,0.8751912364815592,0.8688301163771613
0.7000000000000002,0.5500000000000002,0.40000000000000013,1123.0,73,101,0.8771710965259353,0.906442581226003
0.7000000000000002,0.6000000000000002,0.40000000000000013,1123.0,73,101,0.8771710965259353,0.906442581226003
0.6500000000000002,0.6500000000000002,0.03,1124.0,203,80,0.8913559558720849,0.8764528529326451
0.7500000000000002,0.5500000000000002,0.30000000000000004,1124.0,91,94,0.8769755931046254,0.9001436668789599
0.7500000000000002,0.5500000000000002,0.3500000000000001,1124.0,91,94,0.8769755931046254,0.9001436668789599
0.7500000000000002,0.6000000000000002,0.30000000000000004,1124.0,91,94,0.8769755931046254,0.9001436668789599
0.7500000000000002,0.6000000000000002,0.3500000000000001,1124.0,91,94,0.8769755931046254,0.9001436668789599
0.8000000000000003,0.45000000000000007,0.15,1125.0,109,86,0.8759142888175147,0.8923522517959235
0.8000000000000003,0.45000000000000007,0.2,1125.0,109,86,0.8759142888175147,0.8923522517959235
0.8000000000000003,0.5000000000000001,0.15,1125.0,109,86,0.8759142888175147,0.8923522517959235
0.8000000000000003,0.5000000000000001,0.2,1125.0,109,86,0.8759142888175147,0.8923522517959235
0.6500000000000002,0.6500000000000002,0.05,1126.0,198,81,0.8906391099939487,0.877337675811499
0.6500000000000002,0.6500000000000002,0.060000000000000005,1126.0,198,81,0.8906391099939487,0.877337675811499
0.8500000000000002,0.40000000000000013,0.08,1126.0,179,71,0.877853806886065,0.8645705951225967
0.8500000000000002,0.40000000000000013,0.09,1126.0,179,71,0.877853806886065,0.8645705951225967
0.8500000000000002,0.40000000000000013,0.09999999999999999,1126.0,179,71,0.877853806886065,0.8645705951225967
0.6500000000000002,0.6500000000000002,0.04,1128.0,200,81,0.8906391099939487,0.876842374326266
0.8500000000000002,0.30000000000000004,0.08,1128.0,181,71,0.877853806886065,0.8636436490941062
0.8500000000000002,0.30000000000000004,0.09,1128.0,181,71,0.877853806886065,0.8636436490941062
0.8500000000000002,0.30000000000000004,0.09999999999999999,1128.0,181,71,0.877853806886065,0.8636436490941062
0.8500000000000002,0.3500000000000001,0.08,1128.0,181,71,0.877853806886065,0.8636436490941062
0.8500000000000002,0.3500000000000001,0.09,1128.0,181,71,0.877853806886065,0.8636436490941062
0.8500000000000002,0.3500000000000001,0.09999999999999999,1128.0,181,71,0.877853806886065,0.8636436490941062
0.8500000000000002,0.40000000000000013,0.06999999999999999,1129.0,182,71,0.877853806886065,0.8637558841763605
0.8500000000000002,0.30000000000000004,0.06999999999999999,1131.0,184,71,0.877853806886065,0.86282893814787
0.8500000000000002,0.3500000000000001,0.06999999999999999,1131.0,184,71,0.877853806886065,0.86282893814787
0.7000000000000002,0.45000000000000007,0.45000000000000007,1131.0,62,105,0.875327778553585,0.9084423017787145
0.7000000000000002,0.5000000000000001,0.45000000000000007,1131.0,62,105,0.875327778553585,0.9084423017787145
0.7000000000000002,0.6500000000000002,0.08,1132.0,145,86,0.8831448121770702,0.8882504652036457
0.7000000000000002,0.6500000000000002,0.09,1132.0,145,86,0.8831448121770702,0.8882504652036457
0.7000000000000002,0.6500000000000002,0.09999999999999999,1132.0,145,86,0.8831448121770702,0.8882504652036457
0.8500000000000002,0.40000000000000013,0.15,1133.0,137,78,0.8728358857391116,0.8739460811287305
0.8500000000000002,0.40000000000000013,0.2,1133.0,137,78,0.8728358857391116,0.8739460811287305
0.8500000000000002,0.04,0.03,1134.0,348,54,0.8948191593352884,0.8135655314476167
0.7000000000000002,0.6500000000000002,0.06999999999999999,1135.0,148,86,0.8831448121770702,0.8874357542574095
0.8500000000000002,0.30000000000000004,0.15,1135.0,139,78,0.8728358857391116,0.87301913510024
0.8500000000000002,0.30000000000000004,0.2,1135.0,139,78,0.8728358857391116,0.87301913510024
0.8500000000000002,0.3500000000000001,0.15,1135.0,139,78,0.8728358857391116,0.87301913510024
0.8500000000000002,0.3500000000000001,0.2,1135.0,139,78,0.8728358857391116,0.87301913510024
0.8500000000000002,0.04,0.04,1138.0,345,55,0.8941023134571523,0.8139550528412377
0.7000000000000002,0.6500000000000002,0.15,1139.0,103,93,0.8781268910301169,0.8976259512097795
0.7000000000000002,0.6500000000000002,0.2,1139.0,103,93,0.8781268910301169,0.8976259512097795
0.5500000000000002,0.5500000000000002,0.5500000000000002,1140.0,43,118,0.8767149218762121,0.9144905614730404
0.5500000000000002,0.5500000000000002,0.5000000000000001,1141.0,44,118,0.8767149218762121,0.9141561960762173
0.8000000000000003,0.5500000000000002,0.08,1145.0,148,82,0.8777576067898648,0.8827207933258915
0.8000000000000003,0.5500000000000002,0.09,1145.0,148,82,0.8777576067898648,0.8827207933258915
0.8000000000000003,0.5500000000000002,0.09999999999999999,1145.0,148,82,0.8777576067898648,0.8827207933258915
0.8000000000000003,0.6000000000000002,0.08,1145.0,148,82,0.8777576067898648,0.8827207933258915
0.8000000000000003,0.6000000000000002,0.09,1145.0,148,82,0.8777576067898648,0.8827207933258915
0.8000000000000003,0.6000000000000002,0.09999999999999999,1145.0,148,82,0.8777576067898648,0.8827207933258915
0.7500000000000002,0.5500000000000002,0.02,1147.0,268,72,0.8927462024236218,0.8623647077167519
0.7500000000000002,0.6000000000000002,0.02,1147.0,268,72,0.8927462024236218,0.8623647077167519
0.8500000000000002,0.03,0.03,1148.0,362,54,0.8948191593352884,0.8088662833273159
0.8000000000000003,0.5500000000000002,0.06999999999999999,1148.0,151,82,0.8777576067898648,0.8819060823796553
0.8000000000000003,0.6000000000000002,0.06999999999999999,1148.0,151,82,0.8777576067898648,0.8819060823796553
0.6500000000000002,0.6500000000000002,0.25,1151.0,90,100,0.8770190383093609,0.9000576725067723
0.7500000000000002,0.45000000000000007,0.01,1152.0,310,68,0.8966376514763613,0.8546457935292929
0.7500000000000002,0.5000000000000001,0.01,1152.0,310,68,0.8966376514763613,0.8546457935292929
0.8500000000000002,0.15,0.02,1152.0,323,58,0.8902449999224192,0.830677739862716
0.8500000000000002,0.2,0.02,1152.0,323,58,0.8902449999224192,0.830677739862716
0.8500000000000002,0.25,0.02,1152.0,323,58,0.8902449999224192,0.830677739862716
0.8000000000000003,0.5500000000000002,0.15,1152.0,106,89,0.8727396856429115,0.8920962793320252
0.8000000000000003,0.5500000000000002,0.2,1152.0,106,89,0.8727396856429115,0.8920962793320252
0.8000000000000003,0.6000000000000002,0.15,1152.0,106,89,0.8727396856429115,0.8920962793320252
0.8000000000000003,0.6000000000000002,0.2,1152.0,106,89,0.8727396856429115,0.8920962793320252
0.8000000000000003,0.45000000000000007,0.03,1153.0,207,76,0.8830827475988766,0.8695432756452873
0.8000000000000003,0.5000000000000001,0.03,1153.0,207,76,0.8830827475988766,0.8695432756452873
0.8000000000000003,0.45000000000000007,0.05,1155.0,202,77,0.8823659017207405,0.8704280985241413
0.8000000000000003,0.45000000000000007,0.060000000000000005,1155.0,202,77,0.8823659017207405,0.8704280985241413
0.8000000000000003,0.5000000000000001,0.05,1155.0,202,77,0.8823659017207405,0.8704280985241413
0.8000000000000003,0.5000000000000001,0.060000000000000005,1155.0,202,77,0.8823659017207405,0.8704280985241413
0.7500000000000002,0.45000000000000007,0.40000000000000013,1156.0,76,102,0.8722648916197304,0.901783011968505
0.7500000000000002,0.5000000000000001,0.40000000000000013,1156.0,76,102,0.8722648916197304,0.901783011968505
0.8000000000000003,0.45000000000000007,0.04,1157.0,204,77,0.8823659017207405,0.8699327970389082
0.8000000000000003,0.5000000000000001,0.04,1157.0,204,77,0.8823659017207405,0.8699327970389082
0.6500000000000002,0.6500000000000002,0.30000000000000004,1158.0,90,101,0.8763021924312246,0.8996842551545347
0.6500000000000002,0.6500000000000002,0.3500000000000001,1158.0,90,101,0.8763021924312246,0.8996842551545347
0.7000000000000002,0.5500000000000002,0.45000000000000007,1158.0,59,108,0.8721531753789818,0.9081863293148161
0.7000000000000002,0.6000000000000002,0.45000000000000007,1158.0,59,108,0.8721531753789818,0.9081863293148161
0.6000000000000002,0.5000000000000001,0.5000000000000001,1159.0,47,118,0.8738289189902093,0.9109526650806122
0.8500000000000002,0.40000000000000013,0.03,1161.0,235,68,0.8800043445204736,0.8511371049780944
0.8500000000000002,0.30000000000000004,0.03,1163.0,237,68,0.8800043445204736,0.8502101589496038
0.8500000000000002,0.3500000000000001,0.03,1163.0,237,68,0.8800043445204736,0.8502101589496038
0.8500000000000002,0.40000000000000013,0.05,1163.0,230,69,0.8792874986423375,0.8520219278569483
0.8500000000000002,0.40000000000000013,0.060000000000000005,1163.0,230,69,0.8792874986423375,0.8520219278569483
0.8500000000000002,0.05,0.02,1165.0,386,53,0.8955360052134246,0.808205686531422
0.8500000000000002,0.060000000000000005,0.02,1165.0,386,53,0.8955360052134246,0.808205686531422
0.8500000000000002,0.06999999999999999,0.02,1165.0,386,53,0.8955360052134246,0.808205686531422
0.8500000000000002,0.08,0.02,1165.0,386,53,0.8955360052134246,0.808205686531422
0.8500000000000002,0.09,0.02,1165.0,386,53,0.8955360052134246,0.808205686531422
0.8500000000000002,0.09999999999999999,0.02,1165.0,386,53,0.8955360052134246,0.808205686531422
0.8500000000000002,0.40000000000000013,0.04,1165.0,232,69,0.8792874986423375,0.8515266263717153
0.8500000000000002,0.30000000000000004,0.05,1165.0,232,69,0.8792874986423375,0.8510949818284578
0.8500000000000002,0.30000000000000004,0.060000000000000005,1165.0,232,69,0.8792874986423375,0.8510949818284578
0.8500000000000002,0.3500000000000001,0.05,1165.0,232,69,0.8792874986423375,0.8510949818284578
0.8500000000000002,0.3500000000000001,0.060000000000000005,1165.0,232,69,0.8792874986423375,0.8510949818284578
0.7000000000000002,0.6500000000000002,0.03,1167.0,201,83,0.885295349811479,0.8748169750591434
0.8500000000000002,0.30000000000000004,0.04,1167.0,234,69,0.8792874986423375,0.8505996803432248
0.8500000000000002,0.3500000000000001,0.04,1167.0,234,69,0.8792874986423375,0.8505996803432248
0.7000000000000002,0.6500000000000002,0.05,1169.0,196,84,0.8845785039333428,0.8757017979379973
0.7000000000000002,0.6500000000000002,0.060000000000000005,1169.0,196,84,0.8845785039333428,0.8757017979379973
0.7000000000000002,0.6500000000000002,0.04,1171.0,198,84,0.8845785039333428,0.8752064964527643
0.7500000000000002,0.5500000000000002,0.01,1179.0,307,71,0.8934630483017579,0.8543898210653946
0.7500000000000002,0.6000000000000002,0.01,1179.0,307,71,0.8934630483017579,0.8543898210653946
0.8000000000000003,0.5500000000000002,0.03,1180.0,204,79,0.8799081444242735,0.8692873031813891
0.8000000000000003,0.6000000000000002,0.03,1180.0,204,79,0.8799081444242735,0.8692873031813891
0.8000000000000003,0.45000000000000007,0.25,1180.0,94,96,0.8687458300361527,0.8931480952194145
0.8000000000000003,0.5000000000000001,0.25,1180.0,94,96,0.8687458300361527,0.8931480952194145
0.6500000000000002,0.6500000000000002,0.02,1181.0,267,79,0.8920728017502211,0.8619052959923268
0.8000000000000003,0.5500000000000002,0.05,1182.0,199,80,0.8791912985461373,0.870172126060243
0.8000000000000003,0.5500000000000002,0.060000000000000005,1182.0,199,80,0.8791912985461373,0.870172126060243
0.8000000000000003,0.6000000000000002,0.05,1182.0,199,80,0.8791912985461373,0.870172126060243
0.8000000000000003,0.6000000000000002,0.060000000000000005,1182.0,199,80,0.8791912985461373,0.870172126060243
0.7500000000000002,0.5500000000000002,0.40000000000000013,1183.0,73,105,0.8690902884451271,0.9015270395046068
0.7500000000000002,0.6000000000000002,0.40000000000000013,1183.0,73,105,0.8690902884451271,0.9015270395046068
0.8500000000000002,0.15,0.01,1184.0,362,57,0.8909618458005554,0.8227028532113586
0.8500000000000002,0.2,0.01,1184.0,362,57,0.8909618458005554,0.8227028532113586
0.8500000000000002,0.25,0.01,1184.0,362,57,0.8909618458005554,0.8227028532113586
0.8000000000000003,0.5500000000000002,0.04,1184.0,201,80,0.8791912985461373,0.86967682457501
0.8000000000000003,0.6000000000000002,0.04,1184.0,201,80,0.8791912985461373,0.86967682457501
0.6000000000000002,0.5500000000000002,0.5500000000000002,1185.0,43,121,0.8706543158156062,0.911031058013537
0.6000000000000002,0.6000000000000002,0.5500000000000002,1185.0,43,121,0.8706543158156062,0.911031058013537
0.6000000000000002,0.5500000000000002,0.5000000000000001,1186.0,44,121,0.8706543158156062,0.9106966926167139
0.6000000000000002,0.6000000000000002,0.5000000000000001,1186.0,44,121,0.8706543158156062,0.9106966926167139
0.8000000000000003,0.45000000000000007,0.30000000000000004,1187.0,94,97,0.8680289841580163,0.8927746778671769
0.8000000000000003,0.45000000000000007,0.3500000000000001,1187.0,94,97,0.8680289841580163,0.8927746778671769
0.8000000000000003,0.5000000000000001,0.30000000000000004,1187.0,94,97,0.8680289841580163,0.8927746778671769
0.8000000000000003,0.5000000000000001,0.3500000000000001,1187.0,94,97,0.8680289841580163,0.8927746778671769
0.8500000000000002,0.40000000000000013,0.25,1188.0,122,88,0.8656674269577497,0.8747419245522216
0.8500000000000002,0.30000000000000004,0.25,1190.0,124,88,0.8656674269577497,0.8738149785237309
0.8500000000000002,0.3500000000000001,0.25,1190.0,124,88,0.8656674269577497,0.8738149785237309
0.8500000000000002,0.04,0.02,1191.0,412,53,0.8955360052134246,0.7990179745072984
0.7500000000000002,0.45000000000000007,0.45000000000000007,1191.0,62,109,0.867246970472777,0.9035267600573182
0.7500000000000002,0.5000000000000001,0.45000000000000007,1191.0,62,109,0.867246970472777,0.9035267600573182
0.7500000000000002,0.6500000000000002,0.08,1192.0,145,90,0.8750640040962621,0.8833349234822495
0.7500000000000002,0.6500000000000002,0.09,1192.0,145,90,0.8750640040962621,0.8833349234822495
0.7500000000000002,0.6500000000000002,0.09999999999999999,1192.0,145,90,0.8750640040962621,0.8833349234822495
0.7000000000000002,0.6500000000000002,0.25,1194.0,88,103,0.8709584322487549,0.8984217946332705
0.7500000000000002,0.6500000000000002,0.06999999999999999,1195.0,148,90,0.8750640040962621,0.8825202125360133
0.8500000000000002,0.40000000000000013,0.30000000000000004,1195.0,122,89,0.8649505810796133,0.8743685071999839
0.8500000000000002,0.40000000000000013,0.3500000000000001,1195.0,122,89,0.8649505810796133,0.8743685071999839
0.8500000000000002,0.05,0.01,1197.0,425,52,0.8962528510915607,0.8002307998800647
0.8500000000000002,0.060000000000000005,0.01,1197.0,425,52,0.8962528510915607,0.8002307998800647
0.8500000000000002,0.06999999999999999,0.01,1197.0,425,52,0.8962528510915607,0.8002307998800647
0.8500000000000002,0.08,0.01,1197.0,425,52,0.8962528510915607,0.8002307998800647
0.8500000000000002,0.09,0.01,1197.0,425,52,0.8962528510915607,0.8002307998800647
0.8500000000000002,0.09999999999999999,0.01,1197.0,425,52,0.8962528510915607,0.8002307998800647
0.8500000000000002,0.30000000000000004,0.30000000000000004,1197.0,124,89,0.8649505810796133,0.8734415611714934
0.8500000000000002,0.3500000000000001,0.30000000000000004,1197.0,124,89,0.8649505810796133,0.8734415611714934
0.8500000000000002,0.3500000000000001,0.3500000000000001,1197.0,124,89,0.8649505810796133,0.8734415611714934
0.7500000000000002,0.6500000000000002,0.15,1199.0,103,97,0.8700460829493087,0.8927104094883833
0.7500000000000002,0.6500000000000002,0.2,1199.0,103,97,0.8700460829493087,0.8927104094883833
0.7000000000000002,0.6500000000000002,0.30000000000000004,1201.0,88,104,0.8702415863706187,0.8980483772810329
0.7000000000000002,0.6500000000000002,0.3500000000000001,1201.0,88,104,0.8702415863706187,0.8980483772810329
0.6500000000000002,0.5000000000000001,0.5000000000000001,1203.0,46,121,0.8677683129296033,0.9083996625276097
0.8500000000000002,0.03,0.02,1205.0,426,53,0.8955360052134246,0.7943187263869976
0.8000000000000003,0.5500000000000002,0.25,1207.0,91,99,0.8655712268615495,0.8928921227555162
0.8000000000000003,0.6000000000000002,0.25,1207.0,91,99,0.8655712268615495,0.8928921227555162
0.6000000000000002,0.6000000000000002,0.6000000000000002,1208.0,38,125,0.8677869323030613,0.9110712319667544
0.8000000000000003,0.45000000000000007,0.02,1210.0,271,75,0.8837995934770128,0.854995718704969
0.8000000000000003,0.5000000000000001,0.02,1210.0,271,75,0.8837995934770128,0.854995718704969
0.9000000000000002,0.15,0.08,1210.0,203,72,0.8671755962078542,0.8440387119211635
0.9000000000000002,0.15,0.09,1210.0,203,72,0.8671755962078542,0.8440387119211635
0.9000000000000002,0.15,0.09999999999999999,1210.0,203,72,0.8671755962078542,0.8440387119211635
0.9000000000000002,0.2,0.08,1210.0,203,72,0.8671755962078542,0.8440387119211635
0.9000000000000002,0.2,0.09,1210.0,203,72,0.8671755962078542,0.8440387119211635
0.9000000000000002,0.2,0.09999999999999999,1210.0,203,72,0.8671755962078542,0.8440387119211635
0.9000000000000002,0.25,0.08,1210.0,203,72,0.8671755962078542,0.8440387119211635
0.9000000000000002,0.25,0.09,1210.0,203,72,0.8671755962078542,0.8440387119211635
0.9000000000000002,0.25,0.09999999999999999,1210.0,203,72,0.8671755962078542,0.8440387119211635
0.6500000000000002,0.6500000000000002,0.01,1213.0,306,78,0.8927896476283573,0.8539304093409695
0.9000000000000002,0.15,0.06999999999999999,1213.0,206,72,0.8671755962078542,0.8432240009749273
0.9000000000000002,0.2,0.06999999999999999,1213.0,206,72,0.8671755962078542,0.8432240009749273
0.9000000000000002,0.25,0.06999999999999999,1213.0,206,72,0.8671755962078542,0.8432240009749273
0.8000000000000003,0.5500000000000002,0.30000000000000004,1214.0,91,100,0.8648543809834132,0.8925187054032787
0.8000000000000003,0.5500000000000002,0.3500000000000001,1214.0,91,100,0.8648543809834132,0.8925187054032787
0.8000000000000003,0.6000000000000002,0.30000000000000004,1214.0,91,100,0.8648543809834132,0.8925187054032787
0.8000000000000003,0.6000000000000002,0.3500000000000001,1214.0,91,100,0.8648543809834132,0.8925187054032787
0.6500000000000002,0.6500000000000002,0.40000000000000013,1217.0,72,112,0.8684168877717265,0.9010676277801816
0.9000000000000002,0.15,0.15,1217.0,161,79,0.8621576750609008,0.8534141979272972
0.9000000000000002,0.2,0.15,1217.0,161,79,0.8621576750609008,0.8534141979272972
0.9000000000000002,0.2,0.2,1217.0,161,79,0.8621576750609008,0.8534141979272972
0.9000000000000002,0.25,0.15,1217.0,161,79,0.8621576750609008,0.8534141979272972
0.9000000000000002,0.25,0.2,1217.0,161,79,0.8621576750609008,0.8534141979272972
0.8500000000000002,0.40000000000000013,0.02,1218.0,299,67,0.8807211903986097,0.8365895480377761
0.7500000000000002,0.5500000000000002,0.45000000000000007,1218.0,59,112,0.8640723672981737,0.9032707875934199
0.7500000000000002,0.6000000000000002,0.45000000000000007,1218.0,59,112,0.8640723672981737,0.9032707875934199
0.8500000000000002,0.30000000000000004,0.02,1220.0,301,67,0.8807211903986097,0.8356626020092855
0.8500000000000002,0.3500000000000001,0.02,1220.0,301,67,0.8807211903986097,0.8356626020092855
0.8500000000000002,0.02,0.02,1222.0,443,53,0.8955360052134246,0.7888295433065973
0.8500000000000002,0.04,0.01,1223.0,451,52,0.8962528510915607,0.791043087855941
0.9000000000000002,0.08,0.08,1223.0,266,67,0.8724666014988595,0.8215666585898697
0.9000000000000002,0.09,0.08,1223.0,266,67,0.8724666014988595,0.8215666585898697
0.9000000000000002,0.09,0.09,1223.0,266,67,0.8724666014988595,0.8215666585898697
0.9000000000000002,0.09999999999999999,0.08,1223.0,266,67,0.8724666014988595,0.8215666585898697
0.9000000000000002,0.09999999999999999,0.09,1223.0,266,67,0.8724666014988595,0.8215666585898697
0.9000000000000002,0.09999999999999999,0.09999999999999999,1223.0,266,67,0.8724666014988595,0.8215666585898697
0.7000000000000002,0.6500000000000002,0.02,1224.0,265,82,0.8860121956896151,0.8602694181188251
0.9000000000000002,0.06999999999999999,0.06999999999999999,1226.0,269,67,0.8724666014988595,0.8207519476436335
0.9000000000000002,0.08,0.06999999999999999,1226.0,269,67,0.8724666014988595,0.8207519476436335
0.9000000000000002,0.09,0.06999999999999999,1226.0,269,67,0.8724666014988595,0.8207519476436335
0.9000000000000002,0.09999999999999999,0.06999999999999999,1226.0,269,67,0.8724666014988595,0.8207519476436335
0.7500000000000002,0.6500000000000002,0.03,1227.0,201,87,0.8772145417306708,0.8699014333377472
0.7500000000000002,0.6500000000000002,0.05,1229.0,196,88,0.8764976958525347,0.8707862562166011
0.7500000000000002,0.6500000000000002,0.060000000000000005,1229.0,196,88,0.8764976958525347,0.8707862562166011
0.6500000000000002,0.5500000000000002,0.5500000000000002,1229.0,42,124,0.8645937097549999,0.9084780554605344
0.6500000000000002,0.6000000000000002,0.5500000000000002,1229.0,42,124,0.8645937097549999,0.9084780554605344
0.6500000000000002,0.5500000000000002,0.5000000000000001,1230.0,43,124,0.8645937097549999,0.9081436900637113
0.6500000000000002,0.6000000000000002,0.5000000000000001,1230.0,43,124,0.8645937097549999,0.9081436900637113
0.7500000000000002,0.6500000000000002,0.04,1231.0,198,88,0.8764976958525347,0.8702909547313681
0.8500000000000002,0.03,0.01,1237.0,465,52,0.8962528510915607,0.7863438397356403
0.8000000000000003,0.5500000000000002,0.02,1237.0,268,78,0.8806249903024096,0.8547397462410707
0.8000000000000003,0.6000000000000002,0.02,1237.0,268,78,0.8806249903024096,0.8547397462410707
0.8000000000000003,0.45000000000000007,0.01,1242.0,310,74,0.8845164393551489,0.8470208320536118
0.8000000000000003,0.5000000000000001,0.01,1242.0,310,74,0.8845164393551489,0.8470208320536118
0.9000000000000002,0.15,0.03,1245.0,259,69,0.8693261338422628,0.8306052217766612
0.9000000000000002,0.2,0.03,1245.0,259,69,0.8693261338422628,0.8306052217766612
0.9000000000000002,0.25,0.03,1245.0,259,69,0.8693261338422628,0.8306052217766612
0.7000000000000002,0.5000000000000001,0.5000000000000001,1246.0,44,124,0.8617077068689971,0.906763784654108
0.8000000000000003,0.45000000000000007,0.40000000000000013,1246.0,76,108,0.8601436794985182,0.8941580504928238
0.8000000000000003,0.5000000000000001,0.40000000000000013,1246.0,76,108,0.8601436794985182,0.8941580504928238
0.9000000000000002,0.15,0.05,1247.0,254,70,0.8686092879641266,0.831490044655515
0.9000000000000002,0.15,0.060000000000000005,1247.0,254,70,0.8686092879641266,0.831490044655515
0.9000000000000002,0.2,0.05,1247.0,254,70,0.8686092879641266,0.831490044655515
0.9000000000000002,0.2,0.060000000000000005,1247.0,254,70,0.8686092879641266,0.831490044655515
0.9000000000000002,0.25,0.05,1247.0,254,70,0.8686092879641266,0.831490044655515
0.9000000000000002,0.25,0.060000000000000005,1247.0,254,70,0.8686092879641266,0.831490044655515
0.9000000000000002,0.15,0.04,1249.0,256,70,0.8686092879641266,0.8309947431702822
0.9000000000000002,0.2,0.04,1249.0,256,70,0.8686092879641266,0.8309947431702822
0.9000000000000002,0.25,0.04,1249.0,256,70,0.8686092879641266,0.8309947431702822
0.8500000000000002,0.40000000000000013,0.01,1250.0,338,66,0.8814380362767459,0.8286146613864188
0.8500000000000002,0.30000000000000004,0.01,1252.0,340,66,0.8814380362767459,0.8276877153579282
0.8500000000000002,0.3500000000000001,0.01,1252.0,340,66,0.8814380362767459,0.8276877153579282
0.6500000000000002,0.6500000000000002,0.45000000000000007,1252.0,58,119,0.8633989666247731,0.9028113758689948
0.6500000000000002,0.6000000000000002,0.6000000000000002,1252.0,37,128,0.8617263262424553,0.9085182294137518
0.8500000000000002,0.02,0.01,1254.0,482,52,0.8962528510915607,0.78085465665524
0.7500000000000002,0.6500000000000002,0.25,1254.0,88,107,0.8628776241679468,0.8935062529118744
0.8500000000000002,0.40000000000000013,0.40000000000000013,1254.0,104,100,0.8570652764201152,0.8757518798256309
0.7000000000000002,0.6500000000000002,0.01,1256.0,304,81,0.8867290415677512,0.8522945314674678
0.9000000000000002,0.05,0.03,1258.0,322,64,0.8746171391332682,0.8081331684453673
0.9000000000000002,0.060000000000000005,0.03,1258.0,322,64,0.8746171391332682,0.8081331684453673
0.9000000000000002,0.06999999999999999,0.03,1258.0,322,64,0.8746171391332682,0.8081331684453673
0.9000000000000002,0.08,0.03,1258.0,322,64,0.8746171391332682,0.8081331684453673
0.9000000000000002,0.09,0.03,1258.0,322,64,0.8746171391332682,0.8081331684453673
0.9000000000000002,0.09999999999999999,0.03,1258.0,322,64,0.8746171391332682,0.8081331684453673
0.7000000000000002,0.7000000000000002,0.08,1258.0,141,99,0.8693881984204564,0.8819923551528811
0.7000000000000002,0.7000000000000002,0.09,1258.0,141,99,0.8693881984204564,0.8819923551528811
0.7000000000000002,0.7000000000000002,0.09999999999999999,1258.0,141,99,0.8693881984204564,0.8819923551528811
0.9000000000000002,0.05,0.05,1260.0,317,65,0.8739002932551321,0.8090179913242213
0.9000000000000002,0.060000000000000005,0.05,1260.0,317,65,0.8739002932551321,0.8090179913242213
0.9000000000000002,0.060000000000000005,0.060000000000000005,1260.0,317,65,0.8739002932551321,0.8090179913242213
0.9000000000000002,0.06999999999999999,0.05,1260.0,317,65,0.8739002932551321,0.8090179913242213
0.9000000000000002,0.06999999999999999,0.060000000000000005,1260.0,317,65,0.8739002932551321,0.8090179913242213
0.9000000000000002,0.08,0.05,1260.0,317,65,0.8739002932551321,0.8090179913242213
0.9000000000000002,0.08,0.060000000000000005,1260.0,317,65,0.8739002932551321,0.8090179913242213
0.9000000000000002,0.09,0.05,1260.0,317,65,0.8739002932551321,0.8090179913242213
0.9000000000000002,0.09,0.060000000000000005,1260.0,317,65,0.8739002932551321,0.8090179913242213
0.9000000000000002,0.09999999999999999,0.05,1260.0,317,65,0.8739002932551321,0.8090179913242213
0.9000000000000002,0.09999999999999999,0.060000000000000005,1260.0,317,65,0.8739002932551321,0.8090179913242213
0.7000000000000002,0.6500000000000002,0.40000000000000013,1260.0,70,115,0.8623562817111204,0.8994317499066797
0.7000000000000002,0.7000000000000002,0.06999999999999999,1261.0,144,99,0.8693881984204564,0.8811776442066449
0.7500000000000002,0.6500000000000002,0.30000000000000004,1261.0,88,108,0.8621607782898105,0.8931328355596367
0.7500000000000002,0.6500000000000002,0.3500000000000001,1261.0,88,108,0.8621607782898105,0.8931328355596367
0.9000000000000002,0.05,0.04,1262.0,319,65,0.8739002932551321,0.8085226898389882
0.9000000000000002,0.060000000000000005,0.04,1262.0,319,65,0.8739002932551321,0.8085226898389882
0.9000000000000002,0.06999999999999999,0.04,1262.0,319,65,0.8739002932551321,0.8085226898389882
0.9000000000000002,0.08,0.04,1262.0,319,65,0.8739002932551321,0.8085226898389882
0.9000000000000002,0.09,0.04,1262.0,319,65,0.8739002932551321,0.8085226898389882
0.9000000000000002,0.09999999999999999,0.04,1262.0,319,65,0.8739002932551321,0.8085226898389882
0.7000000000000002,0.7000000000000002,0.15,1265.0,99,106,0.864370277273503,0.8913678411590148
0.7000000000000002,0.7000000000000002,0.2,1265.0,99,106,0.864370277273503,0.8913678411590148
0.8000000000000003,0.5500000000000002,0.01,1269.0,307,77,0.8813418361805457,0.8467648595897135
0.8000000000000003,0.6000000000000002,0.01,1269.0,307,77,0.8813418361805457,0.8467648595897135
0.7000000000000002,0.5500000000000002,0.5500000000000002,1272.0,40,127,0.858533103694394,0.9068421775870328
0.7000000000000002,0.6000000000000002,0.5500000000000002,1272.0,40,127,0.858533103694394,0.9068421775870328
0.9000000000000002,0.25,0.25,1272.0,146,89,0.8549892162795388,0.8542100413507884
0.7000000000000002,0.5500000000000002,0.5000000000000001,1273.0,41,127,0.858533103694394,0.9065078121902097
0.7000000000000002,0.6000000000000002,0.5000000000000001,1273.0,41,127,0.858533103694394,0.9065078121902097
0.8000000000000003,0.5500000000000002,0.40000000000000013,1273.0,73,111,0.8569690763239151,0.8939020780289256
0.8000000000000003,0.6000000000000002,0.40000000000000013,1273.0,73,111,0.8569690763239151,0.8939020780289256
0.9000000000000002,0.40000000000000013,0.08,1276.0,179,81,0.8576517866840447,0.8499505200962236
0.9000000000000002,0.40000000000000013,0.09,1276.0,179,81,0.8576517866840447,0.8499505200962236
0.9000000000000002,0.40000000000000013,0.09999999999999999,1276.0,179,81,0.8576517866840447,0.8499505200962236
0.9000000000000002,0.30000000000000004,0.08,1278.0,181,81,0.8576517866840447,0.8490235740677332
0.9000000000000002,0.30000000000000004,0.09,1278.0,181,81,0.8576517866840447,0.8490235740677332
0.9000000000000002,0.30000000000000004,0.09999999999999999,1278.0,181,81,0.8576517866840447,0.8490235740677332
0.9000000000000002,0.3500000000000001,0.08,1278.0,181,81,0.8576517866840447,0.8490235740677332
0.9000000000000002,0.3500000000000001,0.09,1278.0,181,81,0.8576517866840447,0.8490235740677332
0.9000000000000002,0.3500000000000001,0.09999999999999999,1278.0,181,81,0.8576517866840447,0.8490235740677332
0.9000000000000002,0.40000000000000013,0.06999999999999999,1279.0,182,81,0.8576517866840447,0.8491358091499874
0.9000000000000002,0.30000000000000004,0.06999999999999999,1281.0,184,81,0.8576517866840447,0.848208863121497
0.9000000000000002,0.3500000000000001,0.06999999999999999,1281.0,184,81,0.8576517866840447,0.848208863121497
0.8000000000000003,0.45000000000000007,0.45000000000000007,1281.0,62,115,0.8551257583515648,0.8959017985816371
0.8000000000000003,0.5000000000000001,0.45000000000000007,1281.0,62,115,0.8551257583515648,0.8959017985816371
0.8000000000000003,0.6500000000000002,0.08,1282.0,145,96,0.86294279197505,0.8757099620065684
0.8000000000000003,0.6500000000000002,0.09,1282.0,145,96,0.86294279197505,0.8757099620065684
0.8000000000000003,0.6500000000000002,0.09999999999999999,1282.0,145,96,0.86294279197505,0.8757099620065684
0.9000000000000002,0.40000000000000013,0.15,1283.0,137,88,0.8526338655370913,0.8593260061023574
0.9000000000000002,0.40000000000000013,0.2,1283.0,137,88,0.8526338655370913,0.8593260061023574
0.7500000000000002,0.6500000000000002,0.02,1284.0,265,86,0.877931387608807,0.8553538763974289
0.9000000000000002,0.04,0.03,1284.0,348,64,0.8746171391332682,0.7989454564212437
0.8000000000000003,0.6500000000000002,0.06999999999999999,1285.0,148,96,0.86294279197505,0.8748952510603322
0.9000000000000002,0.30000000000000004,0.15,1285.0,139,88,0.8526338655370913,0.858399060073867
0.9000000000000002,0.30000000000000004,0.2,1285.0,139,88,0.8526338655370913,0.858399060073867
0.9000000000000002,0.3500000000000001,0.15,1285.0,139,88,0.8526338655370913,0.858399060073867
0.9000000000000002,0.3500000000000001,0.2,1285.0,139,88,0.8526338655370913,0.858399060073867
0.9000000000000002,0.04,0.04,1288.0,345,65,0.8739002932551321,0.7993349778148646
0.8000000000000003,0.6500000000000002,0.15,1289.0,103,103,0.8579248708280968,0.8850854480127022
0.8000000000000003,0.6500000000000002,0.2,1289.0,103,103,0.8579248708280968,0.8850854480127022
0.8500000000000002,0.01,0.01,1292.0,520,52,0.8962528510915607,0.7693758629354922
0.7000000000000002,0.7000000000000002,0.03,1293.0,197,96,0.8715387360548651,0.8685588650083788
0.7000000000000002,0.7000000000000002,0.05,1295.0,192,97,0.8708218901767287,0.8694436878872326
0.7000000000000002,0.7000000000000002,0.060000000000000005,1295.0,192,97,0.8708218901767287,0.8694436878872326
0.7000000000000002,0.6500000000000002,0.45000000000000007,1295.0,56,122,0.857338360564167,0.9011754979954931
0.7000000000000002,0.6000000000000002,0.6000000000000002,1295.0,35,131,0.8556657201818493,0.9068823515402502
0.7000000000000002,0.7000000000000002,0.04,1297.0,194,97,0.8708218901767287,0.8689483864019997
0.9000000000000002,0.03,0.03,1298.0,362,64,0.8746171391332682,0.794246208300943
0.8500000000000002,0.45000000000000007,0.08,1298.0,151,91,0.8566897857220438,0.8667499794465252
0.8500000000000002,0.45000000000000007,0.09,1298.0,151,91,0.8566897857220438,0.8667499794465252
0.8500000000000002,0.45000000000000007,0.09999999999999999,1298.0,151,91,0.8566897857220438,0.8667499794465252
0.8500000000000002,0.5000000000000001,0.08,1298.0,151,91,0.8566897857220438,0.8667499794465252
0.8500000000000002,0.5000000000000001,0.09,1298.0,151,91,0.8566897857220438,0.8667499794465252
0.8500000000000002,0.5000000000000001,0.09999999999999999,1298.0,151,91,0.8566897857220438,0.8667499794465252
0.8500000000000002,0.45000000000000007,0.06999999999999999,1301.0,154,91,0.8566897857220438,0.865935268500289
0.8500000000000002,0.5000000000000001,0.06999999999999999,1301.0,154,91,0.8566897857220438,0.865935268500289
0.9000000000000002,0.15,0.02,1302.0,323,68,0.8700429797203991,0.8160576648363428
0.9000000000000002,0.2,0.02,1302.0,323,68,0.8700429797203991,0.8160576648363428
0.9000000000000002,0.25,0.02,1302.0,323,68,0.8700429797203991,0.8160576648363428
0.8500000000000002,0.45000000000000007,0.15,1305.0,109,98,0.8516718645750904,0.876125465452659
0.8500000000000002,0.45000000000000007,0.2,1305.0,109,98,0.8516718645750904,0.876125465452659
0.8500000000000002,0.5000000000000001,0.15,1305.0,109,98,0.8516718645750904,0.876125465452659
0.8500000000000002,0.5000000000000001,0.2,1305.0,109,98,0.8516718645750904,0.876125465452659
0.7500000000000002,0.5000000000000001,0.5000000000000001,1306.0,44,128,0.8536268987881891,0.9018482429327118
0.8000000000000003,0.5500000000000002,0.45000000000000007,1308.0,59,118,0.8519511551769616,0.8956458261177388
0.8000000000000003,0.6000000000000002,0.45000000000000007,1308.0,59,118,0.8519511551769616,0.8956458261177388
0.9000000000000002,0.40000000000000013,0.03,1311.0,235,78,0.8598023243184533,0.8365170299517213
0.9000000000000002,0.30000000000000004,0.03,1313.0,237,78,0.8598023243184533,0.8355900839232309
0.9000000000000002,0.3500000000000001,0.03,1313.0,237,78,0.8598023243184533,0.8355900839232309
0.9000000000000002,0.40000000000000013,0.05,1313.0,230,79,0.8590854784403171,0.8374018528305752
0.9000000000000002,0.40000000000000013,0.060000000000000005,1313.0,230,79,0.8590854784403171,0.8374018528305752
0.9000000000000002,0.05,0.02,1315.0,386,63,0.8753339850114044,0.793585611505049
0.9000000000000002,0.060000000000000005,0.02,1315.0,386,63,0.8753339850114044,0.793585611505049
0.9000000000000002,0.06999999999999999,0.02,1315.0,386,63,0.8753339850114044,0.793585611505049
0.9000000000000002,0.08,0.02,1315.0,386,63,0.8753339850114044,0.793585611505049
0.9000000000000002,0.09,0.02,1315.0,386,63,0.8753339850114044,0.793585611505049
0.9000000000000002,0.09999999999999999,0.02,1315.0,386,63,0.8753339850114044,0.793585611505049
0.9000000000000002,0.40000000000000013,0.04,1315.0,232,79,0.8590854784403171,0.8369065513453422
0.9000000000000002,0.30000000000000004,0.05,1315.0,232,79,0.8590854784403171,0.8364749068020848
0.9000000000000002,0.30000000000000004,0.060000000000000005,1315.0,232,79,0.8590854784403171,0.8364749068020848
0.9000000000000002,0.3500000000000001,0.05,1315.0,232,79,0.8590854784403171,0.8364749068020848
0.9000000000000002,0.3500000000000001,0.060000000000000005,1315.0,232,79,0.8590854784403171,0.8364749068020848
0.7500000000000002,0.6500000000000002,0.01,1316.0,304,85,0.8786482334869431,0.8473789897460716
0.8000000000000003,0.6500000000000002,0.03,1317.0,201,93,0.8650933296094587,0.862276471862066
0.9000000000000002,0.30000000000000004,0.04,1317.0,234,79,0.8590854784403171,0.8359796053168518
0.9000000000000002,0.3500000000000001,0.04,1317.0,234,79,0.8590854784403171,0.8359796053168518
0.7500000000000002,0.7000000000000002,0.08,1318.0,141,103,0.8613073903396483,0.8770768134314849
0.7500000000000002,0.7000000000000002,0.09,1318.0,141,103,0.8613073903396483,0.8770768134314849
0.7500000000000002,0.7000000000000002,0.09999999999999999,1318.0,141,103,0.8613073903396483,0.8770768134314849
0.8000000000000003,0.6500000000000002,0.05,1319.0,196,94,0.8643764837313226,0.86316129474092
0.8000000000000003,0.6500000000000002,0.060000000000000005,1319.0,196,94,0.8643764837313226,0.86316129474092
0.7000000000000002,0.7000000000000002,0.25,1320.0,84,116,0.857201818492141,0.8921636845825058
0.7500000000000002,0.6500000000000002,0.40000000000000013,1320.0,70,119,0.8542754736303123,0.8945162081852835
0.8000000000000003,0.6500000000000002,0.04,1321.0,198,94,0.8643764837313226,0.8626659932556869
0.7500000000000002,0.7000000000000002,0.06999999999999999,1321.0,144,103,0.8613073903396483,0.8762621024852487
0.7500000000000002,0.7000000000000002,0.15,1325.0,99,110,0.8562894691926951,0.8864522994376186
0.7500000000000002,0.7000000000000002,0.2,1325.0,99,110,0.8562894691926951,0.8864522994376186
0.8500000000000002,0.5500000000000002,0.08,1325.0,148,94,0.8535151825474406,0.8664940069826268
0.8500000000000002,0.5500000000000002,0.09,1325.0,148,94,0.8535151825474406,0.8664940069826268
0.8500000000000002,0.5500000000000002,0.09999999999999999,1325.0,148,94,0.8535151825474406,0.8664940069826268
0.8500000000000002,0.6000000000000002,0.08,1325.0,148,94,0.8535151825474406,0.8664940069826268
0.8500000000000002,0.6000000000000002,0.09,1325.0,148,94,0.8535151825474406,0.8664940069826268
0.8500000000000002,0.6000000000000002,0.09999999999999999,1325.0,148,94,0.8535151825474406,0.8664940069826268
0.7500000000000002,0.7500000000000002,0.08,1327.0,140,104,0.8602491892814473,0.8769383649431047
0.7500000000000002,0.7500000000000002,0.09,1327.0,140,104,0.8602491892814473,0.8769383649431047
0.7500000000000002,0.7500000000000002,0.09999999999999999,1327.0,140,104,0.8602491892814473,0.8769383649431047
0.7000000000000002,0.7000000000000002,0.30000000000000004,1327.0,84,117,0.8564849726140048,0.8917902672302683
0.7000000000000002,0.7000000000000002,0.3500000000000001,1327.0,84,117,0.8564849726140048,0.8917902672302683
0.8500000000000002,0.5500000000000002,0.06999999999999999,1328.0,151,94,0.8535151825474406,0.8656792960363906
0.8500000000000002,0.6000000000000002,0.06999999999999999,1328.0,151,94,0.8535151825474406,0.8656792960363906
0.7500000000000002,0.7500000000000002,0.06999999999999999,1330.0,143,104,0.8602491892814473,0.8761236539968685
0.7500000000000002,0.5500000000000002,0.5500000000000002,1332.0,40,131,0.8504522956135859,0.9019266358656366
0.7500000000000002,0.6000000000000002,0.5500000000000002,1332.0,40,131,0.8504522956135859,0.9019266358656366
0.8500000000000002,0.5500000000000002,0.15,1332.0,106,101,0.8484972614004872,0.8758694929887606
0.8500000000000002,0.5500000000000002,0.2,1332.0,106,101,0.8484972614004872,0.8758694929887606
0.8500000000000002,0.6000000000000002,0.15,1332.0,106,101,0.8484972614004872,0.8758694929887606
0.8500000000000002,0.6000000000000002,0.2,1332.0,106,101,0.8484972614004872,0.8758694929887606
0.8500000000000002,0.45000000000000007,0.03,1333.0,207,88,0.8588403233564524,0.8533164893020229
0.8500000000000002,0.5000000000000001,0.03,1333.0,207,88,0.8588403233564524,0.8533164893020229
0.7500000000000002,0.5500000000000002,0.5000000000000001,1333.0,41,131,0.8504522956135859,0.9015922704688135
0.7500000000000002,0.6000000000000002,0.5000000000000001,1333.0,41,131,0.8504522956135859,0.9015922704688135
0.9000000000000002,0.15,0.01,1334.0,362,67,0.8707598255985353,0.8080827781849855
0.9000000000000002,0.2,0.01,1334.0,362,67,0.8707598255985353,0.8080827781849855
0.9000000000000002,0.25,0.01,1334.0,362,67,0.8707598255985353,0.8080827781849855
0.7500000000000002,0.7500000000000002,0.15,1334.0,98,111,0.855231268134494,0.8863138509492385
0.7500000000000002,0.7500000000000002,0.2,1334.0,98,111,0.855231268134494,0.8863138509492385
0.8500000000000002,0.45000000000000007,0.05,1335.0,202,89,0.8581234774783161,0.8542013121808768
0.8500000000000002,0.45000000000000007,0.060000000000000005,1335.0,202,89,0.8581234774783161,0.8542013121808768
0.8500000000000002,0.5000000000000001,0.05,1335.0,202,89,0.8581234774783161,0.8542013121808768
0.8500000000000002,0.5000000000000001,0.060000000000000005,1335.0,202,89,0.8581234774783161,0.8542013121808768
0.8500000000000002,0.45000000000000007,0.04,1337.0,204,89,0.8581234774783161,0.8537060106956438
0.8500000000000002,0.5000000000000001,0.04,1337.0,204,89,0.8581234774783161,0.8537060106956438
0.9000000000000002,0.40000000000000013,0.25,1338.0,122,98,0.8454654067557293,0.8601218495258484
0.9000000000000002,0.30000000000000004,0.25,1340.0,124,98,0.8454654067557293,0.8591949034973579
0.9000000000000002,0.3500000000000001,0.25,1340.0,124,98,0.8454654067557293,0.8591949034973579
0.9000000000000002,0.04,0.02,1341.0,412,63,0.8753339850114044,0.7843978994809254
0.8000000000000003,0.6500000000000002,0.25,1344.0,88,113,0.8507564120467347,0.8858812914361932
0.9000000000000002,0.40000000000000013,0.30000000000000004,1345.0,122,99,0.8447485608775932,0.8597484321736109
0.9000000000000002,0.40000000000000013,0.3500000000000001,1345.0,122,99,0.8447485608775932,0.8597484321736109
0.9000000000000002,0.05,0.01,1347.0,425,62,0.8760508308895405,0.7856107248536918
0.9000000000000002,0.060000000000000005,0.01,1347.0,425,62,0.8760508308895405,0.7856107248536918
0.9000000000000002,0.06999999999999999,0.01,1347.0,425,62,0.8760508308895405,0.7856107248536918
0.9000000000000002,0.08,0.01,1347.0,425,62,0.8760508308895405,0.7856107248536918
0.9000000000000002,0.09,0.01,1347.0,425,62,0.8760508308895405,0.7856107248536918
0.9000000000000002,0.09999999999999999,0.01,1347.0,425,62,0.8760508308895405,0.7856107248536918
0.9000000000000002,0.30000000000000004,0.30000000000000004,1347.0,124,99,0.8447485608775932,0.8588214861451204
0.9000000000000002,0.3500000000000001,0.30000000000000004,1347.0,124,99,0.8447485608775932,0.8588214861451204
0.9000000000000002,0.3500000000000001,0.3500000000000001,1347.0,124,99,0.8447485608775932,0.8588214861451204
0.7000000000000002,0.7000000000000002,0.02,1350.0,261,95,0.8722555819330012,0.8540113080680604
0.8000000000000003,0.6500000000000002,0.30000000000000004,1351.0,88,114,0.8500395661685984,0.8855078740839556
0.8000000000000003,0.6500000000000002,0.3500000000000001,1351.0,88,114,0.8500395661685984,0.8855078740839556
0.7500000000000002,0.7000000000000002,0.03,1353.0,197,100,0.8634579279740571,0.8636433232869826
0.9000000000000002,0.03,0.02,1355.0,426,63,0.8753339850114044,0.7796986513606247
0.7500000000000002,0.7000000000000002,0.05,1355.0,192,101,0.8627410820959209,0.8645281461658364
0.7500000000000002,0.7000000000000002,0.060000000000000005,1355.0,192,101,0.8627410820959209,0.8645281461658364
0.7500000000000002,0.6500000000000002,0.45000000000000007,1355.0,56,126,0.8492575524833589,0.8962599562740969
0.7500000000000002,0.6000000000000002,0.6000000000000002,1355.0,35,135,0.8475849121010411,0.901966809818854
0.7500000000000002,0.7000000000000002,0.04,1357.0,194,101,0.8627410820959209,0.8640328446806035
0.8500000000000002,0.5500000000000002,0.03,1360.0,204,91,0.8556657201818493,0.8530605168381244
0.8500000000000002,0.6000000000000002,0.03,1360.0,204,91,0.8556657201818493,0.8530605168381244
0.8500000000000002,0.45000000000000007,0.25,1360.0,94,108,0.8445034057937284,0.8769213088761499
0.8500000000000002,0.5000000000000001,0.25,1360.0,94,108,0.8445034057937284,0.8769213088761499
0.7500000000000002,0.7500000000000002,0.03,1362.0,196,101,0.862399726915856,0.8635048747986024
0.8500000000000002,0.5500000000000002,0.05,1362.0,199,92,0.8549488743037129,0.8539453397169785
0.8500000000000002,0.5500000000000002,0.060000000000000005,1362.0,199,92,0.8549488743037129,0.8539453397169785
0.8500000000000002,0.6000000000000002,0.05,1362.0,199,92,0.8549488743037129,0.8539453397169785
0.8500000000000002,0.6000000000000002,0.060000000000000005,1362.0,199,92,0.8549488743037129,0.8539453397169785
0.7500000000000002,0.7500000000000002,0.05,1364.0,191,102,0.8616828810377198,0.8643896976774563
0.7500000000000002,0.7500000000000002,0.060000000000000005,1364.0,191,102,0.8616828810377198,0.8643896976774563
0.8500000000000002,0.5500000000000002,0.04,1364.0,201,92,0.8549488743037129,0.8534500382317455
0.8500000000000002,0.6000000000000002,0.04,1364.0,201,92,0.8549488743037129,0.8534500382317455
0.7500000000000002,0.7500000000000002,0.04,1366.0,193,102,0.8616828810377198,0.8638943961922233
0.6500000000000002,0.6500000000000002,0.5500000000000002,1366.0,39,138,0.8497788949401852,0.9014672241412115
0.6500000000000002,0.6500000000000002,0.5000000000000001,1367.0,40,138,0.8497788949401852,0.9011328587443884
0.8500000000000002,0.45000000000000007,0.30000000000000004,1367.0,94,109,0.8437865599155921,0.8765478915239124
0.8500000000000002,0.45000000000000007,0.3500000000000001,1367.0,94,109,0.8437865599155921,0.8765478915239124
0.8500000000000002,0.5000000000000001,0.30000000000000004,1367.0,94,109,0.8437865599155921,0.8765478915239124
0.8500000000000002,0.5000000000000001,0.3500000000000001,1367.0,94,109,0.8437865599155921,0.8765478915239124
0.9000000000000002,0.40000000000000013,0.02,1368.0,299,77,0.8605191701965896,0.821969473011403
0.9000000000000002,0.30000000000000004,0.02,1370.0,301,77,0.8605191701965896,0.8210425269829126
0.9000000000000002,0.3500000000000001,0.02,1370.0,301,77,0.8605191701965896,0.8210425269829126
0.9000000000000002,0.02,0.02,1372.0,443,63,0.8753339850114044,0.7742094682802242
0.9000000000000002,0.04,0.01,1373.0,451,62,0.8760508308895405,0.776423012829568
0.8000000000000003,0.6500000000000002,0.02,1374.0,265,92,0.8658101754875949,0.8477289149217477
0.7500000000000002,0.7000000000000002,0.25,1380.0,84,120,0.849121010411333,0.8872481428611096
0.7000000000000002,0.7000000000000002,0.01,1382.0,300,94,0.8729724278111375,0.8460364214167031
0.7000000000000002,0.7000000000000002,0.40000000000000013,1386.0,66,128,0.8485996679545066,0.8931736398559152
0.9000000000000002,0.03,0.01,1387.0,465,62,0.8760508308895405,0.7717237647092673
0.7500000000000002,0.7000000000000002,0.30000000000000004,1387.0,84,121,0.8484041645331968,0.8868747255088721
0.7500000000000002,0.7000000000000002,0.3500000000000001,1387.0,84,121,0.8484041645331968,0.8868747255088721
0.8500000000000002,0.5500000000000002,0.25,1387.0,91,111,0.8413288026191252,0.8766653364122515
0.8500000000000002,0.6000000000000002,0.25,1387.0,91,111,0.8413288026191252,0.8766653364122515
0.7500000000000002,0.7500000000000002,0.25,1389.0,83,121,0.848062809353132,0.8871096943727296
0.6500000000000002,0.6500000000000002,0.6000000000000002,1389.0,34,142,0.8469115114276405,0.9015073980944289
0.8500000000000002,0.45000000000000007,0.02,1390.0,271,87,0.8595571692345886,0.8387689323617046
0.8500000000000002,0.5000000000000001,0.02,1390.0,271,87,0.8595571692345886,0.8387689323617046
0.8500000000000002,0.5500000000000002,0.30000000000000004,1394.0,91,112,0.840611956740989,0.876291919060014
0.8500000000000002,0.5500000000000002,0.3500000000000001,1394.0,91,112,0.840611956740989,0.876291919060014
0.8500000000000002,0.6000000000000002,0.30000000000000004,1394.0,91,112,0.840611956740989,0.876291919060014
0.8500000000000002,0.6000000000000002,0.3500000000000001,1394.0,91,112,0.840611956740989,0.876291919060014
0.7500000000000002,0.7500000000000002,0.30000000000000004,1396.0,83,122,0.8473459634749957,0.886736277020492
0.7500000000000002,0.7500000000000002,0.3500000000000001,1396.0,83,122,0.8473459634749957,0.886736277020492
0.8000000000000003,0.5000000000000001,0.5000000000000001,1396.0,44,134,0.8415056866669769,0.8942232814570307
0.9000000000000002,0.40000000000000013,0.01,1400.0,338,76,0.8612360160747258,0.8139945863600456
0.9000000000000002,0.30000000000000004,0.01,1402.0,340,76,0.8612360160747258,0.8130676403315552
0.9000000000000002,0.3500000000000001,0.01,1402.0,340,76,0.8612360160747258,0.8130676403315552
0.9000000000000002,0.02,0.01,1404.0,482,62,0.8760508308895405,0.766234581628867
0.9000000000000002,0.40000000000000013,0.40000000000000013,1404.0,104,110,0.8368632562180949,0.8611318047992578
0.6500000000000002,0.6500000000000002,0.6500000000000002,1405.0,29,145,0.8447609737932318,0.9019646735517043
0.8000000000000003,0.6500000000000002,0.01,1406.0,304,91,0.866527021365731,0.8397540282703905
0.8000000000000003,0.7000000000000002,0.08,1408.0,141,109,0.8491861782184363,0.8694518519558038
0.8000000000000003,0.7000000000000002,0.09,1408.0,141,109,0.8491861782184363,0.8694518519558038
0.8000000000000003,0.7000000000000002,0.09999999999999999,1408.0,141,109,0.8491861782184363,0.8694518519558038
0.7000000000000002,0.6500000000000002,0.5500000000000002,1409.0,37,141,0.8437182888795792,0.8998313462677098
0.7500000000000002,0.7000000000000002,0.02,1410.0,261,99,0.8641747738521932,0.8490957663466642
0.7000000000000002,0.6500000000000002,0.5000000000000001,1410.0,38,141,0.8437182888795792,0.8994969808708867
0.8000000000000003,0.6500000000000002,0.40000000000000013,1410.0,70,125,0.8421542615091003,0.8868912467096024
0.8000000000000003,0.7000000000000002,0.06999999999999999,1411.0,144,109,0.8491861782184363,0.8686371410095676
0.8000000000000003,0.7000000000000002,0.15,1415.0,99,116,0.8441682570714829,0.8788273379619375
0.8000000000000003,0.7000000000000002,0.2,1415.0,99,116,0.8441682570714829,0.8788273379619375
0.8500000000000002,0.5500000000000002,0.02,1417.0,268,90,0.8563825660599854,0.8385129598978062
0.8500000000000002,0.6000000000000002,0.02,1417.0,268,90,0.8563825660599854,0.8385129598978062
0.8000000000000003,0.7500000000000002,0.08,1417.0,140,110,0.8481279771602352,0.8693134034674236
0.8000000000000003,0.7500000000000002,0.09,1417.0,140,110,0.8481279771602352,0.8693134034674236
0.8000000000000003,0.7500000000000002,0.09999999999999999,1417.0,140,110,0.8481279771602352,0.8693134034674236
0.7500000000000002,0.7500000000000002,0.02,1419.0,260,100,0.8631165727939921,0.8489573178582841
0.8000000000000003,0.7500000000000002,0.06999999999999999,1420.0,143,110,0.8481279771602352,0.8684986925211874
0.7000000000000002,0.7000000000000002,0.45000000000000007,1421.0,52,135,0.8435817468075532,0.8949173879447284
0.8500000000000002,0.45000000000000007,0.01,1422.0,310,86,0.8602740151127248,0.8307940457103472
0.8500000000000002,0.5000000000000001,0.01,1422.0,310,86,0.8602740151127248,0.8307940457103472
0.8000000000000003,0.5500000000000002,0.5500000000000002,1422.0,40,137,0.8383310834923737,0.8943016743899554
0.8000000000000003,0.6000000000000002,0.5500000000000002,1422.0,40,137,0.8383310834923737,0.8943016743899554
0.8000000000000003,0.5500000000000002,0.5000000000000001,1423.0,41,137,0.8383310834923737,0.8939673089931324
0.8000000000000003,0.6000000000000002,0.5000000000000001,1423.0,41,137,0.8383310834923737,0.8939673089931324
0.8000000000000003,0.7500000000000002,0.15,1424.0,98,117,0.8431100560132818,0.8786888894735574
0.8000000000000003,0.7500000000000002,0.2,1424.0,98,117,0.8431100560132818,0.8786888894735574
0.8500000000000002,0.45000000000000007,0.40000000000000013,1426.0,76,120,0.8359012552560939,0.8779312641495594
0.8500000000000002,0.5000000000000001,0.40000000000000013,1426.0,76,120,0.8359012552560939,0.8779312641495594
0.7000000000000002,0.6500000000000002,0.6000000000000002,1432.0,32,145,0.8408509053670344,0.8998715202209272
0.9000000000000002,0.01,0.01,1442.0,520,62,0.8760508308895405,0.7547557879091192
0.7500000000000002,0.7000000000000002,0.01,1442.0,300,98,0.8648916197303294,0.8411208796953069
0.8000000000000003,0.7000000000000002,0.03,1443.0,197,106,0.8513367158528449,0.8560183618113014
0.8000000000000003,0.7000000000000002,0.05,1445.0,192,107,0.8506198699747086,0.8569031846901553
0.8000000000000003,0.7000000000000002,0.060000000000000005,1445.0,192,107,0.8506198699747086,0.8569031846901553
0.8000000000000003,0.6500000000000002,0.45000000000000007,1445.0,56,132,0.8371363403621469,0.8886349947984158
0.8000000000000003,0.6000000000000002,0.6000000000000002,1445.0,35,141,0.835463699979829,0.8943418483431729
0.7500000000000002,0.7000000000000002,0.40000000000000013,1446.0,66,132,0.8405188598736987,0.8882580981345191
0.8000000000000003,0.7000000000000002,0.04,1447.0,194,107,0.8506198699747086,0.8564078832049223
0.7000000000000002,0.6500000000000002,0.6500000000000002,1448.0,27,148,0.8387003677326259,0.9003287956782026
0.9000000000000002,0.45000000000000007,0.08,1448.0,151,101,0.8364877655200237,0.8521299044201521
0.9000000000000002,0.45000000000000007,0.09,1448.0,151,101,0.8364877655200237,0.8521299044201521
0.9000000000000002,0.45000000000000007,0.09999999999999999,1448.0,151,101,0.8364877655200237,0.8521299044201521
0.9000000000000002,0.5000000000000001,0.08,1448.0,151,101,0.8364877655200237,0.8521299044201521
0.9000000000000002,0.5000000000000001,0.09,1448.0,151,101,0.8364877655200237,0.8521299044201521
0.9000000000000002,0.5000000000000001,0.09999999999999999,1448.0,151,101,0.8364877655200237,0.8521299044201521
0.8500000000000002,0.5500000000000002,0.01,1449.0,307,89,0.8570994119381217,0.830538073246449
0.8500000000000002,0.6000000000000002,0.01,1449.0,307,89,0.8570994119381217,0.830538073246449
0.7500000000000002,0.7500000000000002,0.01,1451.0,299,99,0.8638334186721283,0.8409824312069268
0.9000000000000002,0.45000000000000007,0.06999999999999999,1451.0,154,101,0.8364877655200237,0.8513151934739159
0.9000000000000002,0.5000000000000001,0.06999999999999999,1451.0,154,101,0.8364877655200237,0.8513151934739159
0.8000000000000003,0.7500000000000002,0.03,1452.0,196,107,0.8502785147946438,0.8558799133229212
0.8500000000000002,0.5500000000000002,0.40000000000000013,1453.0,73,123,0.8327266520814908,0.8776752916856609
0.8500000000000002,0.6000000000000002,0.40000000000000013,1453.0,73,123,0.8327266520814908,0.8776752916856609
0.8000000000000003,0.7500000000000002,0.05,1454.0,191,108,0.8495616689165075,0.8567647362017752
0.8000000000000003,0.7500000000000002,0.060000000000000005,1454.0,191,108,0.8495616689165075,0.8567647362017752
0.7500000000000002,0.7500000000000002,0.40000000000000013,1455.0,65,133,0.8394606588154976,0.8881196496461389
0.9000000000000002,0.45000000000000007,0.15,1455.0,109,108,0.8314698443730703,0.8615053904262858
0.9000000000000002,0.45000000000000007,0.2,1455.0,109,108,0.8314698443730703,0.8615053904262858
0.9000000000000002,0.5000000000000001,0.15,1455.0,109,108,0.8314698443730703,0.8615053904262858
0.9000000000000002,0.5000000000000001,0.2,1455.0,109,108,0.8314698443730703,0.8615053904262858
0.8000000000000003,0.7500000000000002,0.04,1456.0,193,108,0.8495616689165075,0.8562694347165422
0.8500000000000002,0.45000000000000007,0.45000000000000007,1461.0,62,127,0.8308833341091405,0.8796750122383726
0.8500000000000002,0.5000000000000001,0.45000000000000007,1461.0,62,127,0.8308833341091405,0.8796750122383726
0.8500000000000002,0.6500000000000002,0.08,1462.0,145,108,0.8387003677326259,0.8594831756633039
0.8500000000000002,0.6500000000000002,0.09,1462.0,145,108,0.8387003677326259,0.8594831756633039
0.8500000000000002,0.6500000000000002,0.09999999999999999,1462.0,145,108,0.8387003677326259,0.8594831756633039
0.8500000000000002,0.6500000000000002,0.06999999999999999,1465.0,148,108,0.8387003677326259,0.8586684647170677
0.7500000000000002,0.6500000000000002,0.5500000000000002,1469.0,37,145,0.8356374807987711,0.8949158045463136
0.8500000000000002,0.6500000000000002,0.15,1469.0,103,115,0.8336824465856725,0.8688586616694377
0.8500000000000002,0.6500000000000002,0.2,1469.0,103,115,0.8336824465856725,0.8688586616694377
0.8000000000000003,0.7000000000000002,0.25,1470.0,84,126,0.8369997982901208,0.8796231813854285
0.7500000000000002,0.6500000000000002,0.5000000000000001,1470.0,38,145,0.8356374807987711,0.8945814391494905
0.9000000000000002,0.5500000000000002,0.08,1475.0,148,104,0.8333131623454205,0.8518739319562538
0.9000000000000002,0.5500000000000002,0.09,1475.0,148,104,0.8333131623454205,0.8518739319562538
0.9000000000000002,0.5500000000000002,0.09999999999999999,1475.0,148,104,0.8333131623454205,0.8518739319562538
0.9000000000000002,0.6000000000000002,0.08,1475.0,148,104,0.8333131623454205,0.8518739319562538
0.9000000000000002,0.6000000000000002,0.09,1475.0,148,104,0.8333131623454205,0.8518739319562538
0.9000000000000002,0.6000000000000002,0.09999999999999999,1475.0,148,104,0.8333131623454205,0.8518739319562538
0.8000000000000003,0.7000000000000002,0.30000000000000004,1477.0,84,127,0.8362829524119846,0.879249764033191
0.8000000000000003,0.7000000000000002,0.3500000000000001,1477.0,84,127,0.8362829524119846,0.879249764033191
0.9000000000000002,0.5500000000000002,0.06999999999999999,1478.0,151,104,0.8333131623454205,0.8510592210100176
0.9000000000000002,0.6000000000000002,0.06999999999999999,1478.0,151,104,0.8333131623454205,0.8510592210100176
0.8000000000000003,0.7500000000000002,0.25,1479.0,83,127,0.8359415972319199,0.8794847328970484
0.7500000000000002,0.7000000000000002,0.45000000000000007,1481.0,52,139,0.8355009387267452,0.8900018462233322
0.9000000000000002,0.5500000000000002,0.15,1482.0,106,111,0.8282952411984671,0.8612494179623876
0.9000000000000002,0.5500000000000002,0.2,1482.0,106,111,0.8282952411984671,0.8612494179623876
0.9000000000000002,0.6000000000000002,0.15,1482.0,106,111,0.8282952411984671,0.8612494179623876
0.9000000000000002,0.6000000000000002,0.2,1482.0,106,111,0.8282952411984671,0.8612494179623876
0.9000000000000002,0.45000000000000007,0.03,1483.0,207,98,0.8386383031544322,0.8386964142756498
0.9000000000000002,0.5000000000000001,0.03,1483.0,207,98,0.8386383031544322,0.8386964142756498
0.9000000000000002,0.45000000000000007,0.05,1485.0,202,99,0.837921457276296,0.8395812371545036
0.9000000000000002,0.45000000000000007,0.060000000000000005,1485.0,202,99,0.837921457276296,0.8395812371545036
0.9000000000000002,0.5000000000000001,0.05,1485.0,202,99,0.837921457276296,0.8395812371545036
0.9000000000000002,0.5000000000000001,0.060000000000000005,1485.0,202,99,0.837921457276296,0.8395812371545036
0.8000000000000003,0.7500000000000002,0.30000000000000004,1486.0,83,128,0.8352247513537835,0.8791113155448108
0.8000000000000003,0.7500000000000002,0.3500000000000001,1486.0,83,128,0.8352247513537835,0.8791113155448108
0.9000000000000002,0.45000000000000007,0.04,1487.0,204,99,0.837921457276296,0.8390859356692708
0.9000000000000002,0.5000000000000001,0.04,1487.0,204,99,0.837921457276296,0.8390859356692708
0.8500000000000002,0.5500000000000002,0.45000000000000007,1488.0,59,130,0.8277087309345373,0.8794190397744742
0.8500000000000002,0.6000000000000002,0.45000000000000007,1488.0,59,130,0.8277087309345373,0.8794190397744742
0.7500000000000002,0.7500000000000002,0.45000000000000007,1490.0,51,140,0.8344427376685442,0.8898633977349522
0.7500000000000002,0.6500000000000002,0.6000000000000002,1492.0,32,149,0.8327700972862263,0.894955978499531
0.8500000000000002,0.6500000000000002,0.03,1497.0,201,105,0.8408509053670344,0.8460496855188016
0.8500000000000002,0.6500000000000002,0.05,1499.0,196,106,0.8401340594888982,0.8469345083976555
0.8500000000000002,0.6500000000000002,0.060000000000000005,1499.0,196,106,0.8401340594888982,0.8469345083976555
0.8000000000000003,0.7000000000000002,0.02,1500.0,261,105,0.852053561730981,0.841470804870983
0.8500000000000002,0.6500000000000002,0.04,1501.0,198,106,0.8401340594888982,0.8464392069124225
0.7500000000000002,0.6500000000000002,0.6500000000000002,1508.0,27,152,0.8306195596518178,0.8954132539568064
0.8000000000000003,0.7500000000000002,0.02,1509.0,260,106,0.8509953606727799,0.841332356382603
0.9000000000000002,0.5500000000000002,0.03,1510.0,204,101,0.835463699979829,0.8384404418117515
0.9000000000000002,0.6000000000000002,0.03,1510.0,204,101,0.835463699979829,0.8384404418117515
0.9000000000000002,0.45000000000000007,0.25,1510.0,94,118,0.8243013855917082,0.862301233849777
0.9000000000000002,0.5000000000000001,0.25,1510.0,94,118,0.8243013855917082,0.862301233849777
0.9000000000000002,0.5500000000000002,0.05,1512.0,199,102,0.8347468541016928,0.8393252646906054
0.9000000000000002,0.5500000000000002,0.060000000000000005,1512.0,199,102,0.8347468541016928,0.8393252646906054
0.9000000000000002,0.6000000000000002,0.05,1512.0,199,102,0.8347468541016928,0.8393252646906054
0.9000000000000002,0.6000000000000002,0.060000000000000005,1512.0,199,102,0.8347468541016928,0.8393252646906054
0.9000000000000002,0.5500000000000002,0.04,1514.0,201,102,0.8347468541016928,0.8388299632053724
0.9000000000000002,0.6000000000000002,0.04,1514.0,201,102,0.8347468541016928,0.8388299632053724
0.9000000000000002,0.45000000000000007,0.30000000000000004,1517.0,94,119,0.8235845397135719,0.8619278164975394
0.9000000000000002,0.45000000000000007,0.3500000000000001,1517.0,94,119,0.8235845397135719,0.8619278164975394
0.9000000000000002,0.5000000000000001,0.30000000000000004,1517.0,94,119,0.8235845397135719,0.8619278164975394
0.9000000000000002,0.5000000000000001,0.3500000000000001,1517.0,94,119,0.8235845397135719,0.8619278164975394
0.8500000000000002,0.6500000000000002,0.25,1524.0,88,125,0.8265139878043105,0.8696545050929286
0.8000000000000003,0.8000000000000003,0.08,1525.0,138,121,0.8364877655200237,0.8629739599037523
0.8000000000000003,0.8000000000000003,0.09,1525.0,138,121,0.8364877655200237,0.8629739599037523
0.8000000000000003,0.8000000000000003,0.09999999999999999,1525.0,138,121,0.8364877655200237,0.8629739599037523
0.8000000000000003,0.8000000000000003,0.06999999999999999,1528.0,141,121,0.8364877655200237,0.8621592489575161
0.8500000000000002,0.6500000000000002,0.30000000000000004,1531.0,88,126,0.8257971419261741,0.8692810877406911
0.8500000000000002,0.6500000000000002,0.3500000000000001,1531.0,88,126,0.8257971419261741,0.8692810877406911
0.8000000000000003,0.7000000000000002,0.01,1532.0,300,104,0.8527704076091173,0.8334959182196258
0.8000000000000003,0.8000000000000003,0.15,1532.0,96,128,0.8314698443730703,0.8723494459098861
0.8000000000000003,0.8000000000000003,0.2,1532.0,96,128,0.8314698443730703,0.8723494459098861
0.7000000000000002,0.7000000000000002,0.5500000000000002,1535.0,33,154,0.8299616751229654,0.8935732362169451
0.7000000000000002,0.7000000000000002,0.5000000000000001,1536.0,34,154,0.8299616751229654,0.893238870820122
0.8000000000000003,0.7000000000000002,0.40000000000000013,1536.0,66,138,0.8283976477524865,0.8806331366588379
0.9000000000000002,0.5500000000000002,0.25,1537.0,91,121,0.821126782417105,0.8620452613858786
0.9000000000000002,0.6000000000000002,0.25,1537.0,91,121,0.821126782417105,0.8620452613858786
0.9500000000000003,0.15,0.08,1538.0,201,94,0.8227311517634098,0.8095186906075901
0.9500000000000003,0.15,0.09,1538.0,201,94,0.8227311517634098,0.8095186906075901
0.9500000000000003,0.15,0.09999999999999999,1538.0,201,94,0.8227311517634098,0.8095186906075901
0.9500000000000003,0.2,0.08,1538.0,201,94,0.8227311517634098,0.8095186906075901
0.9500000000000003,0.2,0.09,1538.0,201,94,0.8227311517634098,0.8095186906075901
0.9500000000000003,0.2,0.09999999999999999,1538.0,201,94,0.8227311517634098,0.8095186906075901
0.9500000000000003,0.25,0.08,1538.0,201,94,0.8227311517634098,0.8095186906075901
0.9500000000000003,0.25,0.09,1538.0,201,94,0.8227311517634098,0.8095186906075901
0.9500000000000003,0.25,0.09999999999999999,1538.0,201,94,0.8227311517634098,0.8095186906075901
0.9000000000000002,0.45000000000000007,0.02,1540.0,271,97,0.8393551490325684,0.8241488573353314
0.9000000000000002,0.5000000000000001,0.02,1540.0,271,97,0.8393551490325684,0.8241488573353314
0.8000000000000003,0.7500000000000002,0.01,1541.0,299,105,0.8517122065509163,0.8333574697312457
0.9500000000000003,0.15,0.06999999999999999,1541.0,204,94,0.8227311517634098,0.8087039796613539
0.9500000000000003,0.2,0.06999999999999999,1541.0,204,94,0.8227311517634098,0.8087039796613539
0.9500000000000003,0.25,0.06999999999999999,1541.0,204,94,0.8227311517634098,0.8087039796613539
0.9000000000000002,0.5500000000000002,0.30000000000000004,1544.0,91,122,0.8204099365389688,0.861671844033641
0.9000000000000002,0.5500000000000002,0.3500000000000001,1544.0,91,122,0.8204099365389688,0.861671844033641
0.9000000000000002,0.6000000000000002,0.30000000000000004,1544.0,91,122,0.8204099365389688,0.861671844033641
0.9000000000000002,0.6000000000000002,0.3500000000000001,1544.0,91,122,0.8204099365389688,0.861671844033641
0.8000000000000003,0.7500000000000002,0.40000000000000013,1545.0,65,139,0.8273394466942854,0.8804946881704577
0.9500000000000003,0.15,0.15,1545.0,159,101,0.8177132306164564,0.8188941766137239
0.9500000000000003,0.2,0.15,1545.0,159,101,0.8177132306164564,0.8188941766137239
0.9500000000000003,0.2,0.2,1545.0,159,101,0.8177132306164564,0.8188941766137239
0.9500000000000003,0.25,0.15,1545.0,159,101,0.8177132306164564,0.8188941766137239
0.9500000000000003,0.25,0.2,1545.0,159,101,0.8177132306164564,0.8188941766137239
0.9500000000000003,0.08,0.08,1551.0,264,89,0.8280221570544152,0.7870466372762962
0.9500000000000003,0.09,0.08,1551.0,264,89,0.8280221570544152,0.7870466372762962
0.9500000000000003,0.09,0.09,1551.0,264,89,0.8280221570544152,0.7870466372762962
0.9500000000000003,0.09999999999999999,0.08,1551.0,264,89,0.8280221570544152,0.7870466372762962
0.9500000000000003,0.09999999999999999,0.09,1551.0,264,89,0.8280221570544152,0.7870466372762962
0.9500000000000003,0.09999999999999999,0.09999999999999999,1551.0,264,89,0.8280221570544152,0.7870466372762962
0.8500000000000002,0.6500000000000002,0.02,1554.0,265,104,0.8415677512451706,0.8315021285784833
0.9500000000000003,0.06999999999999999,0.06999999999999999,1554.0,267,89,0.8280221570544152,0.78623192633006
0.9500000000000003,0.08,0.06999999999999999,1554.0,267,89,0.8280221570544152,0.78623192633006
0.9500000000000003,0.09,0.06999999999999999,1554.0,267,89,0.8280221570544152,0.78623192633006
0.9500000000000003,0.09999999999999999,0.06999999999999999,1554.0,267,89,0.8280221570544152,0.78623192633006
0.7000000000000002,0.7000000000000002,0.6000000000000002,1558.0,28,158,0.8270942916104206,0.8936134101701625
0.8000000000000003,0.6500000000000002,0.5500000000000002,1559.0,37,151,0.823516268677559,0.8872908430706324
0.8000000000000003,0.8000000000000003,0.03,1560.0,194,118,0.8386383031544322,0.8495404697592499
0.8000000000000003,0.6500000000000002,0.5000000000000001,1560.0,38,151,0.823516268677559,0.8869564776738094
0.8000000000000003,0.8000000000000003,0.05,1562.0,189,119,0.837921457276296,0.8504252926381038
0.8000000000000003,0.8000000000000003,0.060000000000000005,1562.0,189,119,0.837921457276296,0.8504252926381038
0.8000000000000003,0.8000000000000003,0.04,1564.0,191,119,0.837921457276296,0.8499299911528708
0.9000000000000002,0.5500000000000002,0.02,1567.0,268,100,0.8361805458579652,0.8238928848714332
0.9000000000000002,0.6000000000000002,0.02,1567.0,268,100,0.8361805458579652,0.8238928848714332
0.8000000000000003,0.7000000000000002,0.45000000000000007,1571.0,52,145,0.823379726605533,0.8823768847476511
0.9000000000000002,0.45000000000000007,0.01,1572.0,310,96,0.8400719949107046,0.8161739706839741
0.9000000000000002,0.5000000000000001,0.01,1572.0,310,96,0.8400719949107046,0.8161739706839741
0.9500000000000003,0.15,0.03,1573.0,257,91,0.8248816893978184,0.7960852004630877
0.9500000000000003,0.2,0.03,1573.0,257,91,0.8248816893978184,0.7960852004630877
0.9500000000000003,0.25,0.03,1573.0,257,91,0.8248816893978184,0.7960852004630877
0.7000000000000002,0.7000000000000002,0.6500000000000002,1574.0,23,161,0.8249437539760119,0.894070685627438
0.9500000000000003,0.15,0.05,1575.0,252,92,0.8241648435196822,0.7969700233419417
0.9500000000000003,0.15,0.060000000000000005,1575.0,252,92,0.8241648435196822,0.7969700233419417
0.9500000000000003,0.2,0.05,1575.0,252,92,0.8241648435196822,0.7969700233419417
0.9500000000000003,0.2,0.060000000000000005,1575.0,252,92,0.8241648435196822,0.7969700233419417
0.9500000000000003,0.25,0.05,1575.0,252,92,0.8241648435196822,0.7969700233419417
0.9500000000000003,0.25,0.060000000000000005,1575.0,252,92,0.8241648435196822,0.7969700233419417
0.8500000000000002,0.5000000000000001,0.5000000000000001,1576.0,44,146,0.8172632624245527,0.8779964951137661
0.9000000000000002,0.45000000000000007,0.40000000000000013,1576.0,76,130,0.8156992350540738,0.8633111891231863
0.9000000000000002,0.5000000000000001,0.40000000000000013,1576.0,76,130,0.8156992350540738,0.8633111891231863
0.9500000000000003,0.15,0.04,1577.0,254,92,0.8241648435196822,0.7964747218567086
0.9500000000000003,0.2,0.04,1577.0,254,92,0.8241648435196822,0.7964747218567086
0.9500000000000003,0.25,0.04,1577.0,254,92,0.8241648435196822,0.7964747218567086
0.8000000000000003,0.7500000000000002,0.45000000000000007,1580.0,51,146,0.822321525547332,0.882238436259271
0.8000000000000003,0.6500000000000002,0.6000000000000002,1582.0,32,155,0.8206488851650143,0.8873310170238499
0.8500000000000002,0.6500000000000002,0.01,1586.0,304,103,0.8422845971233069,0.8235272419271259
0.9500000000000003,0.05,0.03,1586.0,320,86,0.8301726946888238,0.7736131471317939
0.9500000000000003,0.060000000000000005,0.03,1586.0,320,86,0.8301726946888238,0.7736131471317939
0.9500000000000003,0.06999999999999999,0.03,1586.0,320,86,0.8301726946888238,0.7736131471317939
0.9500000000000003,0.08,0.03,1586.0,320,86,0.8301726946888238,0.7736131471317939
0.9500000000000003,0.09,0.03,1586.0,320,86,0.8301726946888238,0.7736131471317939
0.9500000000000003,0.09999999999999999,0.03,1586.0,320,86,0.8301726946888238,0.7736131471317939
0.8000000000000003,0.8000000000000003,0.25,1587.0,81,138,0.8243013855917082,0.873145289333377
0.9500000000000003,0.05,0.05,1588.0,315,87,0.8294558488106875,0.7744979700106477
0.9500000000000003,0.060000000000000005,0.05,1588.0,315,87,0.8294558488106875,0.7744979700106477
0.9500000000000003,0.060000000000000005,0.060000000000000005,1588.0,315,87,0.8294558488106875,0.7744979700106477
0.9500000000000003,0.06999999999999999,0.05,1588.0,315,87,0.8294558488106875,0.7744979700106477
0.9500000000000003,0.06999999999999999,0.060000000000000005,1588.0,315,87,0.8294558488106875,0.7744979700106477
0.9500000000000003,0.08,0.05,1588.0,315,87,0.8294558488106875,0.7744979700106477
0.9500000000000003,0.08,0.060000000000000005,1588.0,315,87,0.8294558488106875,0.7744979700106477
0.9500000000000003,0.09,0.05,1588.0,315,87,0.8294558488106875,0.7744979700106477
0.9500000000000003,0.09,0.060000000000000005,1588.0,315,87,0.8294558488106875,0.7744979700106477
0.9500000000000003,0.09999999999999999,0.05,1588.0,315,87,0.8294558488106875,0.7744979700106477
0.9500000000000003,0.09999999999999999,0.060000000000000005,1588.0,315,87,0.8294558488106875,0.7744979700106477
0.8500000000000002,0.7000000000000002,0.08,1588.0,141,121,0.8249437539760119,0.8532250656125392
0.8500000000000002,0.7000000000000002,0.09,1588.0,141,121,0.8249437539760119,0.8532250656125392
0.8500000000000002,0.7000000000000002,0.09999999999999999,1588.0,141,121,0.8249437539760119,0.8532250656125392
0.9500000000000003,0.05,0.04,1590.0,317,87,0.8294558488106875,0.7740026685254148
0.9500000000000003,0.060000000000000005,0.04,1590.0,317,87,0.8294558488106875,0.7740026685254148
0.9500000000000003,0.06999999999999999,0.04,1590.0,317,87,0.8294558488106875,0.7740026685254148
0.9500000000000003,0.08,0.04,1590.0,317,87,0.8294558488106875,0.7740026685254148
0.9500000000000003,0.09,0.04,1590.0,317,87,0.8294558488106875,0.7740026685254148
0.9500000000000003,0.09999999999999999,0.04,1590.0,317,87,0.8294558488106875,0.7740026685254148
0.8500000000000002,0.6500000000000002,0.40000000000000013,1590.0,70,137,0.817911837266676,0.8706644603663379
0.8500000000000002,0.7000000000000002,0.06999999999999999,1591.0,144,121,0.8249437539760119,0.852410354666303
0.8000000000000003,0.8000000000000003,0.30000000000000004,1594.0,81,139,0.8235845397135719,0.8727718719811395
0.8000000000000003,0.8000000000000003,0.3500000000000001,1594.0,81,139,0.8235845397135719,0.8727718719811395
0.7500000000000002,0.7000000000000002,0.5500000000000002,1595.0,33,158,0.8218808670421573,0.8886576944955489
0.8500000000000002,0.7000000000000002,0.15,1595.0,99,128,0.8199258328290586,0.862600551618673
0.8500000000000002,0.7000000000000002,0.2,1595.0,99,128,0.8199258328290586,0.862600551618673
0.7500000000000002,0.7000000000000002,0.5000000000000001,1596.0,34,158,0.8218808670421573,0.8883233290987258
0.8500000000000002,0.7500000000000002,0.08,1597.0,140,122,0.8238855529178108,0.853086617124159
0.8500000000000002,0.7500000000000002,0.09,1597.0,140,122,0.8238855529178108,0.853086617124159
0.8500000000000002,0.7500000000000002,0.09999999999999999,1597.0,140,122,0.8238855529178108,0.853086617124159
0.8000000000000003,0.6500000000000002,0.6500000000000002,1598.0,27,158,0.8184983475306057,0.8877882924811252
0.9000000000000002,0.5500000000000002,0.01,1599.0,307,99,0.8368973917361014,0.8159179982200758
0.9000000000000002,0.6000000000000002,0.01,1599.0,307,99,0.8368973917361014,0.8159179982200758
0.8500000000000002,0.7500000000000002,0.06999999999999999,1600.0,143,122,0.8238855529178108,0.8522719061779228
0.9500000000000003,0.25,0.25,1600.0,144,111,0.8105447718350943,0.8196900200372149
0.8500000000000002,0.5500000000000002,0.5500000000000002,1602.0,40,149,0.8140886592499496,0.8780748880466908
0.8500000000000002,0.6000000000000002,0.5500000000000002,1602.0,40,149,0.8140886592499496,0.8780748880466908
0.8500000000000002,0.5500000000000002,0.5000000000000001,1603.0,41,149,0.8140886592499496,0.8777405226498679
0.8500000000000002,0.6000000000000002,0.5000000000000001,1603.0,41,149,0.8140886592499496,0.8777405226498679
0.9000000000000002,0.5500000000000002,0.40000000000000013,1603.0,73,133,0.8125246318794707,0.863055216659288
0.9000000000000002,0.6000000000000002,0.40000000000000013,1603.0,73,133,0.8125246318794707,0.863055216659288
0.7500000000000002,0.7500000000000002,0.5500000000000002,1604.0,32,159,0.8208226659839563,0.8885192460071688
0.8500000000000002,0.7500000000000002,0.15,1604.0,98,129,0.8188676317708575,0.8624621031302927
0.8500000000000002,0.7500000000000002,0.2,1604.0,98,129,0.8188676317708575,0.8624621031302927
0.9500000000000003,0.40000000000000013,0.08,1604.0,177,103,0.8132073422396003,0.8154304987826503
0.9500000000000003,0.40000000000000013,0.09,1604.0,177,103,0.8132073422396003,0.8154304987826503
0.9500000000000003,0.40000000000000013,0.09999999999999999,1604.0,177,103,0.8132073422396003,0.8154304987826503
0.7500000000000002,0.7500000000000002,0.5000000000000001,1605.0,33,159,0.8208226659839563,0.8881848806103457
0.9500000000000003,0.30000000000000004,0.08,1606.0,179,103,0.8132073422396003,0.8145035527541596
0.9500000000000003,0.30000000000000004,0.09,1606.0,179,103,0.8132073422396003,0.8145035527541596
0.9500000000000003,0.30000000000000004,0.09999999999999999,1606.0,179,103,0.8132073422396003,0.8145035527541596
0.9500000000000003,0.3500000000000001,0.08,1606.0,179,103,0.8132073422396003,0.8145035527541596
0.9500000000000003,0.3500000000000001,0.09,1606.0,179,103,0.8132073422396003,0.8145035527541596
0.9500000000000003,0.3500000000000001,0.09999999999999999,1606.0,179,103,0.8132073422396003,0.8145035527541596
0.9500000000000003,0.40000000000000013,0.06999999999999999,1607.0,180,103,0.8132073422396003,0.8146157878364141
0.9500000000000003,0.30000000000000004,0.06999999999999999,1609.0,182,103,0.8132073422396003,0.8136888418079234
0.9500000000000003,0.3500000000000001,0.06999999999999999,1609.0,182,103,0.8132073422396003,0.8136888418079234
0.9000000000000002,0.45000000000000007,0.45000000000000007,1611.0,62,137,0.8106813139071204,0.8650549372119997
0.9000000000000002,0.5000000000000001,0.45000000000000007,1611.0,62,137,0.8106813139071204,0.8650549372119997
0.9500000000000003,0.40000000000000013,0.15,1611.0,135,110,0.8081894210926469,0.824805984788784
0.9500000000000003,0.40000000000000013,0.2,1611.0,135,110,0.8081894210926469,0.824805984788784
0.9500000000000003,0.04,0.03,1612.0,346,86,0.8301726946888238,0.7644254351076701
0.9000000000000002,0.6500000000000002,0.08,1612.0,145,118,0.8184983475306056,0.8448631006369308
0.9000000000000002,0.6500000000000002,0.09,1612.0,145,118,0.8184983475306056,0.8448631006369308
0.9000000000000002,0.6500000000000002,0.09999999999999999,1612.0,145,118,0.8184983475306056,0.8448631006369308
0.9500000000000003,0.30000000000000004,0.15,1613.0,137,110,0.8081894210926469,0.8238790387602934
0.9500000000000003,0.30000000000000004,0.2,1613.0,137,110,0.8081894210926469,0.8238790387602934
0.9500000000000003,0.3500000000000001,0.15,1613.0,137,110,0.8081894210926469,0.8238790387602934
0.9500000000000003,0.3500000000000001,0.2,1613.0,137,110,0.8081894210926469,0.8238790387602934
0.7000000000000002,0.7000000000000002,0.7000000000000002,1615.0,22,167,0.8206426787071948,0.8919003569107175
0.9000000000000002,0.6500000000000002,0.06999999999999999,1615.0,148,118,0.8184983475306056,0.8440483896906946
0.9500000000000003,0.04,0.04,1616.0,343,87,0.8294558488106875,0.7648149565012913
0.8000000000000003,0.8000000000000003,0.02,1617.0,258,117,0.8393551490325684,0.8349929128189316
0.7500000000000002,0.7000000000000002,0.6000000000000002,1618.0,28,162,0.8190134835296127,0.8886978684487663
0.9000000000000002,0.6500000000000002,0.15,1619.0,103,125,0.8134804263836521,0.8542385866430645
0.9000000000000002,0.6500000000000002,0.2,1619.0,103,125,0.8134804263836521,0.8542385866430645
0.8500000000000002,0.7000000000000002,0.03,1623.0,197,118,0.8270942916104206,0.8397915754680368
0.8500000000000002,0.7000000000000002,0.05,1625.0,192,119,0.8263774457322844,0.8406763983468908
0.8500000000000002,0.7000000000000002,0.060000000000000005,1625.0,192,119,0.8263774457322844,0.8406763983468908
0.8500000000000002,0.6500000000000002,0.45000000000000007,1625.0,56,144,0.8128939161197226,0.8724082084551513
0.8500000000000002,0.6000000000000002,0.6000000000000002,1625.0,35,153,0.8112212757374048,0.8781150619999082
0.9500000000000003,0.03,0.03,1626.0,360,86,0.8301726946888238,0.7597261869873694
0.8500000000000002,0.7000000000000002,0.04,1627.0,194,119,0.8263774457322844,0.8401810968616578
0.7500000000000002,0.7500000000000002,0.6000000000000002,1627.0,27,163,0.8179552824714116,0.8885594199603862
0.9500000000000003,0.15,0.02,1630.0,321,90,0.8255985352759546,0.7815376435227694
0.9500000000000003,0.2,0.02,1630.0,321,90,0.8255985352759546,0.7815376435227694
0.9500000000000003,0.25,0.02,1630.0,321,90,0.8255985352759546,0.7815376435227694
0.8500000000000002,0.7500000000000002,0.03,1632.0,196,119,0.8260360905522196,0.8396531269796567
0.8500000000000002,0.7500000000000002,0.05,1634.0,191,120,0.8253192446740835,0.8405379498585107
0.8500000000000002,0.7500000000000002,0.060000000000000005,1634.0,191,120,0.8253192446740835,0.8405379498585107
0.7500000000000002,0.7000000000000002,0.6500000000000002,1634.0,23,165,0.816862945895204,0.8891551439060418
0.8500000000000002,0.7500000000000002,0.04,1636.0,193,120,0.8253192446740835,0.8400426483732777
0.9000000000000002,0.5500000000000002,0.45000000000000007,1638.0,59,140,0.8075067107325172,0.8647989647481013
0.9000000000000002,0.6000000000000002,0.45000000000000007,1638.0,59,140,0.8075067107325172,0.8647989647481013
0.9500000000000003,0.40000000000000013,0.03,1639.0,233,100,0.8153578798740089,0.8019970086381479
0.9500000000000003,0.30000000000000004,0.03,1641.0,235,100,0.8153578798740089,0.8010700626096573
0.9500000000000003,0.3500000000000001,0.03,1641.0,235,100,0.8153578798740089,0.8010700626096573
0.9500000000000003,0.40000000000000013,0.05,1641.0,228,101,0.8146410339958727,0.8028818315170018
0.9500000000000003,0.40000000000000013,0.060000000000000005,1641.0,228,101,0.8146410339958727,0.8028818315170018
0.9500000000000003,0.05,0.02,1643.0,384,85,0.83088954056696,0.7590655901914755
0.9500000000000003,0.060000000000000005,0.02,1643.0,384,85,0.83088954056696,0.7590655901914755
0.9500000000000003,0.06999999999999999,0.02,1643.0,384,85,0.83088954056696,0.7590655901914755
0.9500000000000003,0.08,0.02,1643.0,384,85,0.83088954056696,0.7590655901914755
0.9500000000000003,0.09,0.02,1643.0,384,85,0.83088954056696,0.7590655901914755
0.9500000000000003,0.09999999999999999,0.02,1643.0,384,85,0.83088954056696,0.7590655901914755
0.7500000000000002,0.7500000000000002,0.6500000000000002,1643.0,22,166,0.815804744837003,0.8890166954176616
0.9500000000000003,0.40000000000000013,0.04,1643.0,230,101,0.8146410339958727,0.8023865300317689
0.9500000000000003,0.30000000000000004,0.05,1643.0,230,101,0.8146410339958727,0.8019548854885112
0.9500000000000003,0.30000000000000004,0.060000000000000005,1643.0,230,101,0.8146410339958727,0.8019548854885112
0.9500000000000003,0.3500000000000001,0.05,1643.0,230,101,0.8146410339958727,0.8019548854885112
0.9500000000000003,0.3500000000000001,0.060000000000000005,1643.0,230,101,0.8146410339958727,0.8019548854885112
0.9500000000000003,0.30000000000000004,0.04,1645.0,232,101,0.8146410339958727,0.8014595840032782
0.9500000000000003,0.3500000000000001,0.04,1645.0,232,101,0.8146410339958727,0.8014595840032782
0.9000000000000002,0.6500000000000002,0.03,1647.0,201,115,0.8206488851650141,0.8314296104924285
0.8000000000000003,0.8000000000000003,0.01,1649.0,297,116,0.8400719949107046,0.8270180261675742
0.9000000000000002,0.6500000000000002,0.05,1649.0,196,116,0.819932039286878,0.8323144333712823
0.9000000000000002,0.6500000000000002,0.060000000000000005,1649.0,196,116,0.819932039286878,0.8323144333712823
0.8500000000000002,0.7000000000000002,0.25,1650.0,84,138,0.8127573740476967,0.863396395042164
0.9000000000000002,0.6500000000000002,0.04,1651.0,198,116,0.819932039286878,0.8318191318860494
0.8000000000000003,0.8000000000000003,0.40000000000000013,1653.0,63,150,0.8156992350540738,0.8741552446067864
0.8500000000000002,0.7000000000000002,0.30000000000000004,1657.0,84,139,0.8120405281695603,0.8630229776899264
0.8500000000000002,0.7000000000000002,0.3500000000000001,1657.0,84,139,0.8120405281695603,0.8630229776899264
0.8500000000000002,0.7500000000000002,0.25,1659.0,83,139,0.8116991729894956,0.8632579465537837
0.9500000000000003,0.15,0.01,1662.0,360,89,0.8263153811540908,0.7735627568714122
0.9500000000000003,0.2,0.01,1662.0,360,89,0.8263153811540908,0.7735627568714122
0.9500000000000003,0.25,0.01,1662.0,360,89,0.8263153811540908,0.7735627568714122
0.8500000000000002,0.7500000000000002,0.30000000000000004,1666.0,83,140,0.8109823271113593,0.8628845292015462
0.8500000000000002,0.7500000000000002,0.3500000000000001,1666.0,83,140,0.8109823271113593,0.8628845292015462
0.9500000000000003,0.40000000000000013,0.25,1666.0,120,120,0.8010209623112848,0.825601828212275
0.9500000000000003,0.30000000000000004,0.25,1668.0,122,120,0.8010209623112848,0.8246748821837845
0.9500000000000003,0.3500000000000001,0.25,1668.0,122,120,0.8010209623112848,0.8246748821837845
0.9500000000000003,0.04,0.02,1669.0,410,85,0.83088954056696,0.7498778781673519
0.9500000000000003,0.40000000000000013,0.30000000000000004,1673.0,120,121,0.8003041164331487,0.8252284108600375
0.9500000000000003,0.40000000000000013,0.3500000000000001,1673.0,120,121,0.8003041164331487,0.8252284108600375
0.9000000000000002,0.6500000000000002,0.25,1674.0,88,135,0.8063119676022902,0.8550344300665556
0.9500000000000003,0.05,0.01,1675.0,423,84,0.8316063864450962,0.7510907035401182
0.9500000000000003,0.060000000000000005,0.01,1675.0,423,84,0.8316063864450962,0.7510907035401182
0.9500000000000003,0.06999999999999999,0.01,1675.0,423,84,0.8316063864450962,0.7510907035401182
0.9500000000000003,0.08,0.01,1675.0,423,84,0.8316063864450962,0.7510907035401182
0.9500000000000003,0.09,0.01,1675.0,423,84,0.8316063864450962,0.7510907035401182
0.9500000000000003,0.09999999999999999,0.01,1675.0,423,84,0.8316063864450962,0.7510907035401182
0.7500000000000002,0.7000000000000002,0.7000000000000002,1675.0,22,171,0.8125618706263867,0.8869848151893213
0.9500000000000003,0.30000000000000004,0.30000000000000004,1675.0,122,121,0.8003041164331487,0.8243014648315469
0.9500000000000003,0.3500000000000001,0.30000000000000004,1675.0,122,121,0.8003041164331487,0.8243014648315469
0.9500000000000003,0.3500000000000001,0.3500000000000001,1675.0,122,121,0.8003041164331487,0.8243014648315469
0.8500000000000002,0.7000000000000002,0.02,1680.0,261,117,0.8278111374885567,0.8252440185277186
0.9000000000000002,0.6500000000000002,0.30000000000000004,1681.0,88,136,0.805595121724154,0.854661012714318
0.9000000000000002,0.6500000000000002,0.3500000000000001,1681.0,88,136,0.805595121724154,0.854661012714318
0.9500000000000003,0.03,0.02,1683.0,424,85,0.83088954056696,0.7451786300470511
0.7500000000000002,0.7500000000000002,0.7000000000000002,1684.0,21,172,0.8115036695681858,0.8868463667009411
0.8000000000000003,0.7000000000000002,0.5500000000000002,1685.0,33,164,0.8097596549209451,0.8810327330198677
0.8000000000000003,0.7000000000000002,0.5000000000000001,1686.0,34,164,0.8097596549209451,0.8806983676230447
0.8000000000000003,0.8000000000000003,0.45000000000000007,1688.0,49,157,0.8106813139071204,0.8758989926955997
0.8500000000000002,0.7500000000000002,0.02,1689.0,260,118,0.8267529364303557,0.8251055700393383
0.8000000000000003,0.7500000000000002,0.5500000000000002,1694.0,32,165,0.8087014538627441,0.8808942845314877
0.8000000000000003,0.7500000000000002,0.5000000000000001,1695.0,33,165,0.8087014538627441,0.8805599191346646
0.9500000000000003,0.40000000000000013,0.02,1696.0,297,99,0.8160747257521451,0.7874494516978295
0.9500000000000003,0.30000000000000004,0.02,1698.0,299,99,0.8160747257521451,0.786522505669339
0.9500000000000003,0.3500000000000001,0.02,1698.0,299,99,0.8160747257521451,0.786522505669339
0.9500000000000003,0.02,0.02,1700.0,441,85,0.83088954056696,0.7396894469666507
0.9500000000000003,0.04,0.01,1701.0,449,84,0.8316063864450962,0.7419029915159946
0.9000000000000002,0.6500000000000002,0.02,1704.0,265,114,0.8213657310431505,0.8168820535521101
0.8500000000000002,0.8000000000000003,0.08,1705.0,138,133,0.8122453412775993,0.8467471735604876
0.8500000000000002,0.8000000000000003,0.09,1705.0,138,133,0.8122453412775993,0.8467471735604876
0.8500000000000002,0.8000000000000003,0.09999999999999999,1705.0,138,133,0.8122453412775993,0.8467471735604876
0.8500000000000002,0.8000000000000003,0.06999999999999999,1708.0,141,133,0.8122453412775993,0.8459324626142514
0.8000000000000003,0.7000000000000002,0.6000000000000002,1708.0,28,168,0.8068922714084005,0.8810729069730852
0.8500000000000002,0.7000000000000002,0.01,1712.0,300,116,0.8285279833666929,0.8172691318763613
0.8500000000000002,0.8000000000000003,0.15,1712.0,96,140,0.807227420130646,0.8561226595666214
0.8500000000000002,0.8000000000000003,0.2,1712.0,96,140,0.807227420130646,0.8561226595666214
0.9500000000000003,0.03,0.01,1715.0,463,84,0.8316063864450962,0.7372037433956938
0.8500000000000002,0.7000000000000002,0.40000000000000013,1716.0,66,150,0.8041552235100622,0.8644063503155733
0.8000000000000003,0.7500000000000002,0.6000000000000002,1717.0,27,169,0.8058340703501994,0.8809344584847051
0.8500000000000002,0.7500000000000002,0.01,1721.0,299,117,0.8274697823084919,0.8171306833879811
0.8000000000000003,0.7000000000000002,0.6500000000000002,1724.0,23,171,0.8047417337739917,0.8815301824303606
0.8500000000000002,0.7500000000000002,0.40000000000000013,1725.0,65,151,0.8030970224518611,0.8642679018271932
0.9000000000000002,0.5000000000000001,0.5000000000000001,1726.0,44,156,0.7970612422225325,0.863376420087393
0.9500000000000003,0.40000000000000013,0.01,1728.0,336,98,0.8167915716302813,0.7794745650464723
0.9500000000000003,0.30000000000000004,0.01,1730.0,338,98,0.8167915716302813,0.7785476190179818
0.9500000000000003,0.3500000000000001,0.01,1730.0,338,98,0.8167915716302813,0.7785476190179818
0.9500000000000003,0.02,0.01,1732.0,480,84,0.8316063864450962,0.7317145603152935
0.9500000000000003,0.40000000000000013,0.40000000000000013,1732.0,102,132,0.7924188117736505,0.8266117834856844
0.8000000000000003,0.7500000000000002,0.6500000000000002,1733.0,22,172,0.8036835327157906,0.8813917339419804
0.9000000000000002,0.6500000000000002,0.01,1736.0,304,113,0.8220825769212866,0.8089071669007528
0.9000000000000002,0.7000000000000002,0.08,1738.0,141,131,0.8047417337739917,0.8386049905861661
0.9000000000000002,0.7000000000000002,0.09,1738.0,141,131,0.8047417337739917,0.8386049905861661
0.9000000000000002,0.7000000000000002,0.09999999999999999,1738.0,141,131,0.8047417337739917,0.8386049905861661
0.8500000000000002,0.6500000000000002,0.5500000000000002,1739.0,37,163,0.7992738444351347,0.8710640567273679
0.8500000000000002,0.8000000000000003,0.03,1740.0,194,130,0.8143958789120079,0.8333136834159852
0.8500000000000002,0.6500000000000002,0.5000000000000001,1740.0,38,163,0.7992738444351347,0.8707296913305448
0.9000000000000002,0.6500000000000002,0.40000000000000013,1740.0,70,147,0.7977098170646557,0.8560443853399647
0.9000000000000002,0.7000000000000002,0.06999999999999999,1741.0,144,131,0.8047417337739917,0.8377902796399299
0.8500000000000002,0.8000000000000003,0.05,1742.0,189,131,0.8136790330338718,0.8341985062948393
0.8500000000000002,0.8000000000000003,0.060000000000000005,1742.0,189,131,0.8136790330338718,0.8341985062948393
0.8500000000000002,0.8000000000000003,0.04,1744.0,191,131,0.8136790330338718,0.8337032048096064
0.9000000000000002,0.7000000000000002,0.15,1745.0,99,138,0.7997238126270384,0.8479804765922999
0.9000000000000002,0.7000000000000002,0.2,1745.0,99,138,0.7997238126270384,0.8479804765922999
0.9000000000000002,0.7500000000000002,0.08,1747.0,140,132,0.8036835327157906,0.838466542097786
0.9000000000000002,0.7500000000000002,0.09,1747.0,140,132,0.8036835327157906,0.838466542097786
0.9000000000000002,0.7500000000000002,0.09999999999999999,1747.0,140,132,0.8036835327157906,0.838466542097786
0.9000000000000002,0.7500000000000002,0.06999999999999999,1750.0,143,132,0.8036835327157906,0.8376518311515498
0.8500000000000002,0.7000000000000002,0.45000000000000007,1751.0,52,157,0.7991373023631088,0.8661500984043866
0.9000000000000002,0.5500000000000002,0.5500000000000002,1752.0,40,159,0.7938866390479293,0.8634548130203178
0.9000000000000002,0.6000000000000002,0.5500000000000002,1752.0,40,159,0.7938866390479293,0.8634548130203178
0.9000000000000002,0.5500000000000002,0.5000000000000001,1753.0,41,159,0.7938866390479293,0.8631204476234947
0.9000000000000002,0.6000000000000002,0.5000000000000001,1753.0,41,159,0.7938866390479293,0.8631204476234947
0.9000000000000002,0.7500000000000002,0.15,1754.0,98,139,0.7986656115688374,0.8478420281039197
0.9000000000000002,0.7500000000000002,0.2,1754.0,98,139,0.7986656115688374,0.8478420281039197
0.8500000000000002,0.8500000000000002,0.08,1755.0,138,138,0.8069543359865939,0.8432948841994571
0.8500000000000002,0.8500000000000002,0.09,1755.0,138,138,0.8069543359865939,0.8432948841994571
0.8500000000000002,0.8500000000000002,0.09999999999999999,1755.0,138,138,0.8069543359865939,0.8432948841994571
0.8500000000000002,0.8500000000000002,0.06999999999999999,1758.0,141,138,0.8069543359865939,0.8424801732532209
0.8500000000000002,0.7500000000000002,0.45000000000000007,1760.0,51,158,0.7980791013049077,0.8660116499160063
0.8500000000000002,0.8500000000000002,0.15,1762.0,96,145,0.8019364148396407,0.8526703702055909
0.8500000000000002,0.8500000000000002,0.2,1762.0,96,145,0.8019364148396407,0.8526703702055909
0.8500000000000002,0.6500000000000002,0.6000000000000002,1762.0,32,167,0.79640646092259,0.8711042306805853
0.7500000000000002,0.7500000000000002,0.7500000000000002,1765.0,18,184,0.8029015190305513,0.8827424141433804
0.8000000000000003,0.7000000000000002,0.7000000000000002,1765.0,22,177,0.8004406585051745,0.8793598537136401
0.8500000000000002,0.8000000000000003,0.25,1767.0,81,150,0.800058961349284,0.8569185029901124
0.9500000000000003,0.01,0.01,1770.0,518,84,0.8316063864450962,0.7202357665955458
0.9000000000000002,0.7000000000000002,0.03,1773.0,197,128,0.8068922714084005,0.8251715004416638
0.8000000000000003,0.7500000000000002,0.7000000000000002,1774.0,21,178,0.7993824574469736,0.8792214052252599
0.8500000000000002,0.8000000000000003,0.30000000000000004,1774.0,81,151,0.7993421154711476,0.8565450856378748
0.8500000000000002,0.8000000000000003,0.3500000000000001,1774.0,81,151,0.7993421154711476,0.8565450856378748
0.9000000000000002,0.7000000000000002,0.05,1775.0,192,129,0.8061754255302643,0.8260563233205177
0.9000000000000002,0.7000000000000002,0.060000000000000005,1775.0,192,129,0.8061754255302643,0.8260563233205177
0.9000000000000002,0.6500000000000002,0.45000000000000007,1775.0,56,154,0.7926918959177023,0.8577881334287781
0.9000000000000002,0.6000000000000002,0.6000000000000002,1775.0,35,163,0.7910192555353847,0.8634949869735352
0.9500000000000003,0.45000000000000007,0.08,1776.0,149,123,0.7920433210755791,0.8176098831065787
0.9500000000000003,0.45000000000000007,0.09,1776.0,149,123,0.7920433210755791,0.8176098831065787
0.9500000000000003,0.45000000000000007,0.09999999999999999,1776.0,149,123,0.7920433210755791,0.8176098831065787
0.9500000000000003,0.5000000000000001,0.08,1776.0,149,123,0.7920433210755791,0.8176098831065787
0.9500000000000003,0.5000000000000001,0.09,1776.0,149,123,0.7920433210755791,0.8176098831065787
0.9500000000000003,0.5000000000000001,0.09999999999999999,1776.0,149,123,0.7920433210755791,0.8176098831065787
0.9000000000000002,0.7000000000000002,0.04,1777.0,194,129,0.8061754255302643,0.8255610218352847
0.8500000000000002,0.6500000000000002,0.6500000000000002,1778.0,27,170,0.7942559232881813,0.8715615061378608
0.9500000000000003,0.45000000000000007,0.06999999999999999,1779.0,152,123,0.7920433210755791,0.8167951721603425
0.9500000000000003,0.5000000000000001,0.06999999999999999,1779.0,152,123,0.7920433210755791,0.8167951721603425
0.9000000000000002,0.7500000000000002,0.03,1782.0,196,129,0.8058340703501994,0.8250330519532837
0.9500000000000003,0.45000000000000007,0.15,1783.0,107,130,0.7870253999286257,0.8269853691127125
0.9500000000000003,0.45000000000000007,0.2,1783.0,107,130,0.7870253999286257,0.8269853691127125
0.9500000000000003,0.5000000000000001,0.15,1783.0,107,130,0.7870253999286257,0.8269853691127125
0.9500000000000003,0.5000000000000001,0.2,1783.0,107,130,0.7870253999286257,0.8269853691127125
0.9000000000000002,0.7500000000000002,0.05,1784.0,191,130,0.8051172244720632,0.8259178748321375
0.9000000000000002,0.7500000000000002,0.060000000000000005,1784.0,191,130,0.8051172244720632,0.8259178748321375
0.9000000000000002,0.7500000000000002,0.04,1786.0,193,130,0.8051172244720632,0.8254225733469046
0.8500000000000002,0.8500000000000002,0.03,1790.0,194,135,0.8091048736210027,0.8298613940549547
0.8500000000000002,0.8500000000000002,0.05,1792.0,189,136,0.8083880277428666,0.8307462169338087
0.8500000000000002,0.8500000000000002,0.060000000000000005,1792.0,189,136,0.8083880277428666,0.8307462169338087
0.8500000000000002,0.8500000000000002,0.04,1794.0,191,136,0.8083880277428666,0.8302509154485757
0.8500000000000002,0.8000000000000003,0.02,1797.0,258,129,0.8151127247901441,0.8187661264756669
0.9000000000000002,0.7000000000000002,0.25,1800.0,84,148,0.7925553538456764,0.8487763200157908
0.8000000000000003,0.8000000000000003,0.5500000000000002,1802.0,30,176,0.7970612422225325,0.8745548409678162
0.8000000000000003,0.8000000000000003,0.5000000000000001,1803.0,31,176,0.7970612422225325,0.8742204755709931
0.9500000000000003,0.5500000000000002,0.08,1803.0,146,126,0.7888687179009759,0.8173539106426803
0.9500000000000003,0.5500000000000002,0.09,1803.0,146,126,0.7888687179009759,0.8173539106426803
0.9500000000000003,0.5500000000000002,0.09999999999999999,1803.0,146,126,0.7888687179009759,0.8173539106426803
0.9500000000000003,0.6000000000000002,0.08,1803.0,146,126,0.7888687179009759,0.8173539106426803
0.9500000000000003,0.6000000000000002,0.09,1803.0,146,126,0.7888687179009759,0.8173539106426803
0.9500000000000003,0.6000000000000002,0.09999999999999999,1803.0,146,126,0.7888687179009759,0.8173539106426803
0.9500000000000003,0.5500000000000002,0.06999999999999999,1806.0,149,126,0.7888687179009759,0.8165391996964441
0.9500000000000003,0.6000000000000002,0.06999999999999999,1806.0,149,126,0.7888687179009759,0.8165391996964441
0.9000000000000002,0.7000000000000002,0.30000000000000004,1807.0,84,149,0.7918385079675402,0.8484029026635533
0.9000000000000002,0.7000000000000002,0.3500000000000001,1807.0,84,149,0.7918385079675402,0.8484029026635533
0.9000000000000002,0.7500000000000002,0.25,1809.0,83,149,0.7914971527874753,0.8486378715274108
0.9500000000000003,0.5500000000000002,0.15,1810.0,104,133,0.7838507967540226,0.8267293966488141
0.9500000000000003,0.5500000000000002,0.2,1810.0,104,133,0.7838507967540226,0.8267293966488141
0.9500000000000003,0.6000000000000002,0.15,1810.0,104,133,0.7838507967540226,0.8267293966488141
0.9500000000000003,0.6000000000000002,0.2,1810.0,104,133,0.7838507967540226,0.8267293966488141
0.9500000000000003,0.45000000000000007,0.03,1811.0,205,120,0.7941938587099878,0.8041763929620763
0.9500000000000003,0.5000000000000001,0.03,1811.0,205,120,0.7941938587099878,0.8041763929620763
0.9500000000000003,0.45000000000000007,0.05,1813.0,200,121,0.7934770128318517,0.8050612158409303
0.9500000000000003,0.45000000000000007,0.060000000000000005,1813.0,200,121,0.7934770128318517,0.8050612158409303
0.9500000000000003,0.5000000000000001,0.05,1813.0,200,121,0.7934770128318517,0.8050612158409303
0.9500000000000003,0.5000000000000001,0.060000000000000005,1813.0,200,121,0.7934770128318517,0.8050612158409303
0.9500000000000003,0.45000000000000007,0.04,1815.0,202,121,0.7934770128318517,0.8045659143556972
0.9500000000000003,0.5000000000000001,0.04,1815.0,202,121,0.7934770128318517,0.8045659143556972
0.9000000000000002,0.7500000000000002,0.30000000000000004,1816.0,83,150,0.7907803069093391,0.8482644541751733
0.9000000000000002,0.7500000000000002,0.3500000000000001,1816.0,83,150,0.7907803069093391,0.8482644541751733
0.8500000000000002,0.8500000000000002,0.25,1817.0,81,155,0.7947679560582787,0.8534662136290819
0.8500000000000002,0.8500000000000002,0.30000000000000004,1824.0,81,156,0.7940511101801424,0.8530927962768443
0.8500000000000002,0.8500000000000002,0.3500000000000001,1824.0,81,156,0.7940511101801424,0.8530927962768443
0.8000000000000003,0.8000000000000003,0.6000000000000002,1825.0,25,180,0.7941938587099878,0.8745950149210336
0.8500000000000002,0.8000000000000003,0.01,1829.0,297,128,0.8158295706682802,0.8107912398243098
0.9000000000000002,0.7000000000000002,0.02,1830.0,261,127,0.8076091172865366,0.8106239435013455
0.8500000000000002,0.8000000000000003,0.40000000000000013,1833.0,63,162,0.7914568108116495,0.8579284582635217
0.9500000000000003,0.5500000000000002,0.03,1838.0,202,123,0.7910192555353847,0.8039204204981779
0.9500000000000003,0.6000000000000002,0.03,1838.0,202,123,0.7910192555353847,0.8039204204981779
0.9500000000000003,0.45000000000000007,0.25,1838.0,92,140,0.7798569411472638,0.8277812125362035
0.9500000000000003,0.5000000000000001,0.25,1838.0,92,140,0.7798569411472638,0.8277812125362035
0.9000000000000002,0.7500000000000002,0.02,1839.0,260,128,0.8065509162283355,0.8104854950129653
0.9500000000000003,0.5500000000000002,0.05,1840.0,197,124,0.7903024096572485,0.804805243377032
0.9500000000000003,0.5500000000000002,0.060000000000000005,1840.0,197,124,0.7903024096572485,0.804805243377032
0.9500000000000003,0.6000000000000002,0.05,1840.0,197,124,0.7903024096572485,0.804805243377032
0.9500000000000003,0.6000000000000002,0.060000000000000005,1840.0,197,124,0.7903024096572485,0.804805243377032
0.8000000000000003,0.8000000000000003,0.6500000000000002,1841.0,20,183,0.7920433210755791,0.8750522903783091
0.9500000000000003,0.5500000000000002,0.04,1842.0,199,124,0.7903024096572485,0.804309941891799
0.9500000000000003,0.6000000000000002,0.04,1842.0,199,124,0.7903024096572485,0.804309941891799
0.9500000000000003,0.45000000000000007,0.30000000000000004,1845.0,92,141,0.7791400952691275,0.8274077951839659
0.9500000000000003,0.45000000000000007,0.3500000000000001,1845.0,92,141,0.7791400952691275,0.8274077951839659
0.9500000000000003,0.5000000000000001,0.30000000000000004,1845.0,92,141,0.7791400952691275,0.8274077951839659
0.9500000000000003,0.5000000000000001,0.3500000000000001,1845.0,92,141,0.7791400952691275,0.8274077951839659
0.8500000000000002,0.8500000000000002,0.02,1847.0,258,134,0.8098217194991388,0.8153138371146365
0.9000000000000002,0.8000000000000003,0.08,1855.0,138,143,0.7920433210755791,0.8321270985341146
0.9000000000000002,0.8000000000000003,0.09,1855.0,138,143,0.7920433210755791,0.8321270985341146
0.9000000000000002,0.8000000000000003,0.09999999999999999,1855.0,138,143,0.7920433210755791,0.8321270985341146
0.8000000000000003,0.7500000000000002,0.7500000000000002,1855.0,18,190,0.7907803069093391,0.8751174526676992
0.9000000000000002,0.8000000000000003,0.06999999999999999,1858.0,141,143,0.7920433210755791,0.8313123875878784
0.9000000000000002,0.7000000000000002,0.01,1862.0,300,126,0.8083259631646728,0.8026490568499881
0.9000000000000002,0.8000000000000003,0.15,1862.0,96,150,0.7870253999286257,0.8415025845402484
0.9000000000000002,0.8000000000000003,0.2,1862.0,96,150,0.7870253999286257,0.8415025845402484
0.8500000000000002,0.7000000000000002,0.5500000000000002,1865.0,33,176,0.7855172306785209,0.8648059466766033
0.9500000000000003,0.5500000000000002,0.25,1865.0,89,143,0.7766823379726606,0.8275252400723051
0.9500000000000003,0.6000000000000002,0.25,1865.0,89,143,0.7766823379726606,0.8275252400723051
0.8500000000000002,0.7000000000000002,0.5000000000000001,1866.0,34,176,0.7855172306785209,0.8644715812797802
0.9000000000000002,0.7000000000000002,0.40000000000000013,1866.0,66,160,0.783953203308042,0.8497862752892003
0.9500000000000003,0.45000000000000007,0.02,1868.0,269,119,0.794910704588124,0.789628836021758
0.9500000000000003,0.5000000000000001,0.02,1868.0,269,119,0.794910704588124,0.789628836021758
0.8500000000000002,0.8000000000000003,0.45000000000000007,1868.0,49,169,0.7864388896646961,0.859672206352335
0.9000000000000002,0.7500000000000002,0.01,1871.0,299,127,0.8072677621064717,0.802510608361608
0.9500000000000003,0.5500000000000002,0.30000000000000004,1872.0,89,144,0.7759654920945244,0.8271518227200675
0.9500000000000003,0.5500000000000002,0.3500000000000001,1872.0,89,144,0.7759654920945244,0.8271518227200675
0.9500000000000003,0.6000000000000002,0.30000000000000004,1872.0,89,144,0.7759654920945244,0.8271518227200675
0.9500000000000003,0.6000000000000002,0.3500000000000001,1872.0,89,144,0.7759654920945244,0.8271518227200675
0.8500000000000002,0.7500000000000002,0.5500000000000002,1874.0,32,177,0.7844590296203199,0.864667498188223
0.8500000000000002,0.7500000000000002,0.5000000000000001,1875.0,33,177,0.7844590296203199,0.8643331327914
0.9000000000000002,0.7500000000000002,0.40000000000000013,1875.0,65,161,0.782895002249841,0.8496478268008202
0.8500000000000002,0.8500000000000002,0.01,1879.0,297,133,0.810538565377275,0.8073389504632792
0.8000000000000003,0.8000000000000003,0.7000000000000002,1882.0,19,189,0.7877422458067619,0.8728819616615886
0.8500000000000002,0.8500000000000002,0.40000000000000013,1883.0,63,167,0.7861658055206443,0.8544761689024911
0.8500000000000002,0.7000000000000002,0.6000000000000002,1888.0,28,180,0.7826498471659762,0.8648461206298207
0.9000000000000002,0.6500000000000002,0.5500000000000002,1889.0,37,173,0.7790718242331146,0.8564439817009948
0.9000000000000002,0.8000000000000003,0.03,1890.0,194,140,0.7941938587099878,0.8186936083896122
0.9000000000000002,0.6500000000000002,0.5000000000000001,1890.0,38,173,0.7790718242331146,0.8561096163041717
0.9000000000000002,0.8000000000000003,0.05,1892.0,189,141,0.7934770128318517,0.8195784312684662
0.9000000000000002,0.8000000000000003,0.060000000000000005,1892.0,189,141,0.7934770128318517,0.8195784312684662
0.9000000000000002,0.8000000000000003,0.04,1894.0,191,141,0.7934770128318517,0.8190831297832332
0.9500000000000003,0.5500000000000002,0.02,1895.0,266,122,0.7917361014135208,0.7893728635578596
0.9500000000000003,0.6000000000000002,0.02,1895.0,266,122,0.7917361014135208,0.7893728635578596
0.8500000000000002,0.7500000000000002,0.6000000000000002,1897.0,27,181,0.7815916461077751,0.8647076721414404
0.9500000000000003,0.45000000000000007,0.01,1900.0,308,118,0.7956275504662601,0.7816539493704008
0.9500000000000003,0.5000000000000001,0.01,1900.0,308,118,0.7956275504662601,0.7816539493704008
0.9000000000000002,0.7000000000000002,0.45000000000000007,1901.0,52,167,0.7789352821610885,0.8515300233780135
0.8500000000000002,0.7000000000000002,0.6500000000000002,1904.0,23,183,0.7804993095315677,0.865303396087096
0.9500000000000003,0.45000000000000007,0.40000000000000013,1904.0,74,152,0.7712547906096293,0.8287911678096128
0.9500000000000003,0.5000000000000001,0.40000000000000013,1904.0,74,152,0.7712547906096293,0.8287911678096128
0.9000000000000002,0.8500000000000002,0.08,1905.0,138,148,0.7867523157845738,0.828674809173084
0.9000000000000002,0.8500000000000002,0.09,1905.0,138,148,0.7867523157845738,0.828674809173084
0.9000000000000002,0.8500000000000002,0.09999999999999999,1905.0,138,148,0.7867523157845738,0.828674809173084
0.9000000000000002,0.9000000000000002,0.08,1905.0,138,148,0.7867523157845738,0.828674809173084
0.9000000000000002,0.9000000000000002,0.09,1905.0,138,148,0.7867523157845738,0.828674809173084
0.9000000000000002,0.9000000000000002,0.09999999999999999,1905.0,138,148,0.7867523157845738,0.828674809173084
0.9000000000000002,0.8500000000000002,0.06999999999999999,1908.0,141,148,0.7867523157845738,0.8278600982268478
0.9000000000000002,0.9000000000000002,0.06999999999999999,1908.0,141,148,0.7867523157845738,0.8278600982268478
0.9000000000000002,0.7500000000000002,0.45000000000000007,1910.0,51,168,0.7778770811028876,0.8513915748896334
0.9000000000000002,0.8500000000000002,0.15,1912.0,96,155,0.7817343946376205,0.8380502951792178
0.9000000000000002,0.8500000000000002,0.2,1912.0,96,155,0.7817343946376205,0.8380502951792178
0.9000000000000002,0.9000000000000002,0.15,1912.0,96,155,0.7817343946376205,0.8380502951792178
0.9000000000000002,0.9000000000000002,0.2,1912.0,96,155,0.7817343946376205,0.8380502951792178
0.9000000000000002,0.6500000000000002,0.6000000000000002,1912.0,32,177,0.7762044407205697,0.8564841556542122
0.8500000000000002,0.7500000000000002,0.6500000000000002,1913.0,22,184,0.7794411084733666,0.8651649475987159
0.9000000000000002,0.8000000000000003,0.25,1917.0,81,160,0.7798569411472638,0.8422984279637394
0.8500000000000002,0.8500000000000002,0.45000000000000007,1918.0,49,174,0.7811478843736909,0.8562199169913045
0.9000000000000002,0.8000000000000003,0.30000000000000004,1924.0,81,161,0.7791400952691275,0.8419250106115018
0.9000000000000002,0.8000000000000003,0.3500000000000001,1924.0,81,161,0.7791400952691275,0.8419250106115018
0.9500000000000003,0.5500000000000002,0.01,1927.0,305,121,0.7924529472916569,0.7813979769065025
0.9500000000000003,0.6000000000000002,0.01,1927.0,305,121,0.7924529472916569,0.7813979769065025
0.9000000000000002,0.6500000000000002,0.6500000000000002,1928.0,27,180,0.7740539030861612,0.8569414311114877
0.9500000000000003,0.5500000000000002,0.40000000000000013,1931.0,71,155,0.7680801874350262,0.8285351953457144
0.9500000000000003,0.6000000000000002,0.40000000000000013,1931.0,71,155,0.7680801874350262,0.8285351953457144
0.9500000000000003,0.45000000000000007,0.45000000000000007,1939.0,60,159,0.7662368694626759,0.8305349158984261
0.9500000000000003,0.5000000000000001,0.45000000000000007,1939.0,60,159,0.7662368694626759,0.8305349158984261
0.9000000000000002,0.8500000000000002,0.03,1940.0,194,145,0.7889028534189825,0.8152413190285817
0.9000000000000002,0.9000000000000002,0.03,1940.0,194,145,0.7889028534189825,0.8152413190285817
0.9500000000000003,0.6500000000000002,0.08,1940.0,143,140,0.7740539030861612,0.8103430793233574
0.9500000000000003,0.6500000000000002,0.09,1940.0,143,140,0.7740539030861612,0.8103430793233574
0.9500000000000003,0.6500000000000002,0.09999999999999999,1940.0,143,140,0.7740539030861612,0.8103430793233574
0.9000000000000002,0.8500000000000002,0.05,1942.0,189,146,0.7881860075408463,0.8161261419074356
0.9000000000000002,0.8500000000000002,0.060000000000000005,1942.0,189,146,0.7881860075408463,0.8161261419074356
0.9000000000000002,0.9000000000000002,0.05,1942.0,189,146,0.7881860075408463,0.8161261419074356
0.9000000000000002,0.9000000000000002,0.060000000000000005,1942.0,189,146,0.7881860075408463,0.8161261419074356
0.9500000000000003,0.6500000000000002,0.06999999999999999,1943.0,146,140,0.7740539030861612,0.8095283683771212
0.9000000000000002,0.8500000000000002,0.04,1944.0,191,146,0.7881860075408463,0.8156308404222026
0.9000000000000002,0.9000000000000002,0.04,1944.0,191,146,0.7881860075408463,0.8156308404222026
0.8500000000000002,0.7000000000000002,0.7000000000000002,1945.0,22,189,0.7761982342627504,0.8631330673703755
0.9000000000000002,0.8000000000000003,0.02,1947.0,258,139,0.794910704588124,0.804146051449294
0.9500000000000003,0.6500000000000002,0.15,1947.0,101,147,0.7690359819392077,0.8197185653294912
0.9500000000000003,0.6500000000000002,0.2,1947.0,101,147,0.7690359819392077,0.8197185653294912
0.8500000000000002,0.7500000000000002,0.7000000000000002,1954.0,21,190,0.7751400332045493,0.8629946188819955
0.8000000000000003,0.8000000000000003,0.7500000000000002,1963.0,16,201,0.7791400952691275,0.8687780091040279
0.9500000000000003,0.5500000000000002,0.45000000000000007,1966.0,57,162,0.7630622662880727,0.8302789434345277
0.9500000000000003,0.6000000000000002,0.45000000000000007,1966.0,57,162,0.7630622662880727,0.8302789434345277
0.9000000000000002,0.8500000000000002,0.25,1967.0,81,165,0.7745659358562585,0.8388461386027087
0.9000000000000002,0.9000000000000002,0.25,1967.0,81,165,0.7745659358562585,0.8388461386027087
0.9000000000000002,0.8500000000000002,0.30000000000000004,1974.0,81,166,0.7738490899781222,0.8384727212504712
0.9000000000000002,0.8500000000000002,0.3500000000000001,1974.0,81,166,0.7738490899781222,0.8384727212504712
0.9000000000000002,0.9000000000000002,0.30000000000000004,1974.0,81,166,0.7738490899781222,0.8384727212504712
0.9000000000000002,0.9000000000000002,0.3500000000000001,1974.0,81,166,0.7738490899781222,0.8384727212504712
0.9500000000000003,0.6500000000000002,0.03,1975.0,199,137,0.7762044407205697,0.796909589178855
0.9500000000000003,0.6500000000000002,0.05,1977.0,194,138,0.7754875948424336,0.797794412057709
0.9500000000000003,0.6500000000000002,0.060000000000000005,1977.0,194,138,0.7754875948424336,0.797794412057709
0.9000000000000002,0.8000000000000003,0.01,1979.0,297,138,0.7956275504662601,0.7961711647979367
0.9500000000000003,0.6500000000000002,0.04,1979.0,196,138,0.7754875948424336,0.7972991105724759
0.8500000000000002,0.8000000000000003,0.5500000000000002,1982.0,30,188,0.7728188179801082,0.8583280546245516
0.8500000000000002,0.8000000000000003,0.5000000000000001,1983.0,31,188,0.7728188179801082,0.8579936892277287
0.9000000000000002,0.8000000000000003,0.40000000000000013,1983.0,63,172,0.7712547906096293,0.8433083832371487
0.9000000000000002,0.8500000000000002,0.02,1997.0,258,144,0.7896196992971186,0.8006937620882634
0.9000000000000002,0.9000000000000002,0.02,1997.0,258,144,0.7896196992971186,0.8006937620882634
0.9500000000000003,0.6500000000000002,0.25,2002.0,86,157,0.7618675231578457,0.8205144087529822
0.8500000000000002,0.8000000000000003,0.6000000000000002,2005.0,25,192,0.7699514344675635,0.8583682285777691
0.9500000000000003,0.6500000000000002,0.30000000000000004,2009.0,86,158,0.7611506772797095,0.8201409914007446
0.9500000000000003,0.6500000000000002,0.3500000000000001,2009.0,86,158,0.7611506772797095,0.8201409914007446
0.9000000000000002,0.7000000000000002,0.5500000000000002,2015.0,33,186,0.7653152104765008,0.8501858716502301
0.9000000000000002,0.7000000000000002,0.5000000000000001,2016.0,34,186,0.7653152104765008,0.849851506253407
0.9000000000000002,0.8000000000000003,0.45000000000000007,2018.0,49,179,0.7662368694626759,0.845052131325962
0.8500000000000002,0.8000000000000003,0.6500000000000002,2021.0,20,195,0.767800896833155,0.8588255040350444
0.9000000000000002,0.7500000000000002,0.5500000000000002,2024.0,32,187,0.7642570094182997,0.85004742316185
0.9000000000000002,0.7500000000000002,0.5000000000000001,2025.0,33,187,0.7642570094182997,0.8497130577650269
0.9000000000000002,0.8500000000000002,0.01,2029.0,297,143,0.7903365451752548,0.792718875436906
0.9000000000000002,0.9000000000000002,0.01,2029.0,297,143,0.7903365451752548,0.792718875436906
0.9500000000000003,0.6500000000000002,0.02,2032.0,263,136,0.776921286598706,0.7823620322385367
0.8500000000000002,0.8500000000000002,0.5500000000000002,2032.0,30,193,0.767527812689103,0.8548757652635212
0.8500000000000002,0.8500000000000002,0.5000000000000001,2033.0,31,193,0.767527812689103,0.8545413998666981
0.9000000000000002,0.8500000000000002,0.40000000000000013,2033.0,63,177,0.7659637853186241,0.839856093876118
0.9000000000000002,0.9000000000000002,0.40000000000000013,2033.0,63,177,0.7659637853186241,0.839856093876118
0.8500000000000002,0.7500000000000002,0.7500000000000002,2035.0,18,202,0.7665378826669148,0.8588906663244346
0.9000000000000002,0.7000000000000002,0.6000000000000002,2038.0,28,190,0.762447826963956,0.8502260456034475
0.9000000000000002,0.7500000000000002,0.6000000000000002,2047.0,27,191,0.761389625905755,0.8500875971150674
0.9000000000000002,0.7000000000000002,0.6500000000000002,2054.0,23,193,0.7602972893295474,0.850683321060723
0.9500000000000003,0.5000000000000001,0.5000000000000001,2054.0,42,178,0.7526167977780881,0.8288563987738197
0.8500000000000002,0.8500000000000002,0.6000000000000002,2055.0,25,197,0.7646604291765583,0.8549159392167386
0.8500000000000002,0.8000000000000003,0.7000000000000002,2062.0,19,201,0.7634998215643377,0.8566551753183241
0.9000000000000002,0.7500000000000002,0.6500000000000002,2063.0,22,194,0.7592390882713463,0.8505448725723429
0.9500000000000003,0.6500000000000002,0.01,2064.0,302,135,0.7776381324768421,0.7743871455871795
0.9500000000000003,0.7000000000000002,0.08,2066.0,139,153,0.7602972893295474,0.8040849692725928
0.9500000000000003,0.7000000000000002,0.09,2066.0,139,153,0.7602972893295474,0.8040849692725928
0.9500000000000003,0.7000000000000002,0.09999999999999999,2066.0,139,153,0.7602972893295474,0.8040849692725928
0.9000000000000002,0.8500000000000002,0.45000000000000007,2068.0,49,184,0.7609458641716706,0.8415998419649314
0.9000000000000002,0.9000000000000002,0.45000000000000007,2068.0,49,184,0.7609458641716706,0.8415998419649314
0.9500000000000003,0.6500000000000002,0.40000000000000013,2068.0,68,169,0.7532653726202113,0.8215243640263914
0.9500000000000003,0.7000000000000002,0.06999999999999999,2069.0,142,153,0.7602972893295474,0.8032702583263566
0.8500000000000002,0.8500000000000002,0.6500000000000002,2071.0,20,200,0.7625098915421497,0.855373214674014
0.9500000000000003,0.7000000000000002,0.15,2073.0,97,160,0.755279368182594,0.8134604552787265
0.9500000000000003,0.7000000000000002,0.2,2073.0,97,160,0.755279368182594,0.8134604552787265
0.9500000000000003,0.7500000000000002,0.08,2075.0,138,154,0.7592390882713463,0.8039465207842125
0.9500000000000003,0.7500000000000002,0.09,2075.0,138,154,0.7592390882713463,0.8039465207842125
0.9500000000000003,0.7500000000000002,0.09999999999999999,2075.0,138,154,0.7592390882713463,0.8039465207842125
0.8000000000000003,0.8000000000000003,0.8000000000000003,2077.0,11,218,0.766953715340812,0.8629709506653903
0.9500000000000003,0.7500000000000002,0.06999999999999999,2078.0,141,154,0.7592390882713463,0.8031318098379763
0.9500000000000003,0.5500000000000002,0.5500000000000002,2080.0,38,181,0.7494421946034849,0.8289347917067443
0.9500000000000003,0.6000000000000002,0.5500000000000002,2080.0,38,181,0.7494421946034849,0.8289347917067443
0.9500000000000003,0.5500000000000002,0.5000000000000001,2081.0,39,181,0.7494421946034849,0.8286004263099214
0.9500000000000003,0.6000000000000002,0.5000000000000001,2081.0,39,181,0.7494421946034849,0.8286004263099214
0.9500000000000003,0.7500000000000002,0.15,2082.0,96,161,0.7542211671243929,0.8133220067903463
0.9500000000000003,0.7500000000000002,0.2,2082.0,96,161,0.7542211671243929,0.8133220067903463
0.9000000000000002,0.7000000000000002,0.7000000000000002,2095.0,22,199,0.7559962140607301,0.8485129923440025
0.9500000000000003,0.7000000000000002,0.03,2101.0,195,150,0.762447826963956,0.7906514791280904
0.9500000000000003,0.7000000000000002,0.05,2103.0,190,151,0.7617309810858197,0.7915363020069442
0.9500000000000003,0.7000000000000002,0.060000000000000005,2103.0,190,151,0.7617309810858197,0.7915363020069442
0.9500000000000003,0.6500000000000002,0.45000000000000007,2103.0,54,176,0.748247451473258,0.8232681121152048
0.9500000000000003,0.6000000000000002,0.6000000000000002,2103.0,33,185,0.7465748110909401,0.8289749656599618
0.9000000000000002,0.7500000000000002,0.7000000000000002,2104.0,21,200,0.754938013002529,0.8483745438556224
0.9500000000000003,0.7000000000000002,0.04,2105.0,192,151,0.7617309810858197,0.7910410005217113
0.9500000000000003,0.7500000000000002,0.03,2110.0,194,151,0.761389625905755,0.7905130306397101
0.9500000000000003,0.7500000000000002,0.05,2112.0,189,152,0.7606727800276186,0.7913978535185642
0.9500000000000003,0.7500000000000002,0.060000000000000005,2112.0,189,152,0.7606727800276186,0.7913978535185642
0.8500000000000002,0.8500000000000002,0.7000000000000002,2112.0,19,206,0.7582088162733324,0.8532028859572934
0.9500000000000003,0.7500000000000002,0.04,2114.0,191,152,0.7606727800276186,0.7909025520333312
0.9500000000000003,0.7000000000000002,0.25,2128.0,82,170,0.748110909401232,0.8142562987022175
0.9000000000000002,0.8000000000000003,0.5500000000000002,2132.0,30,198,0.7526167977780881,0.8437079795981787
0.9000000000000002,0.8000000000000003,0.5000000000000001,2133.0,31,198,0.7526167977780881,0.8433736142013556
0.9500000000000003,0.7000000000000002,0.30000000000000004,2135.0,82,171,0.7473940635230957,0.81388288134998
0.9500000000000003,0.7000000000000002,0.3500000000000001,2135.0,82,171,0.7473940635230957,0.81388288134998
0.9500000000000003,0.7500000000000002,0.25,2137.0,81,171,0.747052708343031,0.8141178502138372
0.8500000000000002,0.8000000000000003,0.7500000000000002,2143.0,16,213,0.7548976710267032,0.8525512227607632
0.9500000000000003,0.7500000000000002,0.30000000000000004,2144.0,81,172,0.7463358624648947,0.8137444328615997
0.9500000000000003,0.7500000000000002,0.3500000000000001,2144.0,81,172,0.7463358624648947,0.8137444328615997
0.9000000000000002,0.8000000000000003,0.6000000000000002,2155.0,25,202,0.7497494142655433,0.8437481535513961
0.9500000000000003,0.7000000000000002,0.02,2158.0,259,149,0.7631646728420921,0.776103922187772
0.9500000000000003,0.7500000000000002,0.02,2167.0,258,150,0.7621064717838911,0.7759654736993918
0.9000000000000002,0.8000000000000003,0.6500000000000002,2171.0,20,205,0.7475988766311348,0.8442054290086715
0.9000000000000002,0.8500000000000002,0.5500000000000002,2182.0,30,203,0.7473257924870828,0.840255690237148
0.9000000000000002,0.9000000000000002,0.5500000000000002,2182.0,30,203,0.7473257924870828,0.840255690237148
0.9500000000000003,0.8000000000000003,0.08,2183.0,136,165,0.7475988766311348,0.7976070772205411
0.9500000000000003,0.8000000000000003,0.09,2183.0,136,165,0.7475988766311348,0.7976070772205411
0.9500000000000003,0.8000000000000003,0.09999999999999999,2183.0,136,165,0.7475988766311348,0.7976070772205411
0.9000000000000002,0.8500000000000002,0.5000000000000001,2183.0,31,203,0.7473257924870828,0.8399213248403249
0.9000000000000002,0.9000000000000002,0.5000000000000001,2183.0,31,203,0.7473257924870828,0.8399213248403249
0.9000000000000002,0.7500000000000002,0.7500000000000002,2185.0,18,212,0.7463358624648947,0.8442705912980616
0.9500000000000003,0.8000000000000003,0.06999999999999999,2186.0,139,165,0.7475988766311348,0.7967923662743049
0.9500000000000003,0.7000000000000002,0.01,2190.0,298,148,0.7638815187202285,0.7681290355364148
0.9500000000000003,0.8000000000000003,0.15,2190.0,94,172,0.7425809554841813,0.8069825632266748
0.9500000000000003,0.8000000000000003,0.2,2190.0,94,172,0.7425809554841813,0.8069825632266748
0.8500000000000002,0.8500000000000002,0.7500000000000002,2193.0,16,218,0.749606665735698,0.8490989333997326
0.9500000000000003,0.7000000000000002,0.40000000000000013,2194.0,64,182,0.7395087588635976,0.8152662539756269
0.9500000000000003,0.7500000000000002,0.01,2199.0,297,149,0.7628233176620274,0.7679905870480347
0.9500000000000003,0.7500000000000002,0.40000000000000013,2203.0,63,183,0.7384505578053965,0.8151278054872466
0.9000000000000002,0.8500000000000002,0.6000000000000002,2205.0,25,207,0.7444584089745381,0.8402958641903654
0.9000000000000002,0.9000000000000002,0.6000000000000002,2205.0,25,207,0.7444584089745381,0.8402958641903654
0.9000000000000002,0.8000000000000003,0.7000000000000002,2212.0,19,211,0.7432978013623175,0.8420351002919509
0.9500000000000003,0.6500000000000002,0.5500000000000002,2217.0,35,195,0.7346273797886701,0.8219239603874214
0.9500000000000003,0.8000000000000003,0.03,2218.0,192,162,0.7497494142655433,0.7841735870760388
0.9500000000000003,0.6500000000000002,0.5000000000000001,2218.0,36,195,0.7346273797886701,0.8215895949905984
0.9500000000000003,0.8000000000000003,0.05,2220.0,187,163,0.7490325683874071,0.7850584099548928
0.9500000000000003,0.8000000000000003,0.060000000000000005,2220.0,187,163,0.7490325683874071,0.7850584099548928
0.9000000000000002,0.8500000000000002,0.6500000000000002,2221.0,20,210,0.7423078713401295,0.8407531396476409
0.9000000000000002,0.9000000000000002,0.6500000000000002,2221.0,20,210,0.7423078713401295,0.8407531396476409
0.9500000000000003,0.8000000000000003,0.04,2222.0,189,163,0.7490325683874071,0.7845631084696598
0.9500000000000003,0.7000000000000002,0.45000000000000007,2229.0,50,189,0.7344908377166441,0.8170100020644401
0.9500000000000003,0.8500000000000002,0.08,2233.0,136,170,0.7423078713401295,0.7941547878595107
0.9500000000000003,0.8500000000000002,0.09,2233.0,136,170,0.7423078713401295,0.7941547878595107
0.9500000000000003,0.8500000000000002,0.09999999999999999,2233.0,136,170,0.7423078713401295,0.7941547878595107
0.9500000000000003,0.9000000000000002,0.08,2233.0,136,170,0.7423078713401295,0.7941547878595107
0.9500000000000003,0.9000000000000002,0.09,2233.0,136,170,0.7423078713401295,0.7941547878595107
0.9500000000000003,0.9000000000000002,0.09999999999999999,2233.0,136,170,0.7423078713401295,0.7941547878595107
0.9500000000000003,0.8500000000000002,0.06999999999999999,2236.0,139,170,0.7423078713401295,0.7933400769132745
0.9500000000000003,0.9000000000000002,0.06999999999999999,2236.0,139,170,0.7423078713401295,0.7933400769132745
0.9500000000000003,0.7500000000000002,0.45000000000000007,2238.0,49,190,0.733432636658443,0.8168715535760599
0.9500000000000003,0.8500000000000002,0.15,2240.0,94,177,0.7372899501931761,0.8035302738656444
0.9500000000000003,0.8500000000000002,0.2,2240.0,94,177,0.7372899501931761,0.8035302738656444
0.9500000000000003,0.9000000000000002,0.15,2240.0,94,177,0.7372899501931761,0.8035302738656444
0.9500000000000003,0.9000000000000002,0.2,2240.0,94,177,0.7372899501931761,0.8035302738656444
0.9500000000000003,0.6500000000000002,0.6000000000000002,2240.0,30,199,0.7317599962761253,0.8219641343406389
0.9500000000000003,0.8000000000000003,0.25,2245.0,79,182,0.7354124967028194,0.8077784066501659
0.9500000000000003,0.8000000000000003,0.30000000000000004,2252.0,79,183,0.734695650824683,0.8074049892979284
0.9500000000000003,0.8000000000000003,0.3500000000000001,2252.0,79,183,0.734695650824683,0.8074049892979284
0.9500000000000003,0.6500000000000002,0.6500000000000002,2256.0,25,202,0.7296094586417167,0.8224214097979142
0.8500000000000002,0.8000000000000003,0.8000000000000003,2257.0,11,230,0.7427112910983878,0.8467441643221258
0.9000000000000002,0.8500000000000002,0.7000000000000002,2262.0,19,216,0.7380067960713123,0.8385828109309204
0.9000000000000002,0.9000000000000002,0.7000000000000002,2262.0,19,216,0.7380067960713123,0.8385828109309204
0.9500000000000003,0.8500000000000002,0.03,2268.0,192,167,0.7444584089745381,0.7807212977150083
0.9500000000000003,0.9000000000000002,0.03,2268.0,192,167,0.7444584089745381,0.7807212977150083
0.9500000000000003,0.8500000000000002,0.05,2270.0,187,168,0.7437415630964018,0.7816061205938621
0.9500000000000003,0.8500000000000002,0.060000000000000005,2270.0,187,168,0.7437415630964018,0.7816061205938621
0.9500000000000003,0.9000000000000002,0.05,2270.0,187,168,0.7437415630964018,0.7816061205938621
0.9500000000000003,0.9000000000000002,0.060000000000000005,2270.0,187,168,0.7437415630964018,0.7816061205938621
0.9500000000000003,0.8500000000000002,0.04,2272.0,189,168,0.7437415630964018,0.7811108191086292
0.9500000000000003,0.9000000000000002,0.04,2272.0,189,168,0.7437415630964018,0.7811108191086292
0.9500000000000003,0.8000000000000003,0.02,2275.0,256,161,0.7504662601436795,0.7696260301357204
0.9000000000000002,0.8000000000000003,0.7500000000000002,2293.0,16,223,0.734695650824683,0.8379311477343903
0.9500000000000003,0.8500000000000002,0.25,2295.0,79,187,0.730121491411814,0.8043261172891354
0.9500000000000003,0.9000000000000002,0.25,2295.0,79,187,0.730121491411814,0.8043261172891354
0.9500000000000003,0.8500000000000002,0.30000000000000004,2302.0,79,188,0.7294046455336778,0.8039526999368979
0.9500000000000003,0.8500000000000002,0.3500000000000001,2302.0,79,188,0.7294046455336778,0.8039526999368979
0.9500000000000003,0.9000000000000002,0.30000000000000004,2302.0,79,188,0.7294046455336778,0.8039526999368979
0.9500000000000003,0.9000000000000002,0.3500000000000001,2302.0,79,188,0.7294046455336778,0.8039526999368979
0.9500000000000003,0.8000000000000003,0.01,2307.0,295,160,0.7511831060218158,0.7616511434843632
0.8500000000000002,0.8500000000000002,0.8000000000000003,2307.0,11,235,0.7374202858073825,0.8432918749610954
0.9500000000000003,0.8000000000000003,0.40000000000000013,2311.0,61,194,0.7268103461651849,0.8087883619235753
0.9500000000000003,0.8500000000000002,0.02,2325.0,256,166,0.7451752548526742,0.7661737407746899
0.9500000000000003,0.9000000000000002,0.02,2325.0,256,166,0.7451752548526742,0.7661737407746899
0.9000000000000002,0.8500000000000002,0.7500000000000002,2343.0,16,228,0.7294046455336778,0.8344788583733594
0.9000000000000002,0.9000000000000002,0.7500000000000002,2343.0,16,228,0.7294046455336778,0.8344788583733594
0.9500000000000003,0.7000000000000002,0.5500000000000002,2343.0,31,208,0.7208707660320562,0.8156658503366567
0.9500000000000003,0.7000000000000002,0.5000000000000001,2344.0,32,208,0.7208707660320562,0.8153314849398337
0.9500000000000003,0.8000000000000003,0.45000000000000007,2346.0,47,201,0.7217924250182315,0.8105321100123885
0.9500000000000003,0.7500000000000002,0.5500000000000002,2352.0,30,209,0.7198125649738553,0.8155274018482764
0.9500000000000003,0.7500000000000002,0.5000000000000001,2353.0,31,209,0.7198125649738553,0.8151930364514536
0.9500000000000003,0.8500000000000002,0.01,2357.0,295,165,0.7458921007308105,0.7581988541233327
0.9500000000000003,0.9000000000000002,0.01,2357.0,295,165,0.7458921007308105,0.7581988541233327
0.9500000000000003,0.8500000000000002,0.40000000000000013,2361.0,61,199,0.7215193408741797,0.8053360725625446
0.9500000000000003,0.9000000000000002,0.40000000000000013,2361.0,61,199,0.7215193408741797,0.8053360725625446
0.9500000000000003,0.7000000000000002,0.6000000000000002,2366.0,26,212,0.7180033825195116,0.8157060242898742
0.8500000000000002,0.8500000000000002,0.8500000000000002,2374.0,8,245,0.7302518270260205,0.8397513213789737
0.9500000000000003,0.7500000000000002,0.6000000000000002,2375.0,25,213,0.7169451814613105,0.8155675758014939
0.9500000000000003,0.7000000000000002,0.6500000000000002,2382.0,21,215,0.7158528448851028,0.8161632997471496
0.9500000000000003,0.7500000000000002,0.6500000000000002,2391.0,20,216,0.7147946438269018,0.8160248512587693
0.9500000000000003,0.8500000000000002,0.45000000000000007,2396.0,47,206,0.7165014197272263,0.807079820651358
0.9500000000000003,0.9000000000000002,0.45000000000000007,2396.0,47,206,0.7165014197272263,0.807079820651358
0.9000000000000002,0.8000000000000003,0.8000000000000003,2407.0,11,240,0.7225092708963676,0.8321240892957528
0.9500000000000003,0.7000000000000002,0.7000000000000002,2423.0,20,221,0.7115517696162857,0.8139929710304291
0.9500000000000003,0.7500000000000002,0.7000000000000002,2432.0,19,222,0.7104935685580847,0.8138545225420489
0.9000000000000002,0.8500000000000002,0.8000000000000003,2457.0,11,245,0.7172182656053624,0.8286717999347223
0.9000000000000002,0.9000000000000002,0.8000000000000003,2457.0,11,245,0.7172182656053624,0.8286717999347223
0.9500000000000003,0.8000000000000003,0.5500000000000002,2460.0,28,220,0.7081723533336436,0.8091879582846051
0.9500000000000003,0.8000000000000003,0.5000000000000001,2461.0,29,220,0.7081723533336436,0.8088535928877821
0.9500000000000003,0.9500000000000003,0.08,2483.0,136,195,0.7158528448851028,0.7759050902830705
0.9500000000000003,0.9500000000000003,0.09,2483.0,136,195,0.7158528448851028,0.7759050902830705
0.9500000000000003,0.9500000000000003,0.09999999999999999,2483.0,136,195,0.7158528448851028,0.7759050902830705
0.9500000000000003,0.8000000000000003,0.6000000000000002,2483.0,23,224,0.7053049698210989,0.8092281322378225
0.9500000000000003,0.9500000000000003,0.06999999999999999,2486.0,139,195,0.7158528448851028,0.7750903793368343
0.9500000000000003,0.9500000000000003,0.15,2490.0,94,202,0.7108349237381496,0.7852805762892042
0.9500000000000003,0.9500000000000003,0.2,2490.0,94,202,0.7108349237381496,0.7852805762892042
0.9500000000000003,0.8000000000000003,0.6500000000000002,2499.0,18,227,0.7031544321866902,0.809685407695098
0.9500000000000003,0.8500000000000002,0.5500000000000002,2510.0,28,225,0.7028813480426384,0.8057356689235746
0.9500000000000003,0.9000000000000002,0.5500000000000002,2510.0,28,225,0.7028813480426384,0.8057356689235746
0.9500000000000003,0.8500000000000002,0.5000000000000001,2511.0,29,225,0.7028813480426384,0.8054013035267515
0.9500000000000003,0.9000000000000002,0.5000000000000001,2511.0,29,225,0.7028813480426384,0.8054013035267515
0.9500000000000003,0.7500000000000002,0.7500000000000002,2513.0,16,234,0.7018914180204502,0.8097505699844881
0.9500000000000003,0.9500000000000003,0.03,2518.0,192,192,0.7180033825195116,0.7624716001385682
0.9500000000000003,0.9500000000000003,0.05,2520.0,187,193,0.7172865366413754,0.763356423017422
0.9500000000000003,0.9500000000000003,0.060000000000000005,2520.0,187,193,0.7172865366413754,0.763356423017422
0.9500000000000003,0.9500000000000003,0.04,2522.0,189,193,0.7172865366413754,0.7628611215321891
0.9000000000000002,0.8500000000000002,0.8500000000000002,2524.0,8,255,0.7100498068240003,0.8251312463526005
0.9000000000000002,0.9000000000000002,0.8500000000000002,2524.0,8,255,0.7100498068240003,0.8251312463526005
0.9000000000000002,0.9000000000000002,0.9000000000000002,2524.0,8,255,0.7100498068240003,0.8251312463526005
0.9500000000000003,0.8500000000000002,0.6000000000000002,2533.0,23,229,0.7000139645300937,0.805775842876792
0.9500000000000003,0.9000000000000002,0.6000000000000002,2533.0,23,229,0.7000139645300937,0.805775842876792
0.9500000000000003,0.8000000000000003,0.7000000000000002,2540.0,17,233,0.6988533569178731,0.8075150789783776
0.9500000000000003,0.9500000000000003,0.25,2545.0,79,212,0.7036664649567875,0.7860764197126953
0.9500000000000003,0.8500000000000002,0.6500000000000002,2549.0,18,232,0.6978634268956849,0.8062331183340675
0.9500000000000003,0.9000000000000002,0.6500000000000002,2549.0,18,232,0.6978634268956849,0.8062331183340675
0.9500000000000003,0.9500000000000003,0.30000000000000004,2552.0,79,213,0.7029496190786513,0.7857030023604578
0.9500000000000003,0.9500000000000003,0.3500000000000001,2552.0,79,213,0.7029496190786513,0.7857030023604578
0.9500000000000003,0.9500000000000003,0.02,2575.0,256,191,0.7187202283976477,0.7479240431982498
0.9500000000000003,0.8500000000000002,0.7000000000000002,2590.0,17,238,0.6935623516268677,0.804062789617347
0.9500000000000003,0.9000000000000002,0.7000000000000002,2590.0,17,238,0.6935623516268677,0.804062789617347
0.9500000000000003,0.9500000000000003,0.01,2607.0,295,190,0.7194370742757838,0.7399491565468925
0.9500000000000003,0.9500000000000003,0.40000000000000013,2611.0,61,224,0.6950643144191532,0.7870863749861045
0.9500000000000003,0.8000000000000003,0.7500000000000002,2621.0,14,245,0.6902512063802386,0.8034111264208167
0.9500000000000003,0.9500000000000003,0.45000000000000007,2646.0,47,231,0.6900463932721997,0.7888301230749178
0.9500000000000003,0.8500000000000002,0.7500000000000002,2671.0,14,250,0.6849602010892334,0.7999588370597861
0.9500000000000003,0.9000000000000002,0.7500000000000002,2671.0,14,250,0.6849602010892334,0.7999588370597861
0.9500000000000003,0.8000000000000003,0.8000000000000003,2735.0,9,262,0.6780648264519232,0.7976040679821793
0.9500000000000003,0.9500000000000003,0.5500000000000002,2760.0,28,250,0.6764263215876118,0.7874859713471345
0.9500000000000003,0.9500000000000003,0.5000000000000001,2761.0,29,250,0.6764263215876118,0.7871516059503114
0.9500000000000003,0.9500000000000003,0.6000000000000002,2783.0,23,254,0.6735589380750672,0.7875261453003519
0.9500000000000003,0.8500000000000002,0.8000000000000003,2785.0,9,267,0.6727738211609179,0.7941517786211488
0.9500000000000003,0.9000000000000002,0.8000000000000003,2785.0,9,267,0.6727738211609179,0.7941517786211488
0.9500000000000003,0.9500000000000003,0.6500000000000002,2799.0,18,257,0.6714084004406585,0.7879834207576274
0.9500000000000003,0.9500000000000003,0.7000000000000002,2840.0,17,263,0.6671073251718412,0.7858130920409069
0.9500000000000003,0.8500000000000002,0.8500000000000002,2852.0,6,277,0.6656053623795559,0.7906112250390271
0.9500000000000003,0.9000000000000002,0.8500000000000002,2852.0,6,277,0.6656053623795559,0.7906112250390271
0.9500000000000003,0.9000000000000002,0.9000000000000002,2852.0,6,277,0.6656053623795559,0.7906112250390271
0.9500000000000003,0.9500000000000003,0.7500000000000002,2921.0,14,275,0.6585051746342069,0.781709139483346
0.9500000000000003,0.9500000000000003,0.8000000000000003,3035.0,9,292,0.6463187947058914,0.7759020810447087
0.9500000000000003,0.9500000000000003,0.8500000000000002,3102.0,6,302,0.6391503359245294,0.772361527462587
0.9500000000000003,0.9500000000000003,0.9000000000000002,3102.0,6,302,0.6391503359245294,0.772361527462587
0.9500000000000003,0.9500000000000003,0.9500000000000003,3364.0,2,340,0.6119101925553538,0.7552582820465732
